{
  "spdxVersion": "SPDX-2.3",
  "dataLicense": "CC0-1.0",
  "SPDXID": "SPDXRef-DOCUMENT",
  "name": "NeuS2 Dependency Manifest",
  "documentNamespace": "https://github.com/19reborn/NeuS2/spdx/081b8191d049158a8296bfcb15c7d9cf065540df",
  "packages": [
    {
      "name": "NeuS2",
      "SPDXID": "SPDXRef-Package-19reborn-NeuS2",
      "versionInfo": "081b8191d049158a8296bfcb15c7d9cf065540df",
      "downloadLocation": "git+https://github.com/19reborn/NeuS2.git@081b8191d049158a8296bfcb15c7d9cf065540df",
      "filesAnalyzed": false
    },
    {
      "name": "tinyexr",
      "SPDXID": "SPDXRef-Package-syoyo-tinyexr",
      "versionInfo": "3ffe5f9d5e673e6e8c378d59b306b2824993e705",
      "downloadLocation": "git+https://github.com/syoyo/tinyexr.git@3ffe5f9d5e673e6e8c378d59b306b2824993e705",
      "filesAnalyzed": false
    }
  ],
  "relationships": [
    {
      "spdxElementId": "SPDXRef-Package-19reborn-NeuS2",
      "relatedSpdxElement": "SPDXRef-Package-syoyo-tinyexr",
      "relationshipType": "DEPENDS_ON"
    }
  ]
}