{
  "spdxVersion": "SPDX-2.3",
  "dataLicense": "CC0-1.0",
  "SPDXID": "SPDXRef-DOCUMENT",
  "name": "OpenXRProvider_v2 Dependency Manifest",
  "documentNamespace": "https://github.com/1runeberg/OpenXRProvider_v2/spdx/c983fc203457a5123786ca12f40b91808a9f8868",
  "packages": [
    {
      "name": "OpenXRProvider_v2",
      "SPDXID": "SPDXRef-Package-1runeberg-OpenXRProvider_v2",
      "versionInfo": "c983fc203457a5123786ca12f40b91808a9f8868",
      "downloadLocation": "git+https://github.com/1runeberg/OpenXRProvider_v2.git@c983fc203457a5123786ca12f40b91808a9f8868",
      "filesAnalyzed": false
    },
    {
      "name": "tinygltf",
      "SPDXID": "SPDXRef-Package-syoyo-tinygltf",
      "versionInfo": "bdc37385f198c787ba143e18f01b06164f8c7d15",
      "downloadLocation": "git+https://github.com/syoyo/tinygltf.git@bdc37385f198c787ba143e18f01b06164f8c7d15",
      "filesAnalyzed": false
    }
  ],
  "relationships": [
    {
      "spdxElementId": "SPDXRef-Package-1runeberg-OpenXRProvider_v2",
      "relatedSpdxElement": "SPDXRef-Package-syoyo-tinygltf",
      "relationshipType": "DEPENDS_ON"
    }
  ]
}