{
  "spdxVersion": "SPDX-2.3",
  "dataLicense": "CC0-1.0",
  "SPDXID": "SPDXRef-DOCUMENT",
  "name": "relion Dependency Manifest",
  "documentNamespace": "https://github.com/3dem/relion/spdx/90852500ef5a155d7784055651468f9158f9b555",
  "packages": [
    {
      "name": "relion",
      "SPDXID": "SPDXRef-Package-3dem-relion",
      "versionInfo": "90852500ef5a155d7784055651468f9158f9b555",
      "downloadLocation": "git+https://github.com/3dem/relion.git@90852500ef5a155d7784055651468f9158f9b555",
      "filesAnalyzed": false
    },
    {
      "name": "filament",
      "SPDXID": "SPDXRef-Package-google-filament",
      "versionInfo": "e4ae96a2a191d3d20b1586641d1f6e0babc6aa5a",
      "downloadLocation": "git+https://github.com/google/filament.git@e4ae96a2a191d3d20b1586641d1f6e0babc6aa5a",
      "filesAnalyzed": false
    }
  ],
  "relationships": [
    {
      "spdxElementId": "SPDXRef-Package-3dem-relion",
      "relatedSpdxElement": "SPDXRef-Package-google-filament",
      "relationshipType": "DEPENDS_ON"
    }
  ]
}