{
  "spdxVersion": "SPDX-2.3",
  "dataLicense": "CC0-1.0",
  "SPDXID": "SPDXRef-DOCUMENT",
  "name": "xtracer Dependency Manifest",
  "documentNamespace": "https://github.com/4rknova/xtracer/spdx/76275126622e4af362bb8961755027348be1be0e",
  "packages": [
    {
      "name": "xtracer",
      "SPDXID": "SPDXRef-Package-4rknova-xtracer",
      "versionInfo": "76275126622e4af362bb8961755027348be1be0e",
      "downloadLocation": "git+https://github.com/4rknova/xtracer.git@76275126622e4af362bb8961755027348be1be0e",
      "filesAnalyzed": false
    },
    {
      "name": "tinyexr",
      "SPDXID": "SPDXRef-Package-syoyo-tinyexr",
      "versionInfo": "3ffe5f9d5e673e6e8c378d59b306b2824993e705",
      "downloadLocation": "git+https://github.com/syoyo/tinyexr.git@3ffe5f9d5e673e6e8c378d59b306b2824993e705",
      "filesAnalyzed": false
    }
  ],
  "relationships": [
    {
      "spdxElementId": "SPDXRef-Package-4rknova-xtracer",
      "relatedSpdxElement": "SPDXRef-Package-syoyo-tinyexr",
      "relationshipType": "DEPENDS_ON"
    }
  ]
}