{
  "spdxVersion": "SPDX-2.3",
  "dataLicense": "CC0-1.0",
  "SPDXID": "SPDXRef-DOCUMENT",
  "name": "OpenShadingLanguage Dependency Manifest",
  "documentNamespace": "https://github.com/AcademySoftwareFoundation/OpenShadingLanguage/spdx/bd96957b2c22f43208cd95731ec382d55cda9336",
  "packages": [
    {
      "name": "OpenShadingLanguage",
      "SPDXID": "SPDXRef-Package-AcademySoftwareFoundation-OpenShadingLanguage",
      "versionInfo": "bd96957b2c22f43208cd95731ec382d55cda9336",
      "downloadLocation": "git+https://github.com/AcademySoftwareFoundation/OpenShadingLanguage.git@bd96957b2c22f43208cd95731ec382d55cda9336",
      "filesAnalyzed": false
    },
    {
      "name": "Raytracer",
      "SPDXID": "SPDXRef-Package-Witek902-Raytracer",
      "versionInfo": "3e38a82a5ea28e64793e98efc5b8e2643ceb8e9d",
      "downloadLocation": "git+https://github.com/Witek902/Raytracer.git@3e38a82a5ea28e64793e98efc5b8e2643ceb8e9d",
      "filesAnalyzed": false
    }
  ],
  "relationships": [
    {
      "spdxElementId": "SPDXRef-Package-AcademySoftwareFoundation-OpenShadingLanguage",
      "relatedSpdxElement": "SPDXRef-Package-Witek902-Raytracer",
      "relationshipType": "DEPENDS_ON"
    }
  ]
}