{
  "spdxVersion": "SPDX-2.3",
  "dataLicense": "CC0-1.0",
  "SPDXID": "SPDXRef-DOCUMENT",
  "name": "hdrv Dependency Manifest",
  "documentNamespace": "https://github.com/Acly/hdrv/spdx/0d68b52b8b25f8f67731f1ef41cce240c31e4031",
  "packages": [
    {
      "name": "hdrv",
      "SPDXID": "SPDXRef-Package-Acly-hdrv",
      "versionInfo": "0d68b52b8b25f8f67731f1ef41cce240c31e4031",
      "downloadLocation": "git+https://github.com/Acly/hdrv.git@0d68b52b8b25f8f67731f1ef41cce240c31e4031",
      "filesAnalyzed": false
    },
    {
      "name": "tinyexr",
      "SPDXID": "SPDXRef-Package-syoyo-tinyexr",
      "versionInfo": "3ffe5f9d5e673e6e8c378d59b306b2824993e705",
      "downloadLocation": "git+https://github.com/syoyo/tinyexr.git@3ffe5f9d5e673e6e8c378d59b306b2824993e705",
      "filesAnalyzed": false
    }
  ],
  "relationships": [
    {
      "spdxElementId": "SPDXRef-Package-Acly-hdrv",
      "relatedSpdxElement": "SPDXRef-Package-syoyo-tinyexr",
      "relationshipType": "DEPENDS_ON"
    }
  ]
}