{
  "spdxVersion": "SPDX-2.3",
  "dataLicense": "CC0-1.0",
  "SPDXID": "SPDXRef-DOCUMENT",
  "name": "SparseVoxelOctree Dependency Manifest",
  "documentNamespace": "https://github.com/AdamYuan/SparseVoxelOctree/spdx/eaa4319c166184654055fa0d9a1859549a3244eb",
  "packages": [
    {
      "name": "SparseVoxelOctree",
      "SPDXID": "SPDXRef-Package-AdamYuan-SparseVoxelOctree",
      "versionInfo": "eaa4319c166184654055fa0d9a1859549a3244eb",
      "downloadLocation": "git+https://github.com/AdamYuan/SparseVoxelOctree.git@eaa4319c166184654055fa0d9a1859549a3244eb",
      "filesAnalyzed": false
    },
    {
      "name": "tinyexr",
      "SPDXID": "SPDXRef-Package-syoyo-tinyexr",
      "versionInfo": "3ffe5f9d5e673e6e8c378d59b306b2824993e705",
      "downloadLocation": "git+https://github.com/syoyo/tinyexr.git@3ffe5f9d5e673e6e8c378d59b306b2824993e705",
      "filesAnalyzed": false
    }
  ],
  "relationships": [
    {
      "spdxElementId": "SPDXRef-Package-AdamYuan-SparseVoxelOctree",
      "relatedSpdxElement": "SPDXRef-Package-syoyo-tinyexr",
      "relationshipType": "DEPENDS_ON"
    }
  ]
}