{
  "spdxVersion": "SPDX-2.3",
  "dataLicense": "CC0-1.0",
  "SPDXID": "SPDXRef-DOCUMENT",
  "name": "lagrange Dependency Manifest",
  "documentNamespace": "https://github.com/adobe/lagrange/spdx/cf7782d6391f2d3d25466b430be25b65335785fc",
  "packages": [
    {
      "name": "lagrange",
      "SPDXID": "SPDXRef-Package-adobe-lagrange",
      "versionInfo": "cf7782d6391f2d3d25466b430be25b65335785fc",
      "downloadLocation": "git+https://github.com/adobe/lagrange.git@cf7782d6391f2d3d25466b430be25b65335785fc",
      "filesAnalyzed": false
    },
    {
      "name": "tinyexr",
      "SPDXID": "SPDXRef-Package-syoyo-tinyexr",
      "versionInfo": "3ffe5f9d5e673e6e8c378d59b306b2824993e705",
      "downloadLocation": "git+https://github.com/syoyo/tinyexr.git@3ffe5f9d5e673e6e8c378d59b306b2824993e705",
      "filesAnalyzed": false
    }
  ],
  "relationships": [
    {
      "spdxElementId": "SPDXRef-Package-adobe-lagrange",
      "relatedSpdxElement": "SPDXRef-Package-syoyo-tinyexr",
      "relationshipType": "DEPENDS_ON"
    }
  ]
}