{
  "spdxVersion": "SPDX-2.3",
  "dataLicense": "CC0-1.0",
  "SPDXID": "SPDXRef-DOCUMENT",
  "name": "crossbridge Dependency Manifest",
  "documentNamespace": "https://github.com/adobe-flash/crossbridge/spdx/8edfb144bfe52bee6799ad14929e3e00cb4f2226",
  "packages": [
    {
      "name": "crossbridge",
      "SPDXID": "SPDXRef-Package-adobe-flash-crossbridge",
      "versionInfo": "8edfb144bfe52bee6799ad14929e3e00cb4f2226",
      "downloadLocation": "git+https://github.com/adobe-flash/crossbridge.git@8edfb144bfe52bee6799ad14929e3e00cb4f2226",
      "filesAnalyzed": false
    },
    {
      "name": "Raytracer",
      "SPDXID": "SPDXRef-Package-Witek902-Raytracer",
      "versionInfo": "3e38a82a5ea28e64793e98efc5b8e2643ceb8e9d",
      "downloadLocation": "git+https://github.com/Witek902/Raytracer.git@3e38a82a5ea28e64793e98efc5b8e2643ceb8e9d",
      "filesAnalyzed": false
    }
  ],
  "relationships": [
    {
      "spdxElementId": "SPDXRef-Package-adobe-flash-crossbridge",
      "relatedSpdxElement": "SPDXRef-Package-Witek902-Raytracer",
      "relationshipType": "DEPENDS_ON"
    }
  ]
}