{
  "spdxVersion": "SPDX-2.3",
  "dataLicense": "CC0-1.0",
  "SPDXID": "SPDXRef-DOCUMENT",
  "name": "UnityRayTracingPlugin Dependency Manifest",
  "documentNamespace": "https://github.com/afuzzyllama/UnityRayTracingPlugin/spdx/0d77cc5cea927df72583d8a0c9910af383bdeab4",
  "packages": [
    {
      "name": "UnityRayTracingPlugin",
      "SPDXID": "SPDXRef-Package-afuzzyllama-UnityRayTracingPlugin",
      "versionInfo": "0d77cc5cea927df72583d8a0c9910af383bdeab4",
      "downloadLocation": "git+https://github.com/afuzzyllama/UnityRayTracingPlugin.git@0d77cc5cea927df72583d8a0c9910af383bdeab4",
      "filesAnalyzed": false
    },
    {
      "name": "Raytracer",
      "SPDXID": "SPDXRef-Package-Witek902-Raytracer",
      "versionInfo": "3e38a82a5ea28e64793e98efc5b8e2643ceb8e9d",
      "downloadLocation": "git+https://github.com/Witek902/Raytracer.git@3e38a82a5ea28e64793e98efc5b8e2643ceb8e9d",
      "filesAnalyzed": false
    }
  ],
  "relationships": [
    {
      "spdxElementId": "SPDXRef-Package-afuzzyllama-UnityRayTracingPlugin",
      "relatedSpdxElement": "SPDXRef-Package-Witek902-Raytracer",
      "relationshipType": "DEPENDS_ON"
    }
  ]
}