{
  "spdxVersion": "SPDX-2.3",
  "dataLicense": "CC0-1.0",
  "SPDXID": "SPDXRef-DOCUMENT",
  "name": "TFG Dependency Manifest",
  "documentNamespace": "https://github.com/agarciamontoro/TFG/spdx/2dc7c0b8bffaa3432f53c704fe749e48529f97e9",
  "packages": [
    {
      "name": "TFG",
      "SPDXID": "SPDXRef-Package-agarciamontoro-TFG",
      "versionInfo": "2dc7c0b8bffaa3432f53c704fe749e48529f97e9",
      "downloadLocation": "git+https://github.com/agarciamontoro/TFG.git@2dc7c0b8bffaa3432f53c704fe749e48529f97e9",
      "filesAnalyzed": false
    },
    {
      "name": "Raytracer",
      "SPDXID": "SPDXRef-Package-Witek902-Raytracer",
      "versionInfo": "3e38a82a5ea28e64793e98efc5b8e2643ceb8e9d",
      "downloadLocation": "git+https://github.com/Witek902/Raytracer.git@3e38a82a5ea28e64793e98efc5b8e2643ceb8e9d",
      "filesAnalyzed": false
    }
  ],
  "relationships": [
    {
      "spdxElementId": "SPDXRef-Package-agarciamontoro-TFG",
      "relatedSpdxElement": "SPDXRef-Package-Witek902-Raytracer",
      "relationshipType": "DEPENDS_ON"
    }
  ]
}