{
  "spdxVersion": "SPDX-2.3",
  "dataLicense": "CC0-1.0",
  "SPDXID": "SPDXRef-DOCUMENT",
  "name": "Btrc Dependency Manifest",
  "documentNamespace": "https://github.com/AirGuanZ/Btrc/spdx/0a01737ca36595e6b7bdd2b3275da74cf504b08d",
  "packages": [
    {
      "name": "Btrc",
      "SPDXID": "SPDXRef-Package-AirGuanZ-Btrc",
      "versionInfo": "0a01737ca36595e6b7bdd2b3275da74cf504b08d",
      "downloadLocation": "git+https://github.com/AirGuanZ/Btrc.git@0a01737ca36595e6b7bdd2b3275da74cf504b08d",
      "filesAnalyzed": false
    },
    {
      "name": "tinyexr",
      "SPDXID": "SPDXRef-Package-syoyo-tinyexr",
      "versionInfo": "3ffe5f9d5e673e6e8c378d59b306b2824993e705",
      "downloadLocation": "git+https://github.com/syoyo/tinyexr.git@3ffe5f9d5e673e6e8c378d59b306b2824993e705",
      "filesAnalyzed": false
    }
  ],
  "relationships": [
    {
      "spdxElementId": "SPDXRef-Package-AirGuanZ-Btrc",
      "relatedSpdxElement": "SPDXRef-Package-syoyo-tinyexr",
      "relationshipType": "DEPENDS_ON"
    }
  ]
}