{
  "spdxVersion": "SPDX-2.3",
  "dataLicense": "CC0-1.0",
  "SPDXID": "SPDXRef-DOCUMENT",
  "name": "Alchemy Dependency Manifest",
  "documentNamespace": "https://github.com/AlchemyViewer/Alchemy/spdx/180fb068be6636476077cfdbc02b70a98bef0045",
  "packages": [
    {
      "name": "Alchemy",
      "SPDXID": "SPDXRef-Package-AlchemyViewer-Alchemy",
      "versionInfo": "180fb068be6636476077cfdbc02b70a98bef0045",
      "downloadLocation": "git+https://github.com/AlchemyViewer/Alchemy.git@180fb068be6636476077cfdbc02b70a98bef0045",
      "filesAnalyzed": false
    },
    {
      "name": "tinygltf",
      "SPDXID": "SPDXRef-Package-syoyo-tinygltf",
      "versionInfo": "bdc37385f198c787ba143e18f01b06164f8c7d15",
      "downloadLocation": "git+https://github.com/syoyo/tinygltf.git@bdc37385f198c787ba143e18f01b06164f8c7d15",
      "filesAnalyzed": false
    }
  ],
  "relationships": [
    {
      "spdxElementId": "SPDXRef-Package-AlchemyViewer-Alchemy",
      "relatedSpdxElement": "SPDXRef-Package-syoyo-tinygltf",
      "relationshipType": "DEPENDS_ON"
    }
  ]
}