{
  "spdxVersion": "SPDX-2.3",
  "dataLicense": "CC0-1.0",
  "SPDXID": "SPDXRef-DOCUMENT",
  "name": "bookresources Dependency Manifest",
  "documentNamespace": "https://github.com/alecnunn/bookresources/spdx/4562f6430af5afffde790c42d0f3a33176d8003b",
  "packages": [
    {
      "name": "bookresources",
      "SPDXID": "SPDXRef-Package-alecnunn-bookresources",
      "versionInfo": "4562f6430af5afffde790c42d0f3a33176d8003b",
      "downloadLocation": "git+https://github.com/alecnunn/bookresources.git@4562f6430af5afffde790c42d0f3a33176d8003b",
      "filesAnalyzed": false
    },
    {
      "name": "Raytracer",
      "SPDXID": "SPDXRef-Package-Witek902-Raytracer",
      "versionInfo": "3e38a82a5ea28e64793e98efc5b8e2643ceb8e9d",
      "downloadLocation": "git+https://github.com/Witek902/Raytracer.git@3e38a82a5ea28e64793e98efc5b8e2643ceb8e9d",
      "filesAnalyzed": false
    }
  ],
  "relationships": [
    {
      "spdxElementId": "SPDXRef-Package-alecnunn-bookresources",
      "relatedSpdxElement": "SPDXRef-Package-Witek902-Raytracer",
      "relationshipType": "DEPENDS_ON"
    }
  ]
}