{
  "spdxVersion": "SPDX-2.3",
  "dataLicense": "CC0-1.0",
  "SPDXID": "SPDXRef-DOCUMENT",
  "name": "AliOS-Things Dependency Manifest",
  "documentNamespace": "https://github.com/alibaba/AliOS-Things/spdx/a99f20706f9c666903a12a205edce13263b1fadb",
  "packages": [
    {
      "name": "AliOS-Things",
      "SPDXID": "SPDXRef-Package-alibaba-AliOS-Things",
      "versionInfo": "a99f20706f9c666903a12a205edce13263b1fadb",
      "downloadLocation": "git+https://github.com/alibaba/AliOS-Things.git@a99f20706f9c666903a12a205edce13263b1fadb",
      "filesAnalyzed": false
    },
    {
      "name": "OpenSource",
      "SPDXID": "SPDXRef-Package-JanThorbecke-OpenSource",
      "versionInfo": "a156046a3e11fa160775acb8256c0ac596de0422",
      "downloadLocation": "git+https://github.com/JanThorbecke/OpenSource.git@a156046a3e11fa160775acb8256c0ac596de0422",
      "filesAnalyzed": false
    }
  ],
  "relationships": [
    {
      "spdxElementId": "SPDXRef-Package-alibaba-AliOS-Things",
      "relatedSpdxElement": "SPDXRef-Package-JanThorbecke-OpenSource",
      "relationshipType": "DEPENDS_ON"
    }
  ]
}