{
  "spdxVersion": "SPDX-2.3",
  "dataLicense": "CC0-1.0",
  "SPDXID": "SPDXRef-DOCUMENT",
  "name": "Cavalry Dependency Manifest",
  "documentNamespace": "https://github.com/AmesingFlank/Cavalry/spdx/9f43f475304d4ebf94e4f98fbe028956f28bf9c9",
  "packages": [
    {
      "name": "Cavalry",
      "SPDXID": "SPDXRef-Package-AmesingFlank-Cavalry",
      "versionInfo": "9f43f475304d4ebf94e4f98fbe028956f28bf9c9",
      "downloadLocation": "git+https://github.com/AmesingFlank/Cavalry.git@9f43f475304d4ebf94e4f98fbe028956f28bf9c9",
      "filesAnalyzed": false
    },
    {
      "name": "tinyexr",
      "SPDXID": "SPDXRef-Package-syoyo-tinyexr",
      "versionInfo": "3ffe5f9d5e673e6e8c378d59b306b2824993e705",
      "downloadLocation": "git+https://github.com/syoyo/tinyexr.git@3ffe5f9d5e673e6e8c378d59b306b2824993e705",
      "filesAnalyzed": false
    }
  ],
  "relationships": [
    {
      "spdxElementId": "SPDXRef-Package-AmesingFlank-Cavalry",
      "relatedSpdxElement": "SPDXRef-Package-syoyo-tinyexr",
      "relationshipType": "DEPENDS_ON"
    }
  ]
}