{
  "spdxVersion": "SPDX-2.3",
  "dataLicense": "CC0-1.0",
  "SPDXID": "SPDXRef-DOCUMENT",
  "name": "csm Dependency Manifest",
  "documentNamespace": "https://github.com/AndreaCensi/csm/spdx/dff25579014ee156fe6b1209b56f9f2ee3e56ad1",
  "packages": [
    {
      "name": "csm",
      "SPDXID": "SPDXRef-Package-AndreaCensi-csm",
      "versionInfo": "dff25579014ee156fe6b1209b56f9f2ee3e56ad1",
      "downloadLocation": "git+https://github.com/AndreaCensi/csm.git@dff25579014ee156fe6b1209b56f9f2ee3e56ad1",
      "filesAnalyzed": false
    },
    {
      "name": "Raytracer",
      "SPDXID": "SPDXRef-Package-Witek902-Raytracer",
      "versionInfo": "3e38a82a5ea28e64793e98efc5b8e2643ceb8e9d",
      "downloadLocation": "git+https://github.com/Witek902/Raytracer.git@3e38a82a5ea28e64793e98efc5b8e2643ceb8e9d",
      "filesAnalyzed": false
    }
  ],
  "relationships": [
    {
      "spdxElementId": "SPDXRef-Package-AndreaCensi-csm",
      "relatedSpdxElement": "SPDXRef-Package-Witek902-Raytracer",
      "relationshipType": "DEPENDS_ON"
    }
  ]
}