{
  "spdxVersion": "SPDX-2.3",
  "dataLicense": "CC0-1.0",
  "SPDXID": "SPDXRef-DOCUMENT",
  "name": "Torque6 Dependency Manifest",
  "documentNamespace": "https://github.com/andr3wmac/Torque6/spdx/db6cd08f18f4917e0c6557b2766fb40d8e2bee39",
  "packages": [
    {
      "name": "Torque6",
      "SPDXID": "SPDXRef-Package-andr3wmac-Torque6",
      "versionInfo": "db6cd08f18f4917e0c6557b2766fb40d8e2bee39",
      "downloadLocation": "git+https://github.com/andr3wmac/Torque6.git@db6cd08f18f4917e0c6557b2766fb40d8e2bee39",
      "filesAnalyzed": false
    },
    {
      "name": "tinyexr",
      "SPDXID": "SPDXRef-Package-syoyo-tinyexr",
      "versionInfo": "3ffe5f9d5e673e6e8c378d59b306b2824993e705",
      "downloadLocation": "git+https://github.com/syoyo/tinyexr.git@3ffe5f9d5e673e6e8c378d59b306b2824993e705",
      "filesAnalyzed": false
    }
  ],
  "relationships": [
    {
      "spdxElementId": "SPDXRef-Package-andr3wmac-Torque6",
      "relatedSpdxElement": "SPDXRef-Package-syoyo-tinyexr",
      "relationshipType": "DEPENDS_ON"
    }
  ]
}