{
  "spdxVersion": "SPDX-2.3",
  "dataLicense": "CC0-1.0",
  "SPDXID": "SPDXRef-DOCUMENT",
  "name": "psdr-jit Dependency Manifest",
  "documentNamespace": "https://github.com/andyyankai/psdr-jit/spdx/476ba6ef39e24474e85953ba3743bb0b967c797e",
  "packages": [
    {
      "name": "psdr-jit",
      "SPDXID": "SPDXRef-Package-andyyankai-psdr-jit",
      "versionInfo": "476ba6ef39e24474e85953ba3743bb0b967c797e",
      "downloadLocation": "git+https://github.com/andyyankai/psdr-jit.git@476ba6ef39e24474e85953ba3743bb0b967c797e",
      "filesAnalyzed": false
    },
    {
      "name": "tinyexr",
      "SPDXID": "SPDXRef-Package-syoyo-tinyexr",
      "versionInfo": "3ffe5f9d5e673e6e8c378d59b306b2824993e705",
      "downloadLocation": "git+https://github.com/syoyo/tinyexr.git@3ffe5f9d5e673e6e8c378d59b306b2824993e705",
      "filesAnalyzed": false
    }
  ],
  "relationships": [
    {
      "spdxElementId": "SPDXRef-Package-andyyankai-psdr-jit",
      "relatedSpdxElement": "SPDXRef-Package-syoyo-tinyexr",
      "relationshipType": "DEPENDS_ON"
    }
  ]
}