{
  "spdxVersion": "SPDX-2.3",
  "dataLicense": "CC0-1.0",
  "SPDXID": "SPDXRef-DOCUMENT",
  "name": "antkeeper-source Dependency Manifest",
  "documentNamespace": "https://github.com/antkeeper/antkeeper-source/spdx/ff20922d4d6cbaea7f4c334d4d117e951d700a13",
  "packages": [
    {
      "name": "antkeeper-source",
      "SPDXID": "SPDXRef-Package-antkeeper-antkeeper-source",
      "versionInfo": "ff20922d4d6cbaea7f4c334d4d117e951d700a13",
      "downloadLocation": "git+https://github.com/antkeeper/antkeeper-source.git@ff20922d4d6cbaea7f4c334d4d117e951d700a13",
      "filesAnalyzed": false
    },
    {
      "name": "tinyexr",
      "SPDXID": "SPDXRef-Package-syoyo-tinyexr",
      "versionInfo": "3ffe5f9d5e673e6e8c378d59b306b2824993e705",
      "downloadLocation": "git+https://github.com/syoyo/tinyexr.git@3ffe5f9d5e673e6e8c378d59b306b2824993e705",
      "filesAnalyzed": false
    }
  ],
  "relationships": [
    {
      "spdxElementId": "SPDXRef-Package-antkeeper-antkeeper-source",
      "relatedSpdxElement": "SPDXRef-Package-syoyo-tinyexr",
      "relationshipType": "DEPENDS_ON"
    }
  ]
}