{
  "spdxVersion": "SPDX-2.3",
  "dataLicense": "CC0-1.0",
  "SPDXID": "SPDXRef-DOCUMENT",
  "name": "Ray-Tracing-Gems-II Dependency Manifest",
  "documentNamespace": "https://github.com/Apress/Ray-Tracing-Gems-II/spdx/4685b9982ed8eab08291826bd7280488e81a7ed1",
  "packages": [
    {
      "name": "Ray-Tracing-Gems-II",
      "SPDXID": "SPDXRef-Package-Apress-Ray-Tracing-Gems-II",
      "versionInfo": "4685b9982ed8eab08291826bd7280488e81a7ed1",
      "downloadLocation": "git+https://github.com/Apress/Ray-Tracing-Gems-II.git@4685b9982ed8eab08291826bd7280488e81a7ed1",
      "filesAnalyzed": false
    },
    {
      "name": "tinygltf",
      "SPDXID": "SPDXRef-Package-syoyo-tinygltf",
      "versionInfo": "bdc37385f198c787ba143e18f01b06164f8c7d15",
      "downloadLocation": "git+https://github.com/syoyo/tinygltf.git@bdc37385f198c787ba143e18f01b06164f8c7d15",
      "filesAnalyzed": false
    }
  ],
  "relationships": [
    {
      "spdxElementId": "SPDXRef-Package-Apress-Ray-Tracing-Gems-II",
      "relatedSpdxElement": "SPDXRef-Package-syoyo-tinygltf",
      "relationshipType": "DEPENDS_ON"
    }
  ]
}