{
  "spdxVersion": "SPDX-2.3",
  "dataLicense": "CC0-1.0",
  "SPDXID": "SPDXRef-DOCUMENT",
  "name": "astc-encoder Dependency Manifest",
  "documentNamespace": "https://github.com/ARM-software/astc-encoder/spdx/701503966b1ac2ebd2616cba94adee5ae8ba6363",
  "packages": [
    {
      "name": "astc-encoder",
      "SPDXID": "SPDXRef-Package-ARM-software-astc-encoder",
      "versionInfo": "701503966b1ac2ebd2616cba94adee5ae8ba6363",
      "downloadLocation": "git+https://github.com/ARM-software/astc-encoder.git@701503966b1ac2ebd2616cba94adee5ae8ba6363",
      "filesAnalyzed": false
    },
    {
      "name": "tinyexr",
      "SPDXID": "SPDXRef-Package-syoyo-tinyexr",
      "versionInfo": "3ffe5f9d5e673e6e8c378d59b306b2824993e705",
      "downloadLocation": "git+https://github.com/syoyo/tinyexr.git@3ffe5f9d5e673e6e8c378d59b306b2824993e705",
      "filesAnalyzed": false
    }
  ],
  "relationships": [
    {
      "spdxElementId": "SPDXRef-Package-ARM-software-astc-encoder",
      "relatedSpdxElement": "SPDXRef-Package-syoyo-tinyexr",
      "relationshipType": "DEPENDS_ON"
    }
  ]
}