{
  "spdxVersion": "SPDX-2.3",
  "dataLicense": "CC0-1.0",
  "SPDXID": "SPDXRef-DOCUMENT",
  "name": "Blaze Dependency Manifest",
  "documentNamespace": "https://github.com/asiroisvigneux/Blaze/spdx/acbe2572430b124b994db536781a8983104bf1ba",
  "packages": [
    {
      "name": "Blaze",
      "SPDXID": "SPDXRef-Package-asiroisvigneux-Blaze",
      "versionInfo": "acbe2572430b124b994db536781a8983104bf1ba",
      "downloadLocation": "git+https://github.com/asiroisvigneux/Blaze.git@acbe2572430b124b994db536781a8983104bf1ba",
      "filesAnalyzed": false
    },
    {
      "name": "tinyexr",
      "SPDXID": "SPDXRef-Package-syoyo-tinyexr",
      "versionInfo": "3ffe5f9d5e673e6e8c378d59b306b2824993e705",
      "downloadLocation": "git+https://github.com/syoyo/tinyexr.git@3ffe5f9d5e673e6e8c378d59b306b2824993e705",
      "filesAnalyzed": false
    }
  ],
  "relationships": [
    {
      "spdxElementId": "SPDXRef-Package-asiroisvigneux-Blaze",
      "relatedSpdxElement": "SPDXRef-Package-syoyo-tinyexr",
      "relationshipType": "DEPENDS_ON"
    }
  ]
}