{
  "spdxVersion": "SPDX-2.3",
  "dataLicense": "CC0-1.0",
  "SPDXID": "SPDXRef-DOCUMENT",
  "name": "ALightGPU Dependency Manifest",
  "documentNamespace": "https://github.com/Asixa/ALightGPU/spdx/f3141855b8e557323d8fb0f32db7ced4383f77bc",
  "packages": [
    {
      "name": "ALightGPU",
      "SPDXID": "SPDXRef-Package-Asixa-ALightGPU",
      "versionInfo": "f3141855b8e557323d8fb0f32db7ced4383f77bc",
      "downloadLocation": "git+https://github.com/Asixa/ALightGPU.git@f3141855b8e557323d8fb0f32db7ced4383f77bc",
      "filesAnalyzed": false
    },
    {
      "name": "Raytracer",
      "SPDXID": "SPDXRef-Package-Witek902-Raytracer",
      "versionInfo": "3e38a82a5ea28e64793e98efc5b8e2643ceb8e9d",
      "downloadLocation": "git+https://github.com/Witek902/Raytracer.git@3e38a82a5ea28e64793e98efc5b8e2643ceb8e9d",
      "filesAnalyzed": false
    }
  ],
  "relationships": [
    {
      "spdxElementId": "SPDXRef-Package-Asixa-ALightGPU",
      "relatedSpdxElement": "SPDXRef-Package-Witek902-Raytracer",
      "relationshipType": "DEPENDS_ON"
    }
  ]
}