{
  "spdxVersion": "SPDX-2.3",
  "dataLicense": "CC0-1.0",
  "SPDXID": "SPDXRef-DOCUMENT",
  "name": "lajolla_public Dependency Manifest",
  "documentNamespace": "https://github.com/BachiLi/lajolla_public/spdx/bed978a3ab5b80dbf52e0bae3feeecc39499c769",
  "packages": [
    {
      "name": "lajolla_public",
      "SPDXID": "SPDXRef-Package-BachiLi-lajolla_public",
      "versionInfo": "bed978a3ab5b80dbf52e0bae3feeecc39499c769",
      "downloadLocation": "git+https://github.com/BachiLi/lajolla_public.git@bed978a3ab5b80dbf52e0bae3feeecc39499c769",
      "filesAnalyzed": false
    },
    {
      "name": "tinyexr",
      "SPDXID": "SPDXRef-Package-syoyo-tinyexr",
      "versionInfo": "3ffe5f9d5e673e6e8c378d59b306b2824993e705",
      "downloadLocation": "git+https://github.com/syoyo/tinyexr.git@3ffe5f9d5e673e6e8c378d59b306b2824993e705",
      "filesAnalyzed": false
    }
  ],
  "relationships": [
    {
      "spdxElementId": "SPDXRef-Package-BachiLi-lajolla_public",
      "relatedSpdxElement": "SPDXRef-Package-syoyo-tinyexr",
      "relationshipType": "DEPENDS_ON"
    }
  ]
}