{
  "spdxVersion": "SPDX-2.3",
  "dataLicense": "CC0-1.0",
  "SPDXID": "SPDXRef-DOCUMENT",
  "name": "renderdoc Dependency Manifest",
  "documentNamespace": "https://github.com/baldurk/renderdoc/spdx/c3142d1fc6e8119eebcda19ba0e35704c5777928",
  "packages": [
    {
      "name": "renderdoc",
      "SPDXID": "SPDXRef-Package-baldurk-renderdoc",
      "versionInfo": "c3142d1fc6e8119eebcda19ba0e35704c5777928",
      "downloadLocation": "git+https://github.com/baldurk/renderdoc.git@c3142d1fc6e8119eebcda19ba0e35704c5777928",
      "filesAnalyzed": false
    },
    {
      "name": "tinyexr",
      "SPDXID": "SPDXRef-Package-syoyo-tinyexr",
      "versionInfo": "3ffe5f9d5e673e6e8c378d59b306b2824993e705",
      "downloadLocation": "git+https://github.com/syoyo/tinyexr.git@3ffe5f9d5e673e6e8c378d59b306b2824993e705",
      "filesAnalyzed": false
    }
  ],
  "relationships": [
    {
      "spdxElementId": "SPDXRef-Package-baldurk-renderdoc",
      "relatedSpdxElement": "SPDXRef-Package-syoyo-tinyexr",
      "relationshipType": "DEPENDS_ON"
    }
  ]
}