{
  "spdxVersion": "SPDX-2.3",
  "dataLicense": "CC0-1.0",
  "SPDXID": "SPDXRef-DOCUMENT",
  "name": "HDR_Toolbox Dependency Manifest",
  "documentNamespace": "https://github.com/banterle/HDR_Toolbox/spdx/44b49135997da489cd639076814c578b22e87582",
  "packages": [
    {
      "name": "HDR_Toolbox",
      "SPDXID": "SPDXRef-Package-banterle-HDR_Toolbox",
      "versionInfo": "44b49135997da489cd639076814c578b22e87582",
      "downloadLocation": "git+https://github.com/banterle/HDR_Toolbox.git@44b49135997da489cd639076814c578b22e87582",
      "filesAnalyzed": false
    },
    {
      "name": "tinyexr",
      "SPDXID": "SPDXRef-Package-syoyo-tinyexr",
      "versionInfo": "3ffe5f9d5e673e6e8c378d59b306b2824993e705",
      "downloadLocation": "git+https://github.com/syoyo/tinyexr.git@3ffe5f9d5e673e6e8c378d59b306b2824993e705",
      "filesAnalyzed": false
    }
  ],
  "relationships": [
    {
      "spdxElementId": "SPDXRef-Package-banterle-HDR_Toolbox",
      "relatedSpdxElement": "SPDXRef-Package-syoyo-tinyexr",
      "relationshipType": "DEPENDS_ON"
    }
  ]
}