{
  "spdxVersion": "SPDX-2.3",
  "dataLicense": "CC0-1.0",
  "SPDXID": "SPDXRef-DOCUMENT",
  "name": "3D-Tiles-For-Godot Dependency Manifest",
  "documentNamespace": "https://github.com/Battle-Road-Labs/3D-Tiles-For-Godot/spdx/c7efa53466b1a498b4f6a14b106d12fc070fa1f5",
  "packages": [
    {
      "name": "3D-Tiles-For-Godot",
      "SPDXID": "SPDXRef-Package-Battle-Road-Labs-3D-Tiles-For-Godot",
      "versionInfo": "c7efa53466b1a498b4f6a14b106d12fc070fa1f5",
      "downloadLocation": "git+https://github.com/Battle-Road-Labs/3D-Tiles-For-Godot.git@c7efa53466b1a498b4f6a14b106d12fc070fa1f5",
      "filesAnalyzed": false
    },
    {
      "name": "godot",
      "SPDXID": "SPDXRef-Package-godotengine-godot",
      "versionInfo": "5cba18ff3bbe5adc9b4a8d7e970084979014b5f4",
      "downloadLocation": "git+https://github.com/godotengine/godot.git@5cba18ff3bbe5adc9b4a8d7e970084979014b5f4",
      "filesAnalyzed": false
    }
  ],
  "relationships": [
    {
      "spdxElementId": "SPDXRef-Package-Battle-Road-Labs-3D-Tiles-For-Godot",
      "relatedSpdxElement": "SPDXRef-Package-godotengine-godot",
      "relationshipType": "DEPENDS_ON"
    }
  ]
}