{
  "spdxVersion": "SPDX-2.3",
  "dataLicense": "CC0-1.0",
  "SPDXID": "SPDXRef-DOCUMENT",
  "name": "Vulcanite Dependency Manifest",
  "documentNamespace": "https://github.com/bdwhst/Vulcanite/spdx/3a48aa479a288b656f04ac9fb1ea5a1272050bfa",
  "packages": [
    {
      "name": "Vulcanite",
      "SPDXID": "SPDXRef-Package-bdwhst-Vulcanite",
      "versionInfo": "3a48aa479a288b656f04ac9fb1ea5a1272050bfa",
      "downloadLocation": "git+https://github.com/bdwhst/Vulcanite.git@3a48aa479a288b656f04ac9fb1ea5a1272050bfa",
      "filesAnalyzed": false
    },
    {
      "name": "tinygltf",
      "SPDXID": "SPDXRef-Package-syoyo-tinygltf",
      "versionInfo": "bdc37385f198c787ba143e18f01b06164f8c7d15",
      "downloadLocation": "git+https://github.com/syoyo/tinygltf.git@bdc37385f198c787ba143e18f01b06164f8c7d15",
      "filesAnalyzed": false
    }
  ],
  "relationships": [
    {
      "spdxElementId": "SPDXRef-Package-bdwhst-Vulcanite",
      "relatedSpdxElement": "SPDXRef-Package-syoyo-tinygltf",
      "relationshipType": "DEPENDS_ON"
    }
  ]
}