{
  "spdxVersion": "SPDX-2.3",
  "dataLicense": "CC0-1.0",
  "SPDXID": "SPDXRef-DOCUMENT",
  "name": "vulkan Dependency Manifest",
  "documentNamespace": "https://github.com/beaumanvienna/vulkan/spdx/665ce36ad3c04f3d78d888e4918190bf18d6d34a",
  "packages": [
    {
      "name": "vulkan",
      "SPDXID": "SPDXRef-Package-beaumanvienna-vulkan",
      "versionInfo": "665ce36ad3c04f3d78d888e4918190bf18d6d34a",
      "downloadLocation": "git+https://github.com/beaumanvienna/vulkan.git@665ce36ad3c04f3d78d888e4918190bf18d6d34a",
      "filesAnalyzed": false
    },
    {
      "name": "tinygltf",
      "SPDXID": "SPDXRef-Package-syoyo-tinygltf",
      "versionInfo": "bdc37385f198c787ba143e18f01b06164f8c7d15",
      "downloadLocation": "git+https://github.com/syoyo/tinygltf.git@bdc37385f198c787ba143e18f01b06164f8c7d15",
      "filesAnalyzed": false
    }
  ],
  "relationships": [
    {
      "spdxElementId": "SPDXRef-Package-beaumanvienna-vulkan",
      "relatedSpdxElement": "SPDXRef-Package-syoyo-tinygltf",
      "relationshipType": "DEPENDS_ON"
    }
  ]
}