{
  "spdxVersion": "SPDX-2.3",
  "dataLicense": "CC0-1.0",
  "SPDXID": "SPDXRef-DOCUMENT",
  "name": "CovarianceTracing Dependency Manifest",
  "documentNamespace": "https://github.com/belcour/CovarianceTracing/spdx/60b5cfd82d7b0fa9a623743551ff8cf9595adf07",
  "packages": [
    {
      "name": "CovarianceTracing",
      "SPDXID": "SPDXRef-Package-belcour-CovarianceTracing",
      "versionInfo": "60b5cfd82d7b0fa9a623743551ff8cf9595adf07",
      "downloadLocation": "git+https://github.com/belcour/CovarianceTracing.git@60b5cfd82d7b0fa9a623743551ff8cf9595adf07",
      "filesAnalyzed": false
    },
    {
      "name": "tinyexr",
      "SPDXID": "SPDXRef-Package-syoyo-tinyexr",
      "versionInfo": "3ffe5f9d5e673e6e8c378d59b306b2824993e705",
      "downloadLocation": "git+https://github.com/syoyo/tinyexr.git@3ffe5f9d5e673e6e8c378d59b306b2824993e705",
      "filesAnalyzed": false
    }
  ],
  "relationships": [
    {
      "spdxElementId": "SPDXRef-Package-belcour-CovarianceTracing",
      "relatedSpdxElement": "SPDXRef-Package-syoyo-tinyexr",
      "relationshipType": "DEPENDS_ON"
    }
  ]
}