{
  "spdxVersion": "SPDX-2.3",
  "dataLicense": "CC0-1.0",
  "SPDXID": "SPDXRef-DOCUMENT",
  "name": "Atmos Dependency Manifest",
  "documentNamespace": "https://github.com/BentleyBlanks/Atmos/spdx/8f0fc0eaeab35d4c6576a010753e1217e765544b",
  "packages": [
    {
      "name": "Atmos",
      "SPDXID": "SPDXRef-Package-BentleyBlanks-Atmos",
      "versionInfo": "8f0fc0eaeab35d4c6576a010753e1217e765544b",
      "downloadLocation": "git+https://github.com/BentleyBlanks/Atmos.git@8f0fc0eaeab35d4c6576a010753e1217e765544b",
      "filesAnalyzed": false
    },
    {
      "name": "tinyexr",
      "SPDXID": "SPDXRef-Package-syoyo-tinyexr",
      "versionInfo": "3ffe5f9d5e673e6e8c378d59b306b2824993e705",
      "downloadLocation": "git+https://github.com/syoyo/tinyexr.git@3ffe5f9d5e673e6e8c378d59b306b2824993e705",
      "filesAnalyzed": false
    }
  ],
  "relationships": [
    {
      "spdxElementId": "SPDXRef-Package-BentleyBlanks-Atmos",
      "relatedSpdxElement": "SPDXRef-Package-syoyo-tinyexr",
      "relationshipType": "DEPENDS_ON"
    }
  ]
}