{
  "spdxVersion": "SPDX-2.3",
  "dataLicense": "CC0-1.0",
  "SPDXID": "SPDXRef-DOCUMENT",
  "name": "basis_universal Dependency Manifest",
  "documentNamespace": "https://github.com/BinomialLLC/basis_universal/spdx/be7d16f172110d547c80a8233e9fbdf8799ef84a",
  "packages": [
    {
      "name": "basis_universal",
      "SPDXID": "SPDXRef-Package-BinomialLLC-basis_universal",
      "versionInfo": "be7d16f172110d547c80a8233e9fbdf8799ef84a",
      "downloadLocation": "git+https://github.com/BinomialLLC/basis_universal.git@be7d16f172110d547c80a8233e9fbdf8799ef84a",
      "filesAnalyzed": false
    },
    {
      "name": "tinyexr",
      "SPDXID": "SPDXRef-Package-syoyo-tinyexr",
      "versionInfo": "3ffe5f9d5e673e6e8c378d59b306b2824993e705",
      "downloadLocation": "git+https://github.com/syoyo/tinyexr.git@3ffe5f9d5e673e6e8c378d59b306b2824993e705",
      "filesAnalyzed": false
    }
  ],
  "relationships": [
    {
      "spdxElementId": "SPDXRef-Package-BinomialLLC-basis_universal",
      "relatedSpdxElement": "SPDXRef-Package-syoyo-tinyexr",
      "relationshipType": "DEPENDS_ON"
    }
  ]
}