{
  "spdxVersion": "SPDX-2.3",
  "dataLicense": "CC0-1.0",
  "SPDXID": "SPDXRef-DOCUMENT",
  "name": "ESP32Lib Dependency Manifest",
  "documentNamespace": "https://github.com/bitluni/ESP32Lib/spdx/35b17d26f3ed03962b98fb8d0693a994d01bbc70",
  "packages": [
    {
      "name": "ESP32Lib",
      "SPDXID": "SPDXRef-Package-bitluni-ESP32Lib",
      "versionInfo": "35b17d26f3ed03962b98fb8d0693a994d01bbc70",
      "downloadLocation": "git+https://github.com/bitluni/ESP32Lib.git@35b17d26f3ed03962b98fb8d0693a994d01bbc70",
      "filesAnalyzed": false
    },
    {
      "name": "Raytracer",
      "SPDXID": "SPDXRef-Package-Witek902-Raytracer",
      "versionInfo": "3e38a82a5ea28e64793e98efc5b8e2643ceb8e9d",
      "downloadLocation": "git+https://github.com/Witek902/Raytracer.git@3e38a82a5ea28e64793e98efc5b8e2643ceb8e9d",
      "filesAnalyzed": false
    }
  ],
  "relationships": [
    {
      "spdxElementId": "SPDXRef-Package-bitluni-ESP32Lib",
      "relatedSpdxElement": "SPDXRef-Package-Witek902-Raytracer",
      "relationshipType": "DEPENDS_ON"
    }
  ]
}