{
  "spdxVersion": "SPDX-2.3",
  "dataLicense": "CC0-1.0",
  "SPDXID": "SPDXRef-DOCUMENT",
  "name": "cycles Dependency Manifest",
  "documentNamespace": "https://github.com/blender/cycles/spdx/2eba4102417439e59e03003f1dff881192cbd75f",
  "packages": [
    {
      "name": "cycles",
      "SPDXID": "SPDXRef-Package-blender-cycles",
      "versionInfo": "2eba4102417439e59e03003f1dff881192cbd75f",
      "downloadLocation": "git+https://github.com/blender/cycles.git@2eba4102417439e59e03003f1dff881192cbd75f",
      "filesAnalyzed": false
    },
    {
      "name": "embree",
      "SPDXID": "SPDXRef-Package-RenderKit-embree",
      "versionInfo": "d436cb396bd5d66aa147cf8165074f04cbd27436",
      "downloadLocation": "git+https://github.com/RenderKit/embree.git@d436cb396bd5d66aa147cf8165074f04cbd27436",
      "filesAnalyzed": false
    }
  ],
  "relationships": [
    {
      "spdxElementId": "SPDXRef-Package-blender-cycles",
      "relatedSpdxElement": "SPDXRef-Package-RenderKit-embree",
      "relationshipType": "DEPENDS_ON"
    }
  ]
}