{
  "spdxVersion": "SPDX-2.3",
  "dataLicense": "CC0-1.0",
  "SPDXID": "SPDXRef-DOCUMENT",
  "name": "blender Dependency Manifest",
  "documentNamespace": "https://github.com/blender/blender/spdx/4478dd3f9a484e9faa09fc676b2d776505eaaec5",
  "packages": [
    {
      "name": "blender",
      "SPDXID": "SPDXRef-Package-blender-blender",
      "versionInfo": "4478dd3f9a484e9faa09fc676b2d776505eaaec5",
      "downloadLocation": "git+https://github.com/blender/blender.git@4478dd3f9a484e9faa09fc676b2d776505eaaec5",
      "filesAnalyzed": false
    },
    {
      "name": "embree",
      "SPDXID": "SPDXRef-Package-RenderKit-embree",
      "versionInfo": "d436cb396bd5d66aa147cf8165074f04cbd27436",
      "downloadLocation": "git+https://github.com/RenderKit/embree.git@d436cb396bd5d66aa147cf8165074f04cbd27436",
      "filesAnalyzed": false
    }
  ],
  "relationships": [
    {
      "spdxElementId": "SPDXRef-Package-blender-blender",
      "relatedSpdxElement": "SPDXRef-Package-RenderKit-embree",
      "relationshipType": "DEPENDS_ON"
    }
  ]
}