{
  "spdxVersion": "SPDX-2.3",
  "dataLicense": "CC0-1.0",
  "SPDXID": "SPDXRef-DOCUMENT",
  "name": "libsgd Dependency Manifest",
  "documentNamespace": "https://github.com/blitz-research/libsgd/spdx/cd3c63dd87d81ee62431b8172f9efc71fe6524fe",
  "packages": [
    {
      "name": "libsgd",
      "SPDXID": "SPDXRef-Package-blitz-research-libsgd",
      "versionInfo": "cd3c63dd87d81ee62431b8172f9efc71fe6524fe",
      "downloadLocation": "git+https://github.com/blitz-research/libsgd.git@cd3c63dd87d81ee62431b8172f9efc71fe6524fe",
      "filesAnalyzed": false
    },
    {
      "name": "tinyexr",
      "SPDXID": "SPDXRef-Package-syoyo-tinyexr",
      "versionInfo": "3ffe5f9d5e673e6e8c378d59b306b2824993e705",
      "downloadLocation": "git+https://github.com/syoyo/tinyexr.git@3ffe5f9d5e673e6e8c378d59b306b2824993e705",
      "filesAnalyzed": false
    }
  ],
  "relationships": [
    {
      "spdxElementId": "SPDXRef-Package-blitz-research-libsgd",
      "relatedSpdxElement": "SPDXRef-Package-syoyo-tinyexr",
      "relationshipType": "DEPENDS_ON"
    }
  ]
}