{
  "spdxVersion": "SPDX-2.3",
  "dataLicense": "CC0-1.0",
  "SPDXID": "SPDXRef-DOCUMENT",
  "name": "Brayns Dependency Manifest",
  "documentNamespace": "https://github.com/BlueBrain/Brayns/spdx/747afcdfcc8c939d25e904a4092ed225e174ca67",
  "packages": [
    {
      "name": "Brayns",
      "SPDXID": "SPDXRef-Package-BlueBrain-Brayns",
      "versionInfo": "747afcdfcc8c939d25e904a4092ed225e174ca67",
      "downloadLocation": "git+https://github.com/BlueBrain/Brayns.git@747afcdfcc8c939d25e904a4092ed225e174ca67",
      "filesAnalyzed": false
    },
    {
      "name": "tinyexr",
      "SPDXID": "SPDXRef-Package-syoyo-tinyexr",
      "versionInfo": "3ffe5f9d5e673e6e8c378d59b306b2824993e705",
      "downloadLocation": "git+https://github.com/syoyo/tinyexr.git@3ffe5f9d5e673e6e8c378d59b306b2824993e705",
      "filesAnalyzed": false
    }
  ],
  "relationships": [
    {
      "spdxElementId": "SPDXRef-Package-BlueBrain-Brayns",
      "relatedSpdxElement": "SPDXRef-Package-syoyo-tinyexr",
      "relationshipType": "DEPENDS_ON"
    }
  ]
}