{
  "spdxVersion": "SPDX-2.3",
  "dataLicense": "CC0-1.0",
  "SPDXID": "SPDXRef-DOCUMENT",
  "name": "Bohge_Engine Dependency Manifest",
  "documentNamespace": "https://github.com/bohge/Bohge_Engine/spdx/7695a8633260652035e56842ea75c9013258c5a1",
  "packages": [
    {
      "name": "Bohge_Engine",
      "SPDXID": "SPDXRef-Package-bohge-Bohge_Engine",
      "versionInfo": "7695a8633260652035e56842ea75c9013258c5a1",
      "downloadLocation": "git+https://github.com/bohge/Bohge_Engine.git@7695a8633260652035e56842ea75c9013258c5a1",
      "filesAnalyzed": false
    },
    {
      "name": "Raytracer",
      "SPDXID": "SPDXRef-Package-Witek902-Raytracer",
      "versionInfo": "3e38a82a5ea28e64793e98efc5b8e2643ceb8e9d",
      "downloadLocation": "git+https://github.com/Witek902/Raytracer.git@3e38a82a5ea28e64793e98efc5b8e2643ceb8e9d",
      "filesAnalyzed": false
    }
  ],
  "relationships": [
    {
      "spdxElementId": "SPDXRef-Package-bohge-Bohge_Engine",
      "relatedSpdxElement": "SPDXRef-Package-Witek902-Raytracer",
      "relationshipType": "DEPENDS_ON"
    }
  ]
}