{
  "spdxVersion": "SPDX-2.3",
  "dataLicense": "CC0-1.0",
  "SPDXID": "SPDXRef-DOCUMENT",
  "name": "referencePT Dependency Manifest",
  "documentNamespace": "https://github.com/boksajak/referencePT/spdx/c949ad2b854ea2e982dd50aab889131fd1ffd0d7",
  "packages": [
    {
      "name": "referencePT",
      "SPDXID": "SPDXRef-Package-boksajak-referencePT",
      "versionInfo": "c949ad2b854ea2e982dd50aab889131fd1ffd0d7",
      "downloadLocation": "git+https://github.com/boksajak/referencePT.git@c949ad2b854ea2e982dd50aab889131fd1ffd0d7",
      "filesAnalyzed": false
    },
    {
      "name": "tinygltf",
      "SPDXID": "SPDXRef-Package-syoyo-tinygltf",
      "versionInfo": "bdc37385f198c787ba143e18f01b06164f8c7d15",
      "downloadLocation": "git+https://github.com/syoyo/tinygltf.git@bdc37385f198c787ba143e18f01b06164f8c7d15",
      "filesAnalyzed": false
    }
  ],
  "relationships": [
    {
      "spdxElementId": "SPDXRef-Package-boksajak-referencePT",
      "relatedSpdxElement": "SPDXRef-Package-syoyo-tinygltf",
      "relationshipType": "DEPENDS_ON"
    }
  ]
}