{
  "spdxVersion": "SPDX-2.3",
  "dataLicense": "CC0-1.0",
  "SPDXID": "SPDXRef-DOCUMENT",
  "name": "gpu-pathtracer Dependency Manifest",
  "documentNamespace": "https://github.com/brickray/gpu-pathtracer/spdx/4a8ef9d88224deced40b9505e3bf420afd0483f9",
  "packages": [
    {
      "name": "gpu-pathtracer",
      "SPDXID": "SPDXRef-Package-brickray-gpu-pathtracer",
      "versionInfo": "4a8ef9d88224deced40b9505e3bf420afd0483f9",
      "downloadLocation": "git+https://github.com/brickray/gpu-pathtracer.git@4a8ef9d88224deced40b9505e3bf420afd0483f9",
      "filesAnalyzed": false
    },
    {
      "name": "tinyexr",
      "SPDXID": "SPDXRef-Package-syoyo-tinyexr",
      "versionInfo": "3ffe5f9d5e673e6e8c378d59b306b2824993e705",
      "downloadLocation": "git+https://github.com/syoyo/tinyexr.git@3ffe5f9d5e673e6e8c378d59b306b2824993e705",
      "filesAnalyzed": false
    }
  ],
  "relationships": [
    {
      "spdxElementId": "SPDXRef-Package-brickray-gpu-pathtracer",
      "relatedSpdxElement": "SPDXRef-Package-syoyo-tinyexr",
      "relationshipType": "DEPENDS_ON"
    }
  ]
}