{
  "spdxVersion": "SPDX-2.3",
  "dataLicense": "CC0-1.0",
  "SPDXID": "SPDXRef-DOCUMENT",
  "name": "bae Dependency Manifest",
  "documentNamespace": "https://github.com/BruOp/bae/spdx/2c29bc6d3cbadcd0ded190e935be6d247b598b9e",
  "packages": [
    {
      "name": "bae",
      "SPDXID": "SPDXRef-Package-BruOp-bae",
      "versionInfo": "2c29bc6d3cbadcd0ded190e935be6d247b598b9e",
      "downloadLocation": "git+https://github.com/BruOp/bae.git@2c29bc6d3cbadcd0ded190e935be6d247b598b9e",
      "filesAnalyzed": false
    },
    {
      "name": "tinygltf",
      "SPDXID": "SPDXRef-Package-syoyo-tinygltf",
      "versionInfo": "bdc37385f198c787ba143e18f01b06164f8c7d15",
      "downloadLocation": "git+https://github.com/syoyo/tinygltf.git@bdc37385f198c787ba143e18f01b06164f8c7d15",
      "filesAnalyzed": false
    }
  ],
  "relationships": [
    {
      "spdxElementId": "SPDXRef-Package-BruOp-bae",
      "relatedSpdxElement": "SPDXRef-Package-syoyo-tinygltf",
      "relationshipType": "DEPENDS_ON"
    }
  ]
}