{
  "spdxVersion": "SPDX-2.3",
  "dataLicense": "CC0-1.0",
  "SPDXID": "SPDXRef-DOCUMENT",
  "name": "books Dependency Manifest",
  "documentNamespace": "https://github.com/burakbayramli/books/spdx/c38b27958de91e907ac128b98a759fc20fc1bb88",
  "packages": [
    {
      "name": "books",
      "SPDXID": "SPDXRef-Package-burakbayramli-books",
      "versionInfo": "c38b27958de91e907ac128b98a759fc20fc1bb88",
      "downloadLocation": "git+https://github.com/burakbayramli/books.git@c38b27958de91e907ac128b98a759fc20fc1bb88",
      "filesAnalyzed": false
    },
    {
      "name": "Raytracer",
      "SPDXID": "SPDXRef-Package-Witek902-Raytracer",
      "versionInfo": "3e38a82a5ea28e64793e98efc5b8e2643ceb8e9d",
      "downloadLocation": "git+https://github.com/Witek902/Raytracer.git@3e38a82a5ea28e64793e98efc5b8e2643ceb8e9d",
      "filesAnalyzed": false
    }
  ],
  "relationships": [
    {
      "spdxElementId": "SPDXRef-Package-burakbayramli-books",
      "relatedSpdxElement": "SPDXRef-Package-Witek902-Raytracer",
      "relationshipType": "DEPENDS_ON"
    }
  ]
}