{
  "spdxVersion": "SPDX-2.3",
  "dataLicense": "CC0-1.0",
  "SPDXID": "SPDXRef-DOCUMENT",
  "name": "Fornos Dependency Manifest",
  "documentNamespace": "https://github.com/caosdoar/Fornos/spdx/3a74f0e0516a5656165bbc36f01c5770ef72402f",
  "packages": [
    {
      "name": "Fornos",
      "SPDXID": "SPDXRef-Package-caosdoar-Fornos",
      "versionInfo": "3a74f0e0516a5656165bbc36f01c5770ef72402f",
      "downloadLocation": "git+https://github.com/caosdoar/Fornos.git@3a74f0e0516a5656165bbc36f01c5770ef72402f",
      "filesAnalyzed": false
    },
    {
      "name": "tinyexr",
      "SPDXID": "SPDXRef-Package-syoyo-tinyexr",
      "versionInfo": "3ffe5f9d5e673e6e8c378d59b306b2824993e705",
      "downloadLocation": "git+https://github.com/syoyo/tinyexr.git@3ffe5f9d5e673e6e8c378d59b306b2824993e705",
      "filesAnalyzed": false
    }
  ],
  "relationships": [
    {
      "spdxElementId": "SPDXRef-Package-caosdoar-Fornos",
      "relatedSpdxElement": "SPDXRef-Package-syoyo-tinyexr",
      "relationshipType": "DEPENDS_ON"
    }
  ]
}