{
  "spdxVersion": "SPDX-2.3",
  "dataLicense": "CC0-1.0",
  "SPDXID": "SPDXRef-DOCUMENT",
  "name": "CERT Dependency Manifest",
  "documentNamespace": "https://github.com/cdgiessen/CERT/spdx/1d686bbf8468d9ad22c5d45bec0f41ed901ebfa2",
  "packages": [
    {
      "name": "CERT",
      "SPDXID": "SPDXRef-Package-cdgiessen-CERT",
      "versionInfo": "1d686bbf8468d9ad22c5d45bec0f41ed901ebfa2",
      "downloadLocation": "git+https://github.com/cdgiessen/CERT.git@1d686bbf8468d9ad22c5d45bec0f41ed901ebfa2",
      "filesAnalyzed": false
    },
    {
      "name": "Raytracer",
      "SPDXID": "SPDXRef-Package-Witek902-Raytracer",
      "versionInfo": "3e38a82a5ea28e64793e98efc5b8e2643ceb8e9d",
      "downloadLocation": "git+https://github.com/Witek902/Raytracer.git@3e38a82a5ea28e64793e98efc5b8e2643ceb8e9d",
      "filesAnalyzed": false
    }
  ],
  "relationships": [
    {
      "spdxElementId": "SPDXRef-Package-cdgiessen-CERT",
      "relatedSpdxElement": "SPDXRef-Package-Witek902-Raytracer",
      "relationshipType": "DEPENDS_ON"
    }
  ]
}