{
  "spdxVersion": "SPDX-2.3",
  "dataLicense": "CC0-1.0",
  "SPDXID": "SPDXRef-DOCUMENT",
  "name": "Cinder Dependency Manifest",
  "documentNamespace": "https://github.com/cinder/Cinder/spdx/48b16b726fb20a7389f2a56fa71db909f8856fa3",
  "packages": [
    {
      "name": "Cinder",
      "SPDXID": "SPDXRef-Package-cinder-Cinder",
      "versionInfo": "48b16b726fb20a7389f2a56fa71db909f8856fa3",
      "downloadLocation": "git+https://github.com/cinder/Cinder.git@48b16b726fb20a7389f2a56fa71db909f8856fa3",
      "filesAnalyzed": false
    },
    {
      "name": "tinyexr",
      "SPDXID": "SPDXRef-Package-syoyo-tinyexr",
      "versionInfo": "3ffe5f9d5e673e6e8c378d59b306b2824993e705",
      "downloadLocation": "git+https://github.com/syoyo/tinyexr.git@3ffe5f9d5e673e6e8c378d59b306b2824993e705",
      "filesAnalyzed": false
    }
  ],
  "relationships": [
    {
      "spdxElementId": "SPDXRef-Package-cinder-Cinder",
      "relatedSpdxElement": "SPDXRef-Package-syoyo-tinyexr",
      "relationshipType": "DEPENDS_ON"
    }
  ]
}