{
  "spdxVersion": "SPDX-2.3",
  "dataLicense": "CC0-1.0",
  "SPDXID": "SPDXRef-DOCUMENT",
  "name": "EquilibriumEngine Dependency Manifest",
  "documentNamespace": "https://github.com/clibequilibrium/EquilibriumEngine/spdx/09c41464a67492d60f7266402bb0a569fe861f55",
  "packages": [
    {
      "name": "EquilibriumEngine",
      "SPDXID": "SPDXRef-Package-clibequilibrium-EquilibriumEngine",
      "versionInfo": "09c41464a67492d60f7266402bb0a569fe861f55",
      "downloadLocation": "git+https://github.com/clibequilibrium/EquilibriumEngine.git@09c41464a67492d60f7266402bb0a569fe861f55",
      "filesAnalyzed": false
    },
    {
      "name": "tinyexr",
      "SPDXID": "SPDXRef-Package-syoyo-tinyexr",
      "versionInfo": "3ffe5f9d5e673e6e8c378d59b306b2824993e705",
      "downloadLocation": "git+https://github.com/syoyo/tinyexr.git@3ffe5f9d5e673e6e8c378d59b306b2824993e705",
      "filesAnalyzed": false
    }
  ],
  "relationships": [
    {
      "spdxElementId": "SPDXRef-Package-clibequilibrium-EquilibriumEngine",
      "relatedSpdxElement": "SPDXRef-Package-syoyo-tinyexr",
      "relationshipType": "DEPENDS_ON"
    }
  ]
}