{
  "spdxVersion": "SPDX-2.3",
  "dataLicense": "CC0-1.0",
  "SPDXID": "SPDXRef-DOCUMENT",
  "name": "mgfx Dependency Manifest",
  "documentNamespace": "https://github.com/cmaughan/mgfx/spdx/488453333f23b38b22ba06b984615a8069dadcbf",
  "packages": [
    {
      "name": "mgfx",
      "SPDXID": "SPDXRef-Package-cmaughan-mgfx",
      "versionInfo": "488453333f23b38b22ba06b984615a8069dadcbf",
      "downloadLocation": "git+https://github.com/cmaughan/mgfx.git@488453333f23b38b22ba06b984615a8069dadcbf",
      "filesAnalyzed": false
    },
    {
      "name": "Raytracer",
      "SPDXID": "SPDXRef-Package-Witek902-Raytracer",
      "versionInfo": "3e38a82a5ea28e64793e98efc5b8e2643ceb8e9d",
      "downloadLocation": "git+https://github.com/Witek902/Raytracer.git@3e38a82a5ea28e64793e98efc5b8e2643ceb8e9d",
      "filesAnalyzed": false
    }
  ],
  "relationships": [
    {
      "spdxElementId": "SPDXRef-Package-cmaughan-mgfx",
      "relatedSpdxElement": "SPDXRef-Package-Witek902-Raytracer",
      "relationshipType": "DEPENDS_ON"
    }
  ]
}