{
  "spdxVersion": "SPDX-2.3",
  "dataLicense": "CC0-1.0",
  "SPDXID": "SPDXRef-DOCUMENT",
  "name": "Scotty3D Dependency Manifest",
  "documentNamespace": "https://github.com/CMU-Graphics/Scotty3D/spdx/48e8399714e1f3538996eb983116ff9199bbed90",
  "packages": [
    {
      "name": "Scotty3D",
      "SPDXID": "SPDXRef-Package-CMU-Graphics-Scotty3D",
      "versionInfo": "48e8399714e1f3538996eb983116ff9199bbed90",
      "downloadLocation": "git+https://github.com/CMU-Graphics/Scotty3D.git@48e8399714e1f3538996eb983116ff9199bbed90",
      "filesAnalyzed": false
    },
    {
      "name": "tinyexr",
      "SPDXID": "SPDXRef-Package-syoyo-tinyexr",
      "versionInfo": "3ffe5f9d5e673e6e8c378d59b306b2824993e705",
      "downloadLocation": "git+https://github.com/syoyo/tinyexr.git@3ffe5f9d5e673e6e8c378d59b306b2824993e705",
      "filesAnalyzed": false
    }
  ],
  "relationships": [
    {
      "spdxElementId": "SPDXRef-Package-CMU-Graphics-Scotty3D",
      "relatedSpdxElement": "SPDXRef-Package-syoyo-tinyexr",
      "relationshipType": "DEPENDS_ON"
    }
  ]
}