{
  "spdxVersion": "SPDX-2.3",
  "dataLicense": "CC0-1.0",
  "SPDXID": "SPDXRef-DOCUMENT",
  "name": "MitsubaToFRenderer Dependency Manifest",
  "documentNamespace": "https://github.com/cmu-ci-lab/MitsubaToFRenderer/spdx/f4afa680c7a88a43f605606adee793325a4627d1",
  "packages": [
    {
      "name": "MitsubaToFRenderer",
      "SPDXID": "SPDXRef-Package-cmu-ci-lab-MitsubaToFRenderer",
      "versionInfo": "f4afa680c7a88a43f605606adee793325a4627d1",
      "downloadLocation": "git+https://github.com/cmu-ci-lab/MitsubaToFRenderer.git@f4afa680c7a88a43f605606adee793325a4627d1",
      "filesAnalyzed": false
    },
    {
      "name": "tinyexr",
      "SPDXID": "SPDXRef-Package-syoyo-tinyexr",
      "versionInfo": "3ffe5f9d5e673e6e8c378d59b306b2824993e705",
      "downloadLocation": "git+https://github.com/syoyo/tinyexr.git@3ffe5f9d5e673e6e8c378d59b306b2824993e705",
      "filesAnalyzed": false
    }
  ],
  "relationships": [
    {
      "spdxElementId": "SPDXRef-Package-cmu-ci-lab-MitsubaToFRenderer",
      "relatedSpdxElement": "SPDXRef-Package-syoyo-tinyexr",
      "relationshipType": "DEPENDS_ON"
    }
  ]
}