{
  "spdxVersion": "SPDX-2.3",
  "dataLicense": "CC0-1.0",
  "SPDXID": "SPDXRef-DOCUMENT",
  "name": "DrawSVG Dependency Manifest",
  "documentNamespace": "https://github.com/cmu462/DrawSVG/spdx/d0d8dbf3af7d7195eceea7139b817bc9e9757e29",
  "packages": [
    {
      "name": "DrawSVG",
      "SPDXID": "SPDXRef-Package-cmu462-DrawSVG",
      "versionInfo": "d0d8dbf3af7d7195eceea7139b817bc9e9757e29",
      "downloadLocation": "git+https://github.com/cmu462/DrawSVG.git@d0d8dbf3af7d7195eceea7139b817bc9e9757e29",
      "filesAnalyzed": false
    },
    {
      "name": "tinyexr",
      "SPDXID": "SPDXRef-Package-syoyo-tinyexr",
      "versionInfo": "3ffe5f9d5e673e6e8c378d59b306b2824993e705",
      "downloadLocation": "git+https://github.com/syoyo/tinyexr.git@3ffe5f9d5e673e6e8c378d59b306b2824993e705",
      "filesAnalyzed": false
    }
  ],
  "relationships": [
    {
      "spdxElementId": "SPDXRef-Package-cmu462-DrawSVG",
      "relatedSpdxElement": "SPDXRef-Package-syoyo-tinyexr",
      "relationshipType": "DEPENDS_ON"
    }
  ]
}