{
  "spdxVersion": "SPDX-2.3",
  "dataLicense": "CC0-1.0",
  "SPDXID": "SPDXRef-DOCUMENT",
  "name": "computecpp-sdk Dependency Manifest",
  "documentNamespace": "https://github.com/codeplaysoftware/computecpp-sdk/spdx/fb9b7bab63511cab1a41219618d94db4246eddda",
  "packages": [
    {
      "name": "computecpp-sdk",
      "SPDXID": "SPDXRef-Package-codeplaysoftware-computecpp-sdk",
      "versionInfo": "fb9b7bab63511cab1a41219618d94db4246eddda",
      "downloadLocation": "git+https://github.com/codeplaysoftware/computecpp-sdk.git@fb9b7bab63511cab1a41219618d94db4246eddda",
      "filesAnalyzed": false
    },
    {
      "name": "Cinder",
      "SPDXID": "SPDXRef-Package-cinder-Cinder",
      "versionInfo": "48b16b726fb20a7389f2a56fa71db909f8856fa3",
      "downloadLocation": "git+https://github.com/cinder/Cinder.git@48b16b726fb20a7389f2a56fa71db909f8856fa3",
      "filesAnalyzed": false
    }
  ],
  "relationships": [
    {
      "spdxElementId": "SPDXRef-Package-codeplaysoftware-computecpp-sdk",
      "relatedSpdxElement": "SPDXRef-Package-cinder-Cinder",
      "relationshipType": "DEPENDS_ON"
    }
  ]
}