{
  "spdxVersion": "SPDX-2.3",
  "dataLicense": "CC0-1.0",
  "SPDXID": "SPDXRef-DOCUMENT",
  "name": "Bamboo Dependency Manifest",
  "documentNamespace": "https://github.com/Code-Guy/Bamboo/spdx/0da6a7369b87220bb2b517e4a1a6f31290befffd",
  "packages": [
    {
      "name": "Bamboo",
      "SPDXID": "SPDXRef-Package-Code-Guy-Bamboo",
      "versionInfo": "0da6a7369b87220bb2b517e4a1a6f31290befffd",
      "downloadLocation": "git+https://github.com/Code-Guy/Bamboo.git@0da6a7369b87220bb2b517e4a1a6f31290befffd",
      "filesAnalyzed": false
    },
    {
      "name": "tinygltf",
      "SPDXID": "SPDXRef-Package-syoyo-tinygltf",
      "versionInfo": "bdc37385f198c787ba143e18f01b06164f8c7d15",
      "downloadLocation": "git+https://github.com/syoyo/tinygltf.git@bdc37385f198c787ba143e18f01b06164f8c7d15",
      "filesAnalyzed": false
    }
  ],
  "relationships": [
    {
      "spdxElementId": "SPDXRef-Package-Code-Guy-Bamboo",
      "relatedSpdxElement": "SPDXRef-Package-syoyo-tinygltf",
      "relationshipType": "DEPENDS_ON"
    }
  ]
}