{
  "spdxVersion": "SPDX-2.3",
  "dataLicense": "CC0-1.0",
  "SPDXID": "SPDXRef-DOCUMENT",
  "name": "godot-orchestrator Dependency Manifest",
  "documentNamespace": "https://github.com/CraterCrash/godot-orchestrator/spdx/612eab6e8daca48306b5162a24030c74dcca65b6",
  "packages": [
    {
      "name": "godot-orchestrator",
      "SPDXID": "SPDXRef-Package-CraterCrash-godot-orchestrator",
      "versionInfo": "612eab6e8daca48306b5162a24030c74dcca65b6",
      "downloadLocation": "git+https://github.com/CraterCrash/godot-orchestrator.git@612eab6e8daca48306b5162a24030c74dcca65b6",
      "filesAnalyzed": false
    },
    {
      "name": "godot",
      "SPDXID": "SPDXRef-Package-godotengine-godot",
      "versionInfo": "5cba18ff3bbe5adc9b4a8d7e970084979014b5f4",
      "downloadLocation": "git+https://github.com/godotengine/godot.git@5cba18ff3bbe5adc9b4a8d7e970084979014b5f4",
      "filesAnalyzed": false
    }
  ],
  "relationships": [
    {
      "spdxElementId": "SPDXRef-Package-CraterCrash-godot-orchestrator",
      "relatedSpdxElement": "SPDXRef-Package-godotengine-godot",
      "relationshipType": "DEPENDS_ON"
    }
  ]
}