{
  "spdxVersion": "SPDX-2.3",
  "dataLicense": "CC0-1.0",
  "SPDXID": "SPDXRef-DOCUMENT",
  "name": "CS Dependency Manifest",
  "documentNamespace": "https://github.com/crystalspace/CS/spdx/3029384a26f1f16d0fa7b05142c2d8aaf5102726",
  "packages": [
    {
      "name": "CS",
      "SPDXID": "SPDXRef-Package-crystalspace-CS",
      "versionInfo": "3029384a26f1f16d0fa7b05142c2d8aaf5102726",
      "downloadLocation": "git+https://github.com/crystalspace/CS.git@3029384a26f1f16d0fa7b05142c2d8aaf5102726",
      "filesAnalyzed": false
    },
    {
      "name": "Raytracer",
      "SPDXID": "SPDXRef-Package-Witek902-Raytracer",
      "versionInfo": "3e38a82a5ea28e64793e98efc5b8e2643ceb8e9d",
      "downloadLocation": "git+https://github.com/Witek902/Raytracer.git@3e38a82a5ea28e64793e98efc5b8e2643ceb8e9d",
      "filesAnalyzed": false
    }
  ],
  "relationships": [
    {
      "spdxElementId": "SPDXRef-Package-crystalspace-CS",
      "relatedSpdxElement": "SPDXRef-Package-Witek902-Raytracer",
      "relationshipType": "DEPENDS_ON"
    }
  ]
}