{
  "spdxVersion": "SPDX-2.3",
  "dataLicense": "CC0-1.0",
  "SPDXID": "SPDXRef-DOCUMENT",
  "name": "KiRaRay Dependency Manifest",
  "documentNamespace": "https://github.com/cuteday/KiRaRay/spdx/6c386477eab18168976d4ba2d81113e98c9a40c8",
  "packages": [
    {
      "name": "KiRaRay",
      "SPDXID": "SPDXRef-Package-cuteday-KiRaRay",
      "versionInfo": "6c386477eab18168976d4ba2d81113e98c9a40c8",
      "downloadLocation": "git+https://github.com/cuteday/KiRaRay.git@6c386477eab18168976d4ba2d81113e98c9a40c8",
      "filesAnalyzed": false
    },
    {
      "name": "tinyexr",
      "SPDXID": "SPDXRef-Package-syoyo-tinyexr",
      "versionInfo": "3ffe5f9d5e673e6e8c378d59b306b2824993e705",
      "downloadLocation": "git+https://github.com/syoyo/tinyexr.git@3ffe5f9d5e673e6e8c378d59b306b2824993e705",
      "filesAnalyzed": false
    }
  ],
  "relationships": [
    {
      "spdxElementId": "SPDXRef-Package-cuteday-KiRaRay",
      "relatedSpdxElement": "SPDXRef-Package-syoyo-tinyexr",
      "relationshipType": "DEPENDS_ON"
    }
  ]
}