{
  "spdxVersion": "SPDX-2.3",
  "dataLicense": "CC0-1.0",
  "SPDXID": "SPDXRef-DOCUMENT",
  "name": "zbgfx Dependency Manifest",
  "documentNamespace": "https://github.com/cyberegoorg/zbgfx/spdx/91b0dd7159ab35ec877fa06dc22b20ad0b118ee2",
  "packages": [
    {
      "name": "zbgfx",
      "SPDXID": "SPDXRef-Package-cyberegoorg-zbgfx",
      "versionInfo": "91b0dd7159ab35ec877fa06dc22b20ad0b118ee2",
      "downloadLocation": "git+https://github.com/cyberegoorg/zbgfx.git@91b0dd7159ab35ec877fa06dc22b20ad0b118ee2",
      "filesAnalyzed": false
    },
    {
      "name": "tinyexr",
      "SPDXID": "SPDXRef-Package-syoyo-tinyexr",
      "versionInfo": "3ffe5f9d5e673e6e8c378d59b306b2824993e705",
      "downloadLocation": "git+https://github.com/syoyo/tinyexr.git@3ffe5f9d5e673e6e8c378d59b306b2824993e705",
      "filesAnalyzed": false
    }
  ],
  "relationships": [
    {
      "spdxElementId": "SPDXRef-Package-cyberegoorg-zbgfx",
      "relatedSpdxElement": "SPDXRef-Package-syoyo-tinyexr",
      "relationshipType": "DEPENDS_ON"
    }
  ]
}