{
  "spdxVersion": "SPDX-2.3",
  "dataLicense": "CC0-1.0",
  "SPDXID": "SPDXRef-DOCUMENT",
  "name": "ofxChoreograph Dependency Manifest",
  "documentNamespace": "https://github.com/daitomanabe/ofxChoreograph/spdx/596594c17558c0b4070edb67e2ffaebd4d1dfa76",
  "packages": [
    {
      "name": "ofxChoreograph",
      "SPDXID": "SPDXRef-Package-daitomanabe-ofxChoreograph",
      "versionInfo": "596594c17558c0b4070edb67e2ffaebd4d1dfa76",
      "downloadLocation": "git+https://github.com/daitomanabe/ofxChoreograph.git@596594c17558c0b4070edb67e2ffaebd4d1dfa76",
      "filesAnalyzed": false
    },
    {
      "name": "Cinder",
      "SPDXID": "SPDXRef-Package-cinder-Cinder",
      "versionInfo": "48b16b726fb20a7389f2a56fa71db909f8856fa3",
      "downloadLocation": "git+https://github.com/cinder/Cinder.git@48b16b726fb20a7389f2a56fa71db909f8856fa3",
      "filesAnalyzed": false
    }
  ],
  "relationships": [
    {
      "spdxElementId": "SPDXRef-Package-daitomanabe-ofxChoreograph",
      "relatedSpdxElement": "SPDXRef-Package-cinder-Cinder",
      "relationshipType": "DEPENDS_ON"
    }
  ]
}