{
  "spdxVersion": "SPDX-2.3",
  "dataLicense": "CC0-1.0",
  "SPDXID": "SPDXRef-DOCUMENT",
  "name": "sm64rt-legacy-renderer Dependency Manifest",
  "documentNamespace": "https://github.com/DarioSamo/sm64rt-legacy-renderer/spdx/47d6033ce6a89bcd45391242cee0367ce8c0bdf3",
  "packages": [
    {
      "name": "sm64rt-legacy-renderer",
      "SPDXID": "SPDXRef-Package-DarioSamo-sm64rt-legacy-renderer",
      "versionInfo": "47d6033ce6a89bcd45391242cee0367ce8c0bdf3",
      "downloadLocation": "git+https://github.com/DarioSamo/sm64rt-legacy-renderer.git@47d6033ce6a89bcd45391242cee0367ce8c0bdf3",
      "filesAnalyzed": false
    },
    {
      "name": "tinyexr",
      "SPDXID": "SPDXRef-Package-syoyo-tinyexr",
      "versionInfo": "3ffe5f9d5e673e6e8c378d59b306b2824993e705",
      "downloadLocation": "git+https://github.com/syoyo/tinyexr.git@3ffe5f9d5e673e6e8c378d59b306b2824993e705",
      "filesAnalyzed": false
    }
  ],
  "relationships": [
    {
      "spdxElementId": "SPDXRef-Package-DarioSamo-sm64rt-legacy-renderer",
      "relatedSpdxElement": "SPDXRef-Package-syoyo-tinyexr",
      "relationshipType": "DEPENDS_ON"
    }
  ]
}