{
  "spdxVersion": "SPDX-2.3",
  "dataLicense": "CC0-1.0",
  "SPDXID": "SPDXRef-DOCUMENT",
  "name": "Godot-HTML Dependency Manifest",
  "documentNamespace": "https://github.com/Decapitated/Godot-HTML/spdx/ced06c01dcd28e0150925554189af0d41808ae7b",
  "packages": [
    {
      "name": "Godot-HTML",
      "SPDXID": "SPDXRef-Package-Decapitated-Godot-HTML",
      "versionInfo": "ced06c01dcd28e0150925554189af0d41808ae7b",
      "downloadLocation": "git+https://github.com/Decapitated/Godot-HTML.git@ced06c01dcd28e0150925554189af0d41808ae7b",
      "filesAnalyzed": false
    },
    {
      "name": "godot",
      "SPDXID": "SPDXRef-Package-godotengine-godot",
      "versionInfo": "5cba18ff3bbe5adc9b4a8d7e970084979014b5f4",
      "downloadLocation": "git+https://github.com/godotengine/godot.git@5cba18ff3bbe5adc9b4a8d7e970084979014b5f4",
      "filesAnalyzed": false
    }
  ],
  "relationships": [
    {
      "spdxElementId": "SPDXRef-Package-Decapitated-Godot-HTML",
      "relatedSpdxElement": "SPDXRef-Package-godotengine-godot",
      "relationshipType": "DEPENDS_ON"
    }
  ]
}