{
  "spdxVersion": "SPDX-2.3",
  "dataLicense": "CC0-1.0",
  "SPDXID": "SPDXRef-DOCUMENT",
  "name": "AndroidTacticalAssaultKit-CIV Dependency Manifest",
  "documentNamespace": "https://github.com/deptofdefense/AndroidTacticalAssaultKit-CIV/spdx/889eee292c43d3d2eafdd1f2fbf378ad5cd89ecc",
  "packages": [
    {
      "name": "AndroidTacticalAssaultKit-CIV",
      "SPDXID": "SPDXRef-Package-deptofdefense-AndroidTacticalAssaultKit-CIV",
      "versionInfo": "889eee292c43d3d2eafdd1f2fbf378ad5cd89ecc",
      "downloadLocation": "git+https://github.com/deptofdefense/AndroidTacticalAssaultKit-CIV.git@889eee292c43d3d2eafdd1f2fbf378ad5cd89ecc",
      "filesAnalyzed": false
    },
    {
      "name": "tinygltf",
      "SPDXID": "SPDXRef-Package-syoyo-tinygltf",
      "versionInfo": "bdc37385f198c787ba143e18f01b06164f8c7d15",
      "downloadLocation": "git+https://github.com/syoyo/tinygltf.git@bdc37385f198c787ba143e18f01b06164f8c7d15",
      "filesAnalyzed": false
    }
  ],
  "relationships": [
    {
      "spdxElementId": "SPDXRef-Package-deptofdefense-AndroidTacticalAssaultKit-CIV",
      "relatedSpdxElement": "SPDXRef-Package-syoyo-tinygltf",
      "relationshipType": "DEPENDS_ON"
    }
  ]
}