{
  "spdxVersion": "SPDX-2.3",
  "dataLicense": "CC0-1.0",
  "SPDXID": "SPDXRef-DOCUMENT",
  "name": "PluginGodotShaders Dependency Manifest",
  "documentNamespace": "https://github.com/dfranx/PluginGodotShaders/spdx/29acc675f2af50a6a3bb2f7f4d0884c240f0e354",
  "packages": [
    {
      "name": "PluginGodotShaders",
      "SPDXID": "SPDXRef-Package-dfranx-PluginGodotShaders",
      "versionInfo": "29acc675f2af50a6a3bb2f7f4d0884c240f0e354",
      "downloadLocation": "git+https://github.com/dfranx/PluginGodotShaders.git@29acc675f2af50a6a3bb2f7f4d0884c240f0e354",
      "filesAnalyzed": false
    },
    {
      "name": "godot",
      "SPDXID": "SPDXRef-Package-godotengine-godot",
      "versionInfo": "5cba18ff3bbe5adc9b4a8d7e970084979014b5f4",
      "downloadLocation": "git+https://github.com/godotengine/godot.git@5cba18ff3bbe5adc9b4a8d7e970084979014b5f4",
      "filesAnalyzed": false
    }
  ],
  "relationships": [
    {
      "spdxElementId": "SPDXRef-Package-dfranx-PluginGodotShaders",
      "relatedSpdxElement": "SPDXRef-Package-godotengine-godot",
      "relationshipType": "DEPENDS_ON"
    }
  ]
}