{
  "spdxVersion": "SPDX-2.3",
  "dataLicense": "CC0-1.0",
  "SPDXID": "SPDXRef-DOCUMENT",
  "name": "dolphin Dependency Manifest",
  "documentNamespace": "https://github.com/dolphin-emu/dolphin/spdx/2a3078b833fe3d7b199b833fb4dfc08111d44dd7",
  "packages": [
    {
      "name": "dolphin",
      "SPDXID": "SPDXRef-Package-dolphin-emu-dolphin",
      "versionInfo": "2a3078b833fe3d7b199b833fb4dfc08111d44dd7",
      "downloadLocation": "git+https://github.com/dolphin-emu/dolphin.git@2a3078b833fe3d7b199b833fb4dfc08111d44dd7",
      "filesAnalyzed": false
    },
    {
      "name": "tinygltf",
      "SPDXID": "SPDXRef-Package-syoyo-tinygltf",
      "versionInfo": "bdc37385f198c787ba143e18f01b06164f8c7d15",
      "downloadLocation": "git+https://github.com/syoyo/tinygltf.git@bdc37385f198c787ba143e18f01b06164f8c7d15",
      "filesAnalyzed": false
    }
  ],
  "relationships": [
    {
      "spdxElementId": "SPDXRef-Package-dolphin-emu-dolphin",
      "relatedSpdxElement": "SPDXRef-Package-syoyo-tinygltf",
      "relationshipType": "DEPENDS_ON"
    }
  ]
}