{
  "spdxVersion": "SPDX-2.3",
  "dataLicense": "CC0-1.0",
  "SPDXID": "SPDXRef-DOCUMENT",
  "name": "Castor3D Dependency Manifest",
  "documentNamespace": "https://github.com/DragonJoker/Castor3D/spdx/6e40211182139460b41db78dc7460acc7cede79b",
  "packages": [
    {
      "name": "Castor3D",
      "SPDXID": "SPDXRef-Package-DragonJoker-Castor3D",
      "versionInfo": "6e40211182139460b41db78dc7460acc7cede79b",
      "downloadLocation": "git+https://github.com/DragonJoker/Castor3D.git@6e40211182139460b41db78dc7460acc7cede79b",
      "filesAnalyzed": false
    },
    {
      "name": "tinyexr",
      "SPDXID": "SPDXRef-Package-syoyo-tinyexr",
      "versionInfo": "3ffe5f9d5e673e6e8c378d59b306b2824993e705",
      "downloadLocation": "git+https://github.com/syoyo/tinyexr.git@3ffe5f9d5e673e6e8c378d59b306b2824993e705",
      "filesAnalyzed": false
    }
  ],
  "relationships": [
    {
      "spdxElementId": "SPDXRef-Package-DragonJoker-Castor3D",
      "relatedSpdxElement": "SPDXRef-Package-syoyo-tinyexr",
      "relationshipType": "DEPENDS_ON"
    }
  ]
}