{
  "spdxVersion": "SPDX-2.3",
  "dataLicense": "CC0-1.0",
  "SPDXID": "SPDXRef-DOCUMENT",
  "name": "moonray Dependency Manifest",
  "documentNamespace": "https://github.com/dreamworksanimation/moonray/spdx/af970419b50af92ee816bfe79c702757a4068e7d",
  "packages": [
    {
      "name": "moonray",
      "SPDXID": "SPDXRef-Package-dreamworksanimation-moonray",
      "versionInfo": "af970419b50af92ee816bfe79c702757a4068e7d",
      "downloadLocation": "git+https://github.com/dreamworksanimation/moonray.git@af970419b50af92ee816bfe79c702757a4068e7d",
      "filesAnalyzed": false
    },
    {
      "name": "embree",
      "SPDXID": "SPDXRef-Package-RenderKit-embree",
      "versionInfo": "d436cb396bd5d66aa147cf8165074f04cbd27436",
      "downloadLocation": "git+https://github.com/RenderKit/embree.git@d436cb396bd5d66aa147cf8165074f04cbd27436",
      "filesAnalyzed": false
    }
  ],
  "relationships": [
    {
      "spdxElementId": "SPDXRef-Package-dreamworksanimation-moonray",
      "relatedSpdxElement": "SPDXRef-Package-RenderKit-embree",
      "relationshipType": "DEPENDS_ON"
    }
  ]
}