{
  "spdxVersion": "SPDX-2.3",
  "dataLicense": "CC0-1.0",
  "SPDXID": "SPDXRef-DOCUMENT",
  "name": "GAMES_101_202_Homework Dependency Manifest",
  "documentNamespace": "https://github.com/DrFlower/GAMES_101_202_Homework/spdx/0b3d90b5e2b89e786bcc1e0d4c2d07b9e27dc13c",
  "packages": [
    {
      "name": "GAMES_101_202_Homework",
      "SPDXID": "SPDXRef-Package-DrFlower-GAMES_101_202_Homework",
      "versionInfo": "0b3d90b5e2b89e786bcc1e0d4c2d07b9e27dc13c",
      "downloadLocation": "git+https://github.com/DrFlower/GAMES_101_202_Homework.git@0b3d90b5e2b89e786bcc1e0d4c2d07b9e27dc13c",
      "filesAnalyzed": false
    },
    {
      "name": "tinyexr",
      "SPDXID": "SPDXRef-Package-syoyo-tinyexr",
      "versionInfo": "3ffe5f9d5e673e6e8c378d59b306b2824993e705",
      "downloadLocation": "git+https://github.com/syoyo/tinyexr.git@3ffe5f9d5e673e6e8c378d59b306b2824993e705",
      "filesAnalyzed": false
    }
  ],
  "relationships": [
    {
      "spdxElementId": "SPDXRef-Package-DrFlower-GAMES_101_202_Homework",
      "relatedSpdxElement": "SPDXRef-Package-syoyo-tinyexr",
      "relationshipType": "DEPENDS_ON"
    }
  ]
}