{
  "spdxVersion": "SPDX-2.3",
  "dataLicense": "CC0-1.0",
  "SPDXID": "SPDXRef-DOCUMENT",
  "name": "tree-gen Dependency Manifest",
  "documentNamespace": "https://github.com/dsforza96/tree-gen/spdx/b25a6e35e19b233a163d6ac5091201a098ae58ef",
  "packages": [
    {
      "name": "tree-gen",
      "SPDXID": "SPDXRef-Package-dsforza96-tree-gen",
      "versionInfo": "b25a6e35e19b233a163d6ac5091201a098ae58ef",
      "downloadLocation": "git+https://github.com/dsforza96/tree-gen.git@b25a6e35e19b233a163d6ac5091201a098ae58ef",
      "filesAnalyzed": false
    },
    {
      "name": "tinyexr",
      "SPDXID": "SPDXRef-Package-syoyo-tinyexr",
      "versionInfo": "3ffe5f9d5e673e6e8c378d59b306b2824993e705",
      "downloadLocation": "git+https://github.com/syoyo/tinyexr.git@3ffe5f9d5e673e6e8c378d59b306b2824993e705",
      "filesAnalyzed": false
    }
  ],
  "relationships": [
    {
      "spdxElementId": "SPDXRef-Package-dsforza96-tree-gen",
      "relatedSpdxElement": "SPDXRef-Package-syoyo-tinyexr",
      "relationshipType": "DEPENDS_ON"
    }
  ]
}