{
  "spdxVersion": "SPDX-2.3",
  "dataLicense": "CC0-1.0",
  "SPDXID": "SPDXRef-DOCUMENT",
  "name": "MB-System Dependency Manifest",
  "documentNamespace": "https://github.com/dwcaress/MB-System/spdx/a7996663eda1324bf9bd4398e35a879aae4742ac",
  "packages": [
    {
      "name": "MB-System",
      "SPDXID": "SPDXRef-Package-dwcaress-MB-System",
      "versionInfo": "a7996663eda1324bf9bd4398e35a879aae4742ac",
      "downloadLocation": "git+https://github.com/dwcaress/MB-System.git@a7996663eda1324bf9bd4398e35a879aae4742ac",
      "filesAnalyzed": false
    },
    {
      "name": "tinygltf",
      "SPDXID": "SPDXRef-Package-syoyo-tinygltf",
      "versionInfo": "bdc37385f198c787ba143e18f01b06164f8c7d15",
      "downloadLocation": "git+https://github.com/syoyo/tinygltf.git@bdc37385f198c787ba143e18f01b06164f8c7d15",
      "filesAnalyzed": false
    }
  ],
  "relationships": [
    {
      "spdxElementId": "SPDXRef-Package-dwcaress-MB-System",
      "relatedSpdxElement": "SPDXRef-Package-syoyo-tinygltf",
      "relationshipType": "DEPENDS_ON"
    }
  ]
}