{
  "spdxVersion": "SPDX-2.3",
  "dataLicense": "CC0-1.0",
  "SPDXID": "SPDXRef-DOCUMENT",
  "name": "MrEngine Dependency Manifest",
  "documentNamespace": "https://github.com/Dylan132956/MrEngine/spdx/297ac45f89d290d4e136a3d6f050828a5b30a926",
  "packages": [
    {
      "name": "MrEngine",
      "SPDXID": "SPDXRef-Package-Dylan132956-MrEngine",
      "versionInfo": "297ac45f89d290d4e136a3d6f050828a5b30a926",
      "downloadLocation": "git+https://github.com/Dylan132956/MrEngine.git@297ac45f89d290d4e136a3d6f050828a5b30a926",
      "filesAnalyzed": false
    },
    {
      "name": "filament",
      "SPDXID": "SPDXRef-Package-google-filament",
      "versionInfo": "e4ae96a2a191d3d20b1586641d1f6e0babc6aa5a",
      "downloadLocation": "git+https://github.com/google/filament.git@e4ae96a2a191d3d20b1586641d1f6e0babc6aa5a",
      "filesAnalyzed": false
    }
  ],
  "relationships": [
    {
      "spdxElementId": "SPDXRef-Package-Dylan132956-MrEngine",
      "relatedSpdxElement": "SPDXRef-Package-google-filament",
      "relationshipType": "DEPENDS_ON"
    }
  ]
}