{
  "spdxVersion": "SPDX-2.3",
  "dataLicense": "CC0-1.0",
  "SPDXID": "SPDXRef-DOCUMENT",
  "name": "fastnoise Dependency Manifest",
  "documentNamespace": "https://github.com/electronicarts/fastnoise/spdx/2cf53e4bb510d07511fe63a312556d2a2e108c70",
  "packages": [
    {
      "name": "fastnoise",
      "SPDXID": "SPDXRef-Package-electronicarts-fastnoise",
      "versionInfo": "2cf53e4bb510d07511fe63a312556d2a2e108c70",
      "downloadLocation": "git+https://github.com/electronicarts/fastnoise.git@2cf53e4bb510d07511fe63a312556d2a2e108c70",
      "filesAnalyzed": false
    },
    {
      "name": "tinyexr",
      "SPDXID": "SPDXRef-Package-syoyo-tinyexr",
      "versionInfo": "3ffe5f9d5e673e6e8c378d59b306b2824993e705",
      "downloadLocation": "git+https://github.com/syoyo/tinyexr.git@3ffe5f9d5e673e6e8c378d59b306b2824993e705",
      "filesAnalyzed": false
    }
  ],
  "relationships": [
    {
      "spdxElementId": "SPDXRef-Package-electronicarts-fastnoise",
      "relatedSpdxElement": "SPDXRef-Package-syoyo-tinyexr",
      "relationshipType": "DEPENDS_ON"
    }
  ]
}