{
  "spdxVersion": "SPDX-2.3",
  "dataLicense": "CC0-1.0",
  "SPDXID": "SPDXRef-DOCUMENT",
  "name": "jpeg_textures Dependency Manifest",
  "documentNamespace": "https://github.com/elias1518693/jpeg_textures/spdx/e232719d85ac96a48387195d37de94f389c7c87a",
  "packages": [
    {
      "name": "jpeg_textures",
      "SPDXID": "SPDXRef-Package-elias1518693-jpeg_textures",
      "versionInfo": "e232719d85ac96a48387195d37de94f389c7c87a",
      "downloadLocation": "git+https://github.com/elias1518693/jpeg_textures.git@e232719d85ac96a48387195d37de94f389c7c87a",
      "filesAnalyzed": false
    },
    {
      "name": "tinygltf",
      "SPDXID": "SPDXRef-Package-syoyo-tinygltf",
      "versionInfo": "bdc37385f198c787ba143e18f01b06164f8c7d15",
      "downloadLocation": "git+https://github.com/syoyo/tinygltf.git@bdc37385f198c787ba143e18f01b06164f8c7d15",
      "filesAnalyzed": false
    }
  ],
  "relationships": [
    {
      "spdxElementId": "SPDXRef-Package-elias1518693-jpeg_textures",
      "relatedSpdxElement": "SPDXRef-Package-syoyo-tinygltf",
      "relationshipType": "DEPENDS_ON"
    }
  ]
}