{
  "spdxVersion": "SPDX-2.3",
  "dataLicense": "CC0-1.0",
  "SPDXID": "SPDXRef-DOCUMENT",
  "name": "LearnWebGPU Dependency Manifest",
  "documentNamespace": "https://github.com/eliemichel/LearnWebGPU/spdx/56dbd6dd897daa8c9834321edec0e6e25c793212",
  "packages": [
    {
      "name": "LearnWebGPU",
      "SPDXID": "SPDXRef-Package-eliemichel-LearnWebGPU",
      "versionInfo": "56dbd6dd897daa8c9834321edec0e6e25c793212",
      "downloadLocation": "git+https://github.com/eliemichel/LearnWebGPU.git@56dbd6dd897daa8c9834321edec0e6e25c793212",
      "filesAnalyzed": false
    },
    {
      "name": "tinyexr",
      "SPDXID": "SPDXRef-Package-syoyo-tinyexr",
      "versionInfo": "3ffe5f9d5e673e6e8c378d59b306b2824993e705",
      "downloadLocation": "git+https://github.com/syoyo/tinyexr.git@3ffe5f9d5e673e6e8c378d59b306b2824993e705",
      "filesAnalyzed": false
    }
  ],
  "relationships": [
    {
      "spdxElementId": "SPDXRef-Package-eliemichel-LearnWebGPU",
      "relatedSpdxElement": "SPDXRef-Package-syoyo-tinyexr",
      "relationshipType": "DEPENDS_ON"
    }
  ]
}