{
  "spdxVersion": "SPDX-2.3",
  "dataLicense": "CC0-1.0",
  "SPDXID": "SPDXRef-DOCUMENT",
  "name": "Silent-Hill-2-Enhancements Dependency Manifest",
  "documentNamespace": "https://github.com/elishacloud/Silent-Hill-2-Enhancements/spdx/c24edb7998f6f0546153839d1a550c7c74193159",
  "packages": [
    {
      "name": "Silent-Hill-2-Enhancements",
      "SPDXID": "SPDXRef-Package-elishacloud-Silent-Hill-2-Enhancements",
      "versionInfo": "c24edb7998f6f0546153839d1a550c7c74193159",
      "downloadLocation": "git+https://github.com/elishacloud/Silent-Hill-2-Enhancements.git@c24edb7998f6f0546153839d1a550c7c74193159",
      "filesAnalyzed": false
    },
    {
      "name": "tinygltf",
      "SPDXID": "SPDXRef-Package-syoyo-tinygltf",
      "versionInfo": "bdc37385f198c787ba143e18f01b06164f8c7d15",
      "downloadLocation": "git+https://github.com/syoyo/tinygltf.git@bdc37385f198c787ba143e18f01b06164f8c7d15",
      "filesAnalyzed": false
    }
  ],
  "relationships": [
    {
      "spdxElementId": "SPDXRef-Package-elishacloud-Silent-Hill-2-Enhancements",
      "relatedSpdxElement": "SPDXRef-Package-syoyo-tinygltf",
      "relationshipType": "DEPENDS_ON"
    }
  ]
}