{
  "spdxVersion": "SPDX-2.3",
  "dataLicense": "CC0-1.0",
  "SPDXID": "SPDXRef-DOCUMENT",
  "name": "atmosphere Dependency Manifest",
  "documentNamespace": "https://github.com/elliahu/atmosphere/spdx/294bc3a1625d281f17c05c87a350bc90eec16043",
  "packages": [
    {
      "name": "atmosphere",
      "SPDXID": "SPDXRef-Package-elliahu-atmosphere",
      "versionInfo": "294bc3a1625d281f17c05c87a350bc90eec16043",
      "downloadLocation": "git+https://github.com/elliahu/atmosphere.git@294bc3a1625d281f17c05c87a350bc90eec16043",
      "filesAnalyzed": false
    },
    {
      "name": "tinyexr",
      "SPDXID": "SPDXRef-Package-syoyo-tinyexr",
      "versionInfo": "3ffe5f9d5e673e6e8c378d59b306b2824993e705",
      "downloadLocation": "git+https://github.com/syoyo/tinyexr.git@3ffe5f9d5e673e6e8c378d59b306b2824993e705",
      "filesAnalyzed": false
    }
  ],
  "relationships": [
    {
      "spdxElementId": "SPDXRef-Package-elliahu-atmosphere",
      "relatedSpdxElement": "SPDXRef-Package-syoyo-tinyexr",
      "relationshipType": "DEPENDS_ON"
    }
  ]
}