{
  "spdxVersion": "SPDX-2.3",
  "dataLicense": "CC0-1.0",
  "SPDXID": "SPDXRef-DOCUMENT",
  "name": "Acid Dependency Manifest",
  "documentNamespace": "https://github.com/EQMG/Acid/spdx/2ff8adee30cfb571d27a1d937689608ccea12734",
  "packages": [
    {
      "name": "Acid",
      "SPDXID": "SPDXRef-Package-EQMG-Acid",
      "versionInfo": "2ff8adee30cfb571d27a1d937689608ccea12734",
      "downloadLocation": "git+https://github.com/EQMG/Acid.git@2ff8adee30cfb571d27a1d937689608ccea12734",
      "filesAnalyzed": false
    },
    {
      "name": "tinyexr",
      "SPDXID": "SPDXRef-Package-syoyo-tinyexr",
      "versionInfo": "3ffe5f9d5e673e6e8c378d59b306b2824993e705",
      "downloadLocation": "git+https://github.com/syoyo/tinyexr.git@3ffe5f9d5e673e6e8c378d59b306b2824993e705",
      "filesAnalyzed": false
    }
  ],
  "relationships": [
    {
      "spdxElementId": "SPDXRef-Package-EQMG-Acid",
      "relatedSpdxElement": "SPDXRef-Package-syoyo-tinyexr",
      "relationshipType": "DEPENDS_ON"
    }
  ]
}