{
  "spdxVersion": "SPDX-2.3",
  "dataLicense": "CC0-1.0",
  "SPDXID": "SPDXRef-DOCUMENT",
  "name": "Arcane-Engine Dependency Manifest",
  "documentNamespace": "https://github.com/Ershany/Arcane-Engine/spdx/d79d3b2c1361e9f66dfb7b8f091c9bd6ed28145c",
  "packages": [
    {
      "name": "Arcane-Engine",
      "SPDXID": "SPDXRef-Package-Ershany-Arcane-Engine",
      "versionInfo": "d79d3b2c1361e9f66dfb7b8f091c9bd6ed28145c",
      "downloadLocation": "git+https://github.com/Ershany/Arcane-Engine.git@d79d3b2c1361e9f66dfb7b8f091c9bd6ed28145c",
      "filesAnalyzed": false
    },
    {
      "name": "tinyexr",
      "SPDXID": "SPDXRef-Package-syoyo-tinyexr",
      "versionInfo": "3ffe5f9d5e673e6e8c378d59b306b2824993e705",
      "downloadLocation": "git+https://github.com/syoyo/tinyexr.git@3ffe5f9d5e673e6e8c378d59b306b2824993e705",
      "filesAnalyzed": false
    }
  ],
  "relationships": [
    {
      "spdxElementId": "SPDXRef-Package-Ershany-Arcane-Engine",
      "relatedSpdxElement": "SPDXRef-Package-syoyo-tinyexr",
      "relationshipType": "DEPENDS_ON"
    }
  ]
}