{
  "spdxVersion": "SPDX-2.3",
  "dataLicense": "CC0-1.0",
  "SPDXID": "SPDXRef-DOCUMENT",
  "name": "maszyna Dependency Manifest",
  "documentNamespace": "https://github.com/eu07/maszyna/spdx/c78b5aea65413e62cb0a3226c6406ddaf693895d",
  "packages": [
    {
      "name": "maszyna",
      "SPDXID": "SPDXRef-Package-eu07-maszyna",
      "versionInfo": "c78b5aea65413e62cb0a3226c6406ddaf693895d",
      "downloadLocation": "git+https://github.com/eu07/maszyna.git@c78b5aea65413e62cb0a3226c6406ddaf693895d",
      "filesAnalyzed": false
    },
    {
      "name": "tinyexr",
      "SPDXID": "SPDXRef-Package-syoyo-tinyexr",
      "versionInfo": "3ffe5f9d5e673e6e8c378d59b306b2824993e705",
      "downloadLocation": "git+https://github.com/syoyo/tinyexr.git@3ffe5f9d5e673e6e8c378d59b306b2824993e705",
      "filesAnalyzed": false
    }
  ],
  "relationships": [
    {
      "spdxElementId": "SPDXRef-Package-eu07-maszyna",
      "relatedSpdxElement": "SPDXRef-Package-syoyo-tinyexr",
      "relationshipType": "DEPENDS_ON"
    }
  ]
}