{
  "spdxVersion": "SPDX-2.3",
  "dataLicense": "CC0-1.0",
  "SPDXID": "SPDXRef-DOCUMENT",
  "name": "cs224final Dependency Manifest",
  "documentNamespace": "https://github.com/evanw/cs224final/spdx/af2af32732535f2f58bf49ecb4615c80f141ea5b",
  "packages": [
    {
      "name": "cs224final",
      "SPDXID": "SPDXRef-Package-evanw-cs224final",
      "versionInfo": "af2af32732535f2f58bf49ecb4615c80f141ea5b",
      "downloadLocation": "git+https://github.com/evanw/cs224final.git@af2af32732535f2f58bf49ecb4615c80f141ea5b",
      "filesAnalyzed": false
    },
    {
      "name": "Raytracer",
      "SPDXID": "SPDXRef-Package-Witek902-Raytracer",
      "versionInfo": "3e38a82a5ea28e64793e98efc5b8e2643ceb8e9d",
      "downloadLocation": "git+https://github.com/Witek902/Raytracer.git@3e38a82a5ea28e64793e98efc5b8e2643ceb8e9d",
      "filesAnalyzed": false
    }
  ],
  "relationships": [
    {
      "spdxElementId": "SPDXRef-Package-evanw-cs224final",
      "relatedSpdxElement": "SPDXRef-Package-Witek902-Raytracer",
      "relationshipType": "DEPENDS_ON"
    }
  ]
}