{
  "spdxVersion": "SPDX-2.3",
  "dataLicense": "CC0-1.0",
  "SPDXID": "SPDXRef-DOCUMENT",
  "name": "HairMSNN Dependency Manifest",
  "documentNamespace": "https://github.com/facebookresearch/HairMSNN/spdx/da10b8305b3c50a1001df01c699f9974fbcb144a",
  "packages": [
    {
      "name": "HairMSNN",
      "SPDXID": "SPDXRef-Package-facebookresearch-HairMSNN",
      "versionInfo": "da10b8305b3c50a1001df01c699f9974fbcb144a",
      "downloadLocation": "git+https://github.com/facebookresearch/HairMSNN.git@da10b8305b3c50a1001df01c699f9974fbcb144a",
      "filesAnalyzed": false
    },
    {
      "name": "tinyexr",
      "SPDXID": "SPDXRef-Package-syoyo-tinyexr",
      "versionInfo": "3ffe5f9d5e673e6e8c378d59b306b2824993e705",
      "downloadLocation": "git+https://github.com/syoyo/tinyexr.git@3ffe5f9d5e673e6e8c378d59b306b2824993e705",
      "filesAnalyzed": false
    }
  ],
  "relationships": [
    {
      "spdxElementId": "SPDXRef-Package-facebookresearch-HairMSNN",
      "relatedSpdxElement": "SPDXRef-Package-syoyo-tinyexr",
      "relationshipType": "DEPENDS_ON"
    }
  ]
}