{
  "spdxVersion": "SPDX-2.3",
  "dataLicense": "CC0-1.0",
  "SPDXID": "SPDXRef-DOCUMENT",
  "name": "FEBioStudio Dependency Manifest",
  "documentNamespace": "https://github.com/febiosoftware/FEBioStudio/spdx/6fe929c553d0b202968160a554407c1dccd65f7d",
  "packages": [
    {
      "name": "FEBioStudio",
      "SPDXID": "SPDXRef-Package-febiosoftware-FEBioStudio",
      "versionInfo": "6fe929c553d0b202968160a554407c1dccd65f7d",
      "downloadLocation": "git+https://github.com/febiosoftware/FEBioStudio.git@6fe929c553d0b202968160a554407c1dccd65f7d",
      "filesAnalyzed": false
    },
    {
      "name": "Raytracer",
      "SPDXID": "SPDXRef-Package-Witek902-Raytracer",
      "versionInfo": "3e38a82a5ea28e64793e98efc5b8e2643ceb8e9d",
      "downloadLocation": "git+https://github.com/Witek902/Raytracer.git@3e38a82a5ea28e64793e98efc5b8e2643ceb8e9d",
      "filesAnalyzed": false
    }
  ],
  "relationships": [
    {
      "spdxElementId": "SPDXRef-Package-febiosoftware-FEBioStudio",
      "relatedSpdxElement": "SPDXRef-Package-Witek902-Raytracer",
      "relationshipType": "DEPENDS_ON"
    }
  ]
}