{
  "spdxVersion": "SPDX-2.3",
  "dataLicense": "CC0-1.0",
  "SPDXID": "SPDXRef-DOCUMENT",
  "name": "GPU-Fluid Dependency Manifest",
  "documentNamespace": "https://github.com/felixfaire/GPU-Fluid/spdx/b602db8e132f0f2929c04a5df85752b73f8f7544",
  "packages": [
    {
      "name": "GPU-Fluid",
      "SPDXID": "SPDXRef-Package-felixfaire-GPU-Fluid",
      "versionInfo": "b602db8e132f0f2929c04a5df85752b73f8f7544",
      "downloadLocation": "git+https://github.com/felixfaire/GPU-Fluid.git@b602db8e132f0f2929c04a5df85752b73f8f7544",
      "filesAnalyzed": false
    },
    {
      "name": "Cinder",
      "SPDXID": "SPDXRef-Package-cinder-Cinder",
      "versionInfo": "48b16b726fb20a7389f2a56fa71db909f8856fa3",
      "downloadLocation": "git+https://github.com/cinder/Cinder.git@48b16b726fb20a7389f2a56fa71db909f8856fa3",
      "filesAnalyzed": false
    }
  ],
  "relationships": [
    {
      "spdxElementId": "SPDXRef-Package-felixfaire-GPU-Fluid",
      "relatedSpdxElement": "SPDXRef-Package-cinder-Cinder",
      "relationshipType": "DEPENDS_ON"
    }
  ]
}