{
  "spdxVersion": "SPDX-2.3",
  "dataLicense": "CC0-1.0",
  "SPDXID": "SPDXRef-DOCUMENT",
  "name": "OptixRCS Dependency Manifest",
  "documentNamespace": "https://github.com/firepond/OptixRCS/spdx/8ca8677cd68569a87a213d869a328afd6f33043c",
  "packages": [
    {
      "name": "OptixRCS",
      "SPDXID": "SPDXRef-Package-firepond-OptixRCS",
      "versionInfo": "8ca8677cd68569a87a213d869a328afd6f33043c",
      "downloadLocation": "git+https://github.com/firepond/OptixRCS.git@8ca8677cd68569a87a213d869a328afd6f33043c",
      "filesAnalyzed": false
    },
    {
      "name": "tinygltf",
      "SPDXID": "SPDXRef-Package-syoyo-tinygltf",
      "versionInfo": "bdc37385f198c787ba143e18f01b06164f8c7d15",
      "downloadLocation": "git+https://github.com/syoyo/tinygltf.git@bdc37385f198c787ba143e18f01b06164f8c7d15",
      "filesAnalyzed": false
    }
  ],
  "relationships": [
    {
      "spdxElementId": "SPDXRef-Package-firepond-OptixRCS",
      "relatedSpdxElement": "SPDXRef-Package-syoyo-tinygltf",
      "relationshipType": "DEPENDS_ON"
    }
  ]
}