{
  "spdxVersion": "SPDX-2.3",
  "dataLicense": "CC0-1.0",
  "SPDXID": "SPDXRef-DOCUMENT",
  "name": "phoenix-firestorm Dependency Manifest",
  "documentNamespace": "https://github.com/FirestormViewer/phoenix-firestorm/spdx/b075541abbe61091a9c47c63460bb7f75ebedfa3",
  "packages": [
    {
      "name": "phoenix-firestorm",
      "SPDXID": "SPDXRef-Package-FirestormViewer-phoenix-firestorm",
      "versionInfo": "b075541abbe61091a9c47c63460bb7f75ebedfa3",
      "downloadLocation": "git+https://github.com/FirestormViewer/phoenix-firestorm.git@b075541abbe61091a9c47c63460bb7f75ebedfa3",
      "filesAnalyzed": false
    },
    {
      "name": "tinygltf",
      "SPDXID": "SPDXRef-Package-syoyo-tinygltf",
      "versionInfo": "bdc37385f198c787ba143e18f01b06164f8c7d15",
      "downloadLocation": "git+https://github.com/syoyo/tinygltf.git@bdc37385f198c787ba143e18f01b06164f8c7d15",
      "filesAnalyzed": false
    }
  ],
  "relationships": [
    {
      "spdxElementId": "SPDXRef-Package-FirestormViewer-phoenix-firestorm",
      "relatedSpdxElement": "SPDXRef-Package-syoyo-tinygltf",
      "relationshipType": "DEPENDS_ON"
    }
  ]
}