{
  "spdxVersion": "SPDX-2.3",
  "dataLicense": "CC0-1.0",
  "SPDXID": "SPDXRef-DOCUMENT",
  "name": "Orca-Flashforge Dependency Manifest",
  "documentNamespace": "https://github.com/FlashForge/Orca-Flashforge/spdx/c45cc8216c184574c36873314ae7caea67c7a1ad",
  "packages": [
    {
      "name": "Orca-Flashforge",
      "SPDXID": "SPDXRef-Package-FlashForge-Orca-Flashforge",
      "versionInfo": "c45cc8216c184574c36873314ae7caea67c7a1ad",
      "downloadLocation": "git+https://github.com/FlashForge/Orca-Flashforge.git@c45cc8216c184574c36873314ae7caea67c7a1ad",
      "filesAnalyzed": false
    },
    {
      "name": "tinygltf",
      "SPDXID": "SPDXRef-Package-syoyo-tinygltf",
      "versionInfo": "bdc37385f198c787ba143e18f01b06164f8c7d15",
      "downloadLocation": "git+https://github.com/syoyo/tinygltf.git@bdc37385f198c787ba143e18f01b06164f8c7d15",
      "filesAnalyzed": false
    }
  ],
  "relationships": [
    {
      "spdxElementId": "SPDXRef-Package-FlashForge-Orca-Flashforge",
      "relatedSpdxElement": "SPDXRef-Package-syoyo-tinygltf",
      "relationshipType": "DEPENDS_ON"
    }
  ]
}