{
  "spdxVersion": "SPDX-2.3",
  "dataLicense": "CC0-1.0",
  "SPDXID": "SPDXRef-DOCUMENT",
  "name": "FlaxEngine Dependency Manifest",
  "documentNamespace": "https://github.com/FlaxEngine/FlaxEngine/spdx/ff81d339ef856b3190396dbbb26e1e42cd41cc71",
  "packages": [
    {
      "name": "FlaxEngine",
      "SPDXID": "SPDXRef-Package-FlaxEngine-FlaxEngine",
      "versionInfo": "ff81d339ef856b3190396dbbb26e1e42cd41cc71",
      "downloadLocation": "git+https://github.com/FlaxEngine/FlaxEngine.git@ff81d339ef856b3190396dbbb26e1e42cd41cc71",
      "filesAnalyzed": false
    },
    {
      "name": "tinyexr",
      "SPDXID": "SPDXRef-Package-syoyo-tinyexr",
      "versionInfo": "3ffe5f9d5e673e6e8c378d59b306b2824993e705",
      "downloadLocation": "git+https://github.com/syoyo/tinyexr.git@3ffe5f9d5e673e6e8c378d59b306b2824993e705",
      "filesAnalyzed": false
    }
  ],
  "relationships": [
    {
      "spdxElementId": "SPDXRef-Package-FlaxEngine-FlaxEngine",
      "relatedSpdxElement": "SPDXRef-Package-syoyo-tinyexr",
      "relationshipType": "DEPENDS_ON"
    }
  ]
}