{
  "spdxVersion": "SPDX-2.3",
  "dataLicense": "CC0-1.0",
  "SPDXID": "SPDXRef-DOCUMENT",
  "name": "LuxGI Dependency Manifest",
  "documentNamespace": "https://github.com/flwmxd/LuxGI/spdx/f87902c05f8f1e21ff2d732405747ed1367afed7",
  "packages": [
    {
      "name": "LuxGI",
      "SPDXID": "SPDXRef-Package-flwmxd-LuxGI",
      "versionInfo": "f87902c05f8f1e21ff2d732405747ed1367afed7",
      "downloadLocation": "git+https://github.com/flwmxd/LuxGI.git@f87902c05f8f1e21ff2d732405747ed1367afed7",
      "filesAnalyzed": false
    },
    {
      "name": "tinygltf",
      "SPDXID": "SPDXRef-Package-syoyo-tinygltf",
      "versionInfo": "bdc37385f198c787ba143e18f01b06164f8c7d15",
      "downloadLocation": "git+https://github.com/syoyo/tinygltf.git@bdc37385f198c787ba143e18f01b06164f8c7d15",
      "filesAnalyzed": false
    }
  ],
  "relationships": [
    {
      "spdxElementId": "SPDXRef-Package-flwmxd-LuxGI",
      "relatedSpdxElement": "SPDXRef-Package-syoyo-tinygltf",
      "relationshipType": "DEPENDS_ON"
    }
  ]
}