{
  "spdxVersion": "SPDX-2.3",
  "dataLicense": "CC0-1.0",
  "SPDXID": "SPDXRef-DOCUMENT",
  "name": "cherrysoda-engine Dependency Manifest",
  "documentNamespace": "https://github.com/fountainment/cherrysoda-engine/spdx/d274cce00e408f2ec65adceeb97b131ff1f2106c",
  "packages": [
    {
      "name": "cherrysoda-engine",
      "SPDXID": "SPDXRef-Package-fountainment-cherrysoda-engine",
      "versionInfo": "d274cce00e408f2ec65adceeb97b131ff1f2106c",
      "downloadLocation": "git+https://github.com/fountainment/cherrysoda-engine.git@d274cce00e408f2ec65adceeb97b131ff1f2106c",
      "filesAnalyzed": false
    },
    {
      "name": "tinyexr",
      "SPDXID": "SPDXRef-Package-syoyo-tinyexr",
      "versionInfo": "3ffe5f9d5e673e6e8c378d59b306b2824993e705",
      "downloadLocation": "git+https://github.com/syoyo/tinyexr.git@3ffe5f9d5e673e6e8c378d59b306b2824993e705",
      "filesAnalyzed": false
    }
  ],
  "relationships": [
    {
      "spdxElementId": "SPDXRef-Package-fountainment-cherrysoda-engine",
      "relatedSpdxElement": "SPDXRef-Package-syoyo-tinyexr",
      "relationshipType": "DEPENDS_ON"
    }
  ]
}