{
  "spdxVersion": "SPDX-2.3",
  "dataLicense": "CC0-1.0",
  "SPDXID": "SPDXRef-DOCUMENT",
  "name": "shards Dependency Manifest",
  "documentNamespace": "https://github.com/fragcolor-xyz/shards/spdx/eb6832958aabbd9f94b4094265e07ff36c39299a",
  "packages": [
    {
      "name": "shards",
      "SPDXID": "SPDXRef-Package-fragcolor-xyz-shards",
      "versionInfo": "eb6832958aabbd9f94b4094265e07ff36c39299a",
      "downloadLocation": "git+https://github.com/fragcolor-xyz/shards.git@eb6832958aabbd9f94b4094265e07ff36c39299a",
      "filesAnalyzed": false
    },
    {
      "name": "tinygltf",
      "SPDXID": "SPDXRef-Package-syoyo-tinygltf",
      "versionInfo": "bdc37385f198c787ba143e18f01b06164f8c7d15",
      "downloadLocation": "git+https://github.com/syoyo/tinygltf.git@bdc37385f198c787ba143e18f01b06164f8c7d15",
      "filesAnalyzed": false
    }
  ],
  "relationships": [
    {
      "spdxElementId": "SPDXRef-Package-fragcolor-xyz-shards",
      "relatedSpdxElement": "SPDXRef-Package-syoyo-tinygltf",
      "relationshipType": "DEPENDS_ON"
    }
  ]
}