{
  "spdxVersion": "SPDX-2.3",
  "dataLicense": "CC0-1.0",
  "SPDXID": "SPDXRef-DOCUMENT",
  "name": "point-cloud-utils Dependency Manifest",
  "documentNamespace": "https://github.com/fwilliams/point-cloud-utils/spdx/a5ce154b32b9eaae8639a2aa936db3c600f25da9",
  "packages": [
    {
      "name": "point-cloud-utils",
      "SPDXID": "SPDXRef-Package-fwilliams-point-cloud-utils",
      "versionInfo": "a5ce154b32b9eaae8639a2aa936db3c600f25da9",
      "downloadLocation": "git+https://github.com/fwilliams/point-cloud-utils.git@a5ce154b32b9eaae8639a2aa936db3c600f25da9",
      "filesAnalyzed": false
    },
    {
      "name": "embree",
      "SPDXID": "SPDXRef-Package-RenderKit-embree",
      "versionInfo": "d436cb396bd5d66aa147cf8165074f04cbd27436",
      "downloadLocation": "git+https://github.com/RenderKit/embree.git@d436cb396bd5d66aa147cf8165074f04cbd27436",
      "filesAnalyzed": false
    }
  ],
  "relationships": [
    {
      "spdxElementId": "SPDXRef-Package-fwilliams-point-cloud-utils",
      "relatedSpdxElement": "SPDXRef-Package-RenderKit-embree",
      "relationshipType": "DEPENDS_ON"
    }
  ]
}