{
  "spdxVersion": "SPDX-2.3",
  "dataLicense": "CC0-1.0",
  "SPDXID": "SPDXRef-DOCUMENT",
  "name": "BSDF_diffusion_sampling Dependency Manifest",
  "documentNamespace": "https://github.com/fzy28/BSDF_diffusion_sampling/spdx/f2b615cd24f7722e5a141683fd497e2dbad3ccad",
  "packages": [
    {
      "name": "BSDF_diffusion_sampling",
      "SPDXID": "SPDXRef-Package-fzy28-BSDF_diffusion_sampling",
      "versionInfo": "f2b615cd24f7722e5a141683fd497e2dbad3ccad",
      "downloadLocation": "git+https://github.com/fzy28/BSDF_diffusion_sampling.git@f2b615cd24f7722e5a141683fd497e2dbad3ccad",
      "filesAnalyzed": false
    },
    {
      "name": "tinyexr",
      "SPDXID": "SPDXRef-Package-syoyo-tinyexr",
      "versionInfo": "3ffe5f9d5e673e6e8c378d59b306b2824993e705",
      "downloadLocation": "git+https://github.com/syoyo/tinyexr.git@3ffe5f9d5e673e6e8c378d59b306b2824993e705",
      "filesAnalyzed": false
    }
  ],
  "relationships": [
    {
      "spdxElementId": "SPDXRef-Package-fzy28-BSDF_diffusion_sampling",
      "relatedSpdxElement": "SPDXRef-Package-syoyo-tinyexr",
      "relationshipType": "DEPENDS_ON"
    }
  ]
}