{
  "spdxVersion": "SPDX-2.3",
  "dataLicense": "CC0-1.0",
  "SPDXID": "SPDXRef-DOCUMENT",
  "name": "gadgetron Dependency Manifest",
  "documentNamespace": "https://github.com/gadgetron/gadgetron/spdx/1d14c4cd380c57563500b27f5135d2c887e52de4",
  "packages": [
    {
      "name": "gadgetron",
      "SPDXID": "SPDXRef-Package-gadgetron-gadgetron",
      "versionInfo": "1d14c4cd380c57563500b27f5135d2c887e52de4",
      "downloadLocation": "git+https://github.com/gadgetron/gadgetron.git@1d14c4cd380c57563500b27f5135d2c887e52de4",
      "filesAnalyzed": false
    },
    {
      "name": "zfp",
      "SPDXID": "SPDXRef-Package-llnl-zfp",
      "versionInfo": "c4cba153779268b2930585349ff8ed356c9cc83c",
      "downloadLocation": "git+https://github.com/llnl/zfp.git@c4cba153779268b2930585349ff8ed356c9cc83c",
      "filesAnalyzed": false
    }
  ],
  "relationships": [
    {
      "spdxElementId": "SPDXRef-Package-gadgetron-gadgetron",
      "relatedSpdxElement": "SPDXRef-Package-llnl-zfp",
      "relationshipType": "DEPENDS_ON"
    }
  ]
}