{
  "spdxVersion": "SPDX-2.3",
  "dataLicense": "CC0-1.0",
  "SPDXID": "SPDXRef-DOCUMENT",
  "name": "DagorEngine Dependency Manifest",
  "documentNamespace": "https://github.com/GaijinEntertainment/DagorEngine/spdx/210be6a3fccc86f467d8eb09941a54200befc562",
  "packages": [
    {
      "name": "DagorEngine",
      "SPDXID": "SPDXRef-Package-GaijinEntertainment-DagorEngine",
      "versionInfo": "210be6a3fccc86f467d8eb09941a54200befc562",
      "downloadLocation": "git+https://github.com/GaijinEntertainment/DagorEngine.git@210be6a3fccc86f467d8eb09941a54200befc562",
      "filesAnalyzed": false
    },
    {
      "name": "tinyexr",
      "SPDXID": "SPDXRef-Package-syoyo-tinyexr",
      "versionInfo": "3ffe5f9d5e673e6e8c378d59b306b2824993e705",
      "downloadLocation": "git+https://github.com/syoyo/tinyexr.git@3ffe5f9d5e673e6e8c378d59b306b2824993e705",
      "filesAnalyzed": false
    }
  ],
  "relationships": [
    {
      "spdxElementId": "SPDXRef-Package-GaijinEntertainment-DagorEngine",
      "relatedSpdxElement": "SPDXRef-Package-syoyo-tinyexr",
      "relationshipType": "DEPENDS_ON"
    }
  ]
}