{
  "spdxVersion": "SPDX-2.3",
  "dataLicense": "CC0-1.0",
  "SPDXID": "SPDXRef-DOCUMENT",
  "name": "gameplay-deps Dependency Manifest",
  "documentNamespace": "https://github.com/gameplay3d/gameplay-deps/spdx/49ecf040adbaccd23a0f96647a616fa949540837",
  "packages": [
    {
      "name": "gameplay-deps",
      "SPDXID": "SPDXRef-Package-gameplay3d-gameplay-deps",
      "versionInfo": "49ecf040adbaccd23a0f96647a616fa949540837",
      "downloadLocation": "git+https://github.com/gameplay3d/gameplay-deps.git@49ecf040adbaccd23a0f96647a616fa949540837",
      "filesAnalyzed": false
    },
    {
      "name": "Raytracer",
      "SPDXID": "SPDXRef-Package-Witek902-Raytracer",
      "versionInfo": "3e38a82a5ea28e64793e98efc5b8e2643ceb8e9d",
      "downloadLocation": "git+https://github.com/Witek902/Raytracer.git@3e38a82a5ea28e64793e98efc5b8e2643ceb8e9d",
      "filesAnalyzed": false
    }
  ],
  "relationships": [
    {
      "spdxElementId": "SPDXRef-Package-gameplay3d-gameplay-deps",
      "relatedSpdxElement": "SPDXRef-Package-Witek902-Raytracer",
      "relationshipType": "DEPENDS_ON"
    }
  ]
}