{
  "spdxVersion": "SPDX-2.3",
  "dataLicense": "CC0-1.0",
  "SPDXID": "SPDXRef-DOCUMENT",
  "name": "FaceRelighting Dependency Manifest",
  "documentNamespace": "https://github.com/gao-duan/FaceRelighting/spdx/71594027af1605a643571b9628bedddf5fc3b0e9",
  "packages": [
    {
      "name": "FaceRelighting",
      "SPDXID": "SPDXRef-Package-gao-duan-FaceRelighting",
      "versionInfo": "71594027af1605a643571b9628bedddf5fc3b0e9",
      "downloadLocation": "git+https://github.com/gao-duan/FaceRelighting.git@71594027af1605a643571b9628bedddf5fc3b0e9",
      "filesAnalyzed": false
    },
    {
      "name": "tinyexr",
      "SPDXID": "SPDXRef-Package-syoyo-tinyexr",
      "versionInfo": "3ffe5f9d5e673e6e8c378d59b306b2824993e705",
      "downloadLocation": "git+https://github.com/syoyo/tinyexr.git@3ffe5f9d5e673e6e8c378d59b306b2824993e705",
      "filesAnalyzed": false
    }
  ],
  "relationships": [
    {
      "spdxElementId": "SPDXRef-Package-gao-duan-FaceRelighting",
      "relatedSpdxElement": "SPDXRef-Package-syoyo-tinyexr",
      "relationshipType": "DEPENDS_ON"
    }
  ]
}