{
  "spdxVersion": "SPDX-2.3",
  "dataLicense": "CC0-1.0",
  "SPDXID": "SPDXRef-DOCUMENT",
  "name": "gearoenix Dependency Manifest",
  "documentNamespace": "https://github.com/gearoenix/gearoenix/spdx/4ea40dfe339f0093b721dcf5df1eddc33c16c25c",
  "packages": [
    {
      "name": "gearoenix",
      "SPDXID": "SPDXRef-Package-gearoenix-gearoenix",
      "versionInfo": "4ea40dfe339f0093b721dcf5df1eddc33c16c25c",
      "downloadLocation": "git+https://github.com/gearoenix/gearoenix.git@4ea40dfe339f0093b721dcf5df1eddc33c16c25c",
      "filesAnalyzed": false
    },
    {
      "name": "tinygltf",
      "SPDXID": "SPDXRef-Package-syoyo-tinygltf",
      "versionInfo": "bdc37385f198c787ba143e18f01b06164f8c7d15",
      "downloadLocation": "git+https://github.com/syoyo/tinygltf.git@bdc37385f198c787ba143e18f01b06164f8c7d15",
      "filesAnalyzed": false
    }
  ],
  "relationships": [
    {
      "spdxElementId": "SPDXRef-Package-gearoenix-gearoenix",
      "relatedSpdxElement": "SPDXRef-Package-syoyo-tinygltf",
      "relationshipType": "DEPENDS_ON"
    }
  ]
}