{
  "spdxVersion": "SPDX-2.3",
  "dataLicense": "CC0-1.0",
  "SPDXID": "SPDXRef-DOCUMENT",
  "name": "paper_file Dependency Manifest",
  "documentNamespace": "https://github.com/ghostnothing/paper_file/spdx/8493cba9c221ed9cd82e08428900638a3f758b50",
  "packages": [
    {
      "name": "paper_file",
      "SPDXID": "SPDXRef-Package-ghostnothing-paper_file",
      "versionInfo": "8493cba9c221ed9cd82e08428900638a3f758b50",
      "downloadLocation": "git+https://github.com/ghostnothing/paper_file.git@8493cba9c221ed9cd82e08428900638a3f758b50",
      "filesAnalyzed": false
    },
    {
      "name": "love",
      "SPDXID": "SPDXRef-Package-love2d-love",
      "versionInfo": "147d39251c2618852c026f8cadf95f0ffd6a746f",
      "downloadLocation": "git+https://github.com/love2d/love.git@147d39251c2618852c026f8cadf95f0ffd6a746f",
      "filesAnalyzed": false
    }
  ],
  "relationships": [
    {
      "spdxElementId": "SPDXRef-Package-ghostnothing-paper_file",
      "relatedSpdxElement": "SPDXRef-Package-love2d-love",
      "relationshipType": "DEPENDS_ON"
    }
  ]
}