{
  "spdxVersion": "SPDX-2.3",
  "dataLicense": "CC0-1.0",
  "SPDXID": "SPDXRef-DOCUMENT",
  "name": "glimpse Dependency Manifest",
  "documentNamespace": "https://github.com/glimpse-project/glimpse/spdx/f7e0bee5800c72ea37928f7e0fd2e0b7b67cf904",
  "packages": [
    {
      "name": "glimpse",
      "SPDXID": "SPDXRef-Package-glimpse-project-glimpse",
      "versionInfo": "f7e0bee5800c72ea37928f7e0fd2e0b7b67cf904",
      "downloadLocation": "git+https://github.com/glimpse-project/glimpse.git@f7e0bee5800c72ea37928f7e0fd2e0b7b67cf904",
      "filesAnalyzed": false
    },
    {
      "name": "tinyexr",
      "SPDXID": "SPDXRef-Package-syoyo-tinyexr",
      "versionInfo": "3ffe5f9d5e673e6e8c378d59b306b2824993e705",
      "downloadLocation": "git+https://github.com/syoyo/tinyexr.git@3ffe5f9d5e673e6e8c378d59b306b2824993e705",
      "filesAnalyzed": false
    }
  ],
  "relationships": [
    {
      "spdxElementId": "SPDXRef-Package-glimpse-project-glimpse",
      "relatedSpdxElement": "SPDXRef-Package-syoyo-tinyexr",
      "relationshipType": "DEPENDS_ON"
    }
  ]
}