{
  "spdxVersion": "SPDX-2.3",
  "dataLicense": "CC0-1.0",
  "SPDXID": "SPDXRef-DOCUMENT",
  "name": "smalltalk Dependency Manifest",
  "documentNamespace": "https://github.com/gnu-smalltalk/smalltalk/spdx/768d3ef44c2bd485ea1e595edf00824d2f6a5384",
  "packages": [
    {
      "name": "smalltalk",
      "SPDXID": "SPDXRef-Package-gnu-smalltalk-smalltalk",
      "versionInfo": "768d3ef44c2bd485ea1e595edf00824d2f6a5384",
      "downloadLocation": "git+https://github.com/gnu-smalltalk/smalltalk.git@768d3ef44c2bd485ea1e595edf00824d2f6a5384",
      "filesAnalyzed": false
    },
    {
      "name": "filament",
      "SPDXID": "SPDXRef-Package-google-filament",
      "versionInfo": "e4ae96a2a191d3d20b1586641d1f6e0babc6aa5a",
      "downloadLocation": "git+https://github.com/google/filament.git@e4ae96a2a191d3d20b1586641d1f6e0babc6aa5a",
      "filesAnalyzed": false
    }
  ],
  "relationships": [
    {
      "spdxElementId": "SPDXRef-Package-gnu-smalltalk-smalltalk",
      "relatedSpdxElement": "SPDXRef-Package-google-filament",
      "relationshipType": "DEPENDS_ON"
    }
  ]
}