{
  "spdxVersion": "SPDX-2.3",
  "dataLicense": "CC0-1.0",
  "SPDXID": "SPDXRef-DOCUMENT",
  "name": "godot-go Dependency Manifest",
  "documentNamespace": "https://github.com/godot-go/godot-go/spdx/737c39205a5293f1593e0f294769a132473517f2",
  "packages": [
    {
      "name": "godot-go",
      "SPDXID": "SPDXRef-Package-godot-go-godot-go",
      "versionInfo": "737c39205a5293f1593e0f294769a132473517f2",
      "downloadLocation": "git+https://github.com/godot-go/godot-go.git@737c39205a5293f1593e0f294769a132473517f2",
      "filesAnalyzed": false
    },
    {
      "name": "godot",
      "SPDXID": "SPDXRef-Package-godotengine-godot",
      "versionInfo": "5cba18ff3bbe5adc9b4a8d7e970084979014b5f4",
      "downloadLocation": "git+https://github.com/godotengine/godot.git@5cba18ff3bbe5adc9b4a8d7e970084979014b5f4",
      "filesAnalyzed": false
    }
  ],
  "relationships": [
    {
      "spdxElementId": "SPDXRef-Package-godot-go-godot-go",
      "relatedSpdxElement": "SPDXRef-Package-godotengine-godot",
      "relationshipType": "DEPENDS_ON"
    }
  ]
}