{
  "spdxVersion": "SPDX-2.3",
  "dataLicense": "CC0-1.0",
  "SPDXID": "SPDXRef-DOCUMENT",
  "name": "godot Dependency Manifest",
  "documentNamespace": "https://github.com/godotengine/godot/spdx/5cba18ff3bbe5adc9b4a8d7e970084979014b5f4",
  "packages": [
    {
      "name": "godot",
      "SPDXID": "SPDXRef-Package-godotengine-godot",
      "versionInfo": "5cba18ff3bbe5adc9b4a8d7e970084979014b5f4",
      "downloadLocation": "git+https://github.com/godotengine/godot.git@5cba18ff3bbe5adc9b4a8d7e970084979014b5f4",
      "filesAnalyzed": false
    },
    {
      "name": "tinyexr",
      "SPDXID": "SPDXRef-Package-syoyo-tinyexr",
      "versionInfo": "3ffe5f9d5e673e6e8c378d59b306b2824993e705",
      "downloadLocation": "git+https://github.com/syoyo/tinyexr.git@3ffe5f9d5e673e6e8c378d59b306b2824993e705",
      "filesAnalyzed": false
    }
  ],
  "relationships": [
    {
      "spdxElementId": "SPDXRef-Package-godotengine-godot",
      "relatedSpdxElement": "SPDXRef-Package-syoyo-tinyexr",
      "relationshipType": "DEPENDS_ON"
    }
  ]
}