{
  "spdxVersion": "SPDX-2.3",
  "dataLicense": "CC0-1.0",
  "SPDXID": "SPDXRef-DOCUMENT",
  "name": "godot-demo-projects Dependency Manifest",
  "documentNamespace": "https://github.com/godotengine/godot-demo-projects/spdx/f228ea632391a79d8b05109d27e736b4f45893b1",
  "packages": [
    {
      "name": "godot-demo-projects",
      "SPDXID": "SPDXRef-Package-godotengine-godot-demo-projects",
      "versionInfo": "f228ea632391a79d8b05109d27e736b4f45893b1",
      "downloadLocation": "git+https://github.com/godotengine/godot-demo-projects.git@f228ea632391a79d8b05109d27e736b4f45893b1",
      "filesAnalyzed": false
    },
    {
      "name": "godot",
      "SPDXID": "SPDXRef-Package-godotengine-godot",
      "versionInfo": "5cba18ff3bbe5adc9b4a8d7e970084979014b5f4",
      "downloadLocation": "git+https://github.com/godotengine/godot.git@5cba18ff3bbe5adc9b4a8d7e970084979014b5f4",
      "filesAnalyzed": false
    }
  ],
  "relationships": [
    {
      "spdxElementId": "SPDXRef-Package-godotengine-godot-demo-projects",
      "relatedSpdxElement": "SPDXRef-Package-godotengine-godot",
      "relationshipType": "DEPENDS_ON"
    }
  ]
}