{
  "spdxVersion": "SPDX-2.3",
  "dataLicense": "CC0-1.0",
  "SPDXID": "SPDXRef-DOCUMENT",
  "name": "gonzales Dependency Manifest",
  "documentNamespace": "https://github.com/gonsolo/gonzales/spdx/dba95ccd048d807d90d1cc3a4a64a27e9a72e070",
  "packages": [
    {
      "name": "gonzales",
      "SPDXID": "SPDXRef-Package-gonsolo-gonzales",
      "versionInfo": "dba95ccd048d807d90d1cc3a4a64a27e9a72e070",
      "downloadLocation": "git+https://github.com/gonsolo/gonzales.git@dba95ccd048d807d90d1cc3a4a64a27e9a72e070",
      "filesAnalyzed": false
    },
    {
      "name": "embree",
      "SPDXID": "SPDXRef-Package-RenderKit-embree",
      "versionInfo": "d436cb396bd5d66aa147cf8165074f04cbd27436",
      "downloadLocation": "git+https://github.com/RenderKit/embree.git@d436cb396bd5d66aa147cf8165074f04cbd27436",
      "filesAnalyzed": false
    }
  ],
  "relationships": [
    {
      "spdxElementId": "SPDXRef-Package-gonsolo-gonzales",
      "relatedSpdxElement": "SPDXRef-Package-RenderKit-embree",
      "relationshipType": "DEPENDS_ON"
    }
  ]
}