{
  "spdxVersion": "SPDX-2.3",
  "dataLicense": "CC0-1.0",
  "SPDXID": "SPDXRef-DOCUMENT",
  "name": "filament Dependency Manifest",
  "documentNamespace": "https://github.com/google/filament/spdx/e4ae96a2a191d3d20b1586641d1f6e0babc6aa5a",
  "packages": [
    {
      "name": "filament",
      "SPDXID": "SPDXRef-Package-google-filament",
      "versionInfo": "e4ae96a2a191d3d20b1586641d1f6e0babc6aa5a",
      "downloadLocation": "git+https://github.com/google/filament.git@e4ae96a2a191d3d20b1586641d1f6e0babc6aa5a",
      "filesAnalyzed": false
    },
    {
      "name": "tinyexr",
      "SPDXID": "SPDXRef-Package-syoyo-tinyexr",
      "versionInfo": "3ffe5f9d5e673e6e8c378d59b306b2824993e705",
      "downloadLocation": "git+https://github.com/syoyo/tinyexr.git@3ffe5f9d5e673e6e8c378d59b306b2824993e705",
      "filesAnalyzed": false
    }
  ],
  "relationships": [
    {
      "spdxElementId": "SPDXRef-Package-google-filament",
      "relatedSpdxElement": "SPDXRef-Package-syoyo-tinyexr",
      "relationshipType": "DEPENDS_ON"
    }
  ]
}