{
  "spdxVersion": "SPDX-2.3",
  "dataLicense": "CC0-1.0",
  "SPDXID": "SPDXRef-DOCUMENT",
  "name": "mujoco Dependency Manifest",
  "documentNamespace": "https://github.com/google-deepmind/mujoco/spdx/07d7bc95e35bb90f9ef5b2db8b38c30749098918",
  "packages": [
    {
      "name": "mujoco",
      "SPDXID": "SPDXRef-Package-google-deepmind-mujoco",
      "versionInfo": "07d7bc95e35bb90f9ef5b2db8b38c30749098918",
      "downloadLocation": "git+https://github.com/google-deepmind/mujoco.git@07d7bc95e35bb90f9ef5b2db8b38c30749098918",
      "filesAnalyzed": false
    },
    {
      "name": "filament",
      "SPDXID": "SPDXRef-Package-google-filament",
      "versionInfo": "e4ae96a2a191d3d20b1586641d1f6e0babc6aa5a",
      "downloadLocation": "git+https://github.com/google/filament.git@e4ae96a2a191d3d20b1586641d1f6e0babc6aa5a",
      "filesAnalyzed": false
    }
  ],
  "relationships": [
    {
      "spdxElementId": "SPDXRef-Package-google-deepmind-mujoco",
      "relatedSpdxElement": "SPDXRef-Package-google-filament",
      "relationshipType": "DEPENDS_ON"
    }
  ]
}