{
  "spdxVersion": "SPDX-2.3",
  "dataLicense": "CC0-1.0",
  "SPDXID": "SPDXRef-DOCUMENT",
  "name": "lullaby Dependency Manifest",
  "documentNamespace": "https://github.com/google/lullaby/spdx/18d76bee62014057d5f5547d7e87f9508a90bcb9",
  "packages": [
    {
      "name": "lullaby",
      "SPDXID": "SPDXRef-Package-google-lullaby",
      "versionInfo": "18d76bee62014057d5f5547d7e87f9508a90bcb9",
      "downloadLocation": "git+https://github.com/google/lullaby.git@18d76bee62014057d5f5547d7e87f9508a90bcb9",
      "filesAnalyzed": false
    },
    {
      "name": "filament",
      "SPDXID": "SPDXRef-Package-google-filament",
      "versionInfo": "e4ae96a2a191d3d20b1586641d1f6e0babc6aa5a",
      "downloadLocation": "git+https://github.com/google/filament.git@e4ae96a2a191d3d20b1586641d1f6e0babc6aa5a",
      "filesAnalyzed": false
    }
  ],
  "relationships": [
    {
      "spdxElementId": "SPDXRef-Package-google-lullaby",
      "relatedSpdxElement": "SPDXRef-Package-google-filament",
      "relationshipType": "DEPENDS_ON"
    }
  ]
}