{
  "spdxVersion": "SPDX-2.3",
  "dataLicense": "CC0-1.0",
  "SPDXID": "SPDXRef-DOCUMENT",
  "name": "gfxstream Dependency Manifest",
  "documentNamespace": "https://github.com/google/gfxstream/spdx/3b4da721654745c175b7765bac7f3df409a91a48",
  "packages": [
    {
      "name": "gfxstream",
      "SPDXID": "SPDXRef-Package-google-gfxstream",
      "versionInfo": "3b4da721654745c175b7765bac7f3df409a91a48",
      "downloadLocation": "git+https://github.com/google/gfxstream.git@3b4da721654745c175b7765bac7f3df409a91a48",
      "filesAnalyzed": false
    },
    {
      "name": "tinyexr",
      "SPDXID": "SPDXRef-Package-syoyo-tinyexr",
      "versionInfo": "3ffe5f9d5e673e6e8c378d59b306b2824993e705",
      "downloadLocation": "git+https://github.com/syoyo/tinyexr.git@3ffe5f9d5e673e6e8c378d59b306b2824993e705",
      "filesAnalyzed": false
    }
  ],
  "relationships": [
    {
      "spdxElementId": "SPDXRef-Package-google-gfxstream",
      "relatedSpdxElement": "SPDXRef-Package-syoyo-tinyexr",
      "relationshipType": "DEPENDS_ON"
    }
  ]
}