{
  "spdxVersion": "SPDX-2.3",
  "dataLicense": "CC0-1.0",
  "SPDXID": "SPDXRef-DOCUMENT",
  "name": "FidelityFX-SDK Dependency Manifest",
  "documentNamespace": "https://github.com/GPUOpen-LibrariesAndSDKs/FidelityFX-SDK/spdx/8f7498a4b42d06d1daf64b3961ddcaedc07ccaf0",
  "packages": [
    {
      "name": "FidelityFX-SDK",
      "SPDXID": "SPDXRef-Package-GPUOpen-LibrariesAndSDKs-FidelityFX-SDK",
      "versionInfo": "8f7498a4b42d06d1daf64b3961ddcaedc07ccaf0",
      "downloadLocation": "git+https://github.com/GPUOpen-LibrariesAndSDKs/FidelityFX-SDK.git@8f7498a4b42d06d1daf64b3961ddcaedc07ccaf0",
      "filesAnalyzed": false
    },
    {
      "name": "OpenSource",
      "SPDXID": "SPDXRef-Package-JanThorbecke-OpenSource",
      "versionInfo": "a156046a3e11fa160775acb8256c0ac596de0422",
      "downloadLocation": "git+https://github.com/JanThorbecke/OpenSource.git@a156046a3e11fa160775acb8256c0ac596de0422",
      "filesAnalyzed": false
    }
  ],
  "relationships": [
    {
      "spdxElementId": "SPDXRef-Package-GPUOpen-LibrariesAndSDKs-FidelityFX-SDK",
      "relatedSpdxElement": "SPDXRef-Package-JanThorbecke-OpenSource",
      "relationshipType": "DEPENDS_ON"
    }
  ]
}