{
  "spdxVersion": "SPDX-2.3",
  "dataLicense": "CC0-1.0",
  "SPDXID": "SPDXRef-DOCUMENT",
  "name": "Capsaicin Dependency Manifest",
  "documentNamespace": "https://github.com/GPUOpen-LibrariesAndSDKs/Capsaicin/spdx/914b91596cd119eda85fbc1d3c7ee6ac391b1452",
  "packages": [
    {
      "name": "Capsaicin",
      "SPDXID": "SPDXRef-Package-GPUOpen-LibrariesAndSDKs-Capsaicin",
      "versionInfo": "914b91596cd119eda85fbc1d3c7ee6ac391b1452",
      "downloadLocation": "git+https://github.com/GPUOpen-LibrariesAndSDKs/Capsaicin.git@914b91596cd119eda85fbc1d3c7ee6ac391b1452",
      "filesAnalyzed": false
    },
    {
      "name": "tinyexr",
      "SPDXID": "SPDXRef-Package-syoyo-tinyexr",
      "versionInfo": "3ffe5f9d5e673e6e8c378d59b306b2824993e705",
      "downloadLocation": "git+https://github.com/syoyo/tinyexr.git@3ffe5f9d5e673e6e8c378d59b306b2824993e705",
      "filesAnalyzed": false
    }
  ],
  "relationships": [
    {
      "spdxElementId": "SPDXRef-Package-GPUOpen-LibrariesAndSDKs-Capsaicin",
      "relatedSpdxElement": "SPDXRef-Package-syoyo-tinyexr",
      "relationshipType": "DEPENDS_ON"
    }
  ]
}