{
  "spdxVersion": "SPDX-2.3",
  "dataLicense": "CC0-1.0",
  "SPDXID": "SPDXRef-DOCUMENT",
  "name": "Hybrid-Shadows Dependency Manifest",
  "documentNamespace": "https://github.com/GPUOpen-Effects/Hybrid-Shadows/spdx/0cf18422a73eda8b4a23870091372a7717387f3e",
  "packages": [
    {
      "name": "Hybrid-Shadows",
      "SPDXID": "SPDXRef-Package-GPUOpen-Effects-Hybrid-Shadows",
      "versionInfo": "0cf18422a73eda8b4a23870091372a7717387f3e",
      "downloadLocation": "git+https://github.com/GPUOpen-Effects/Hybrid-Shadows.git@0cf18422a73eda8b4a23870091372a7717387f3e",
      "filesAnalyzed": false
    },
    {
      "name": "Raytracer",
      "SPDXID": "SPDXRef-Package-Witek902-Raytracer",
      "versionInfo": "3e38a82a5ea28e64793e98efc5b8e2643ceb8e9d",
      "downloadLocation": "git+https://github.com/Witek902/Raytracer.git@3e38a82a5ea28e64793e98efc5b8e2643ceb8e9d",
      "filesAnalyzed": false
    }
  ],
  "relationships": [
    {
      "spdxElementId": "SPDXRef-Package-GPUOpen-Effects-Hybrid-Shadows",
      "relatedSpdxElement": "SPDXRef-Package-Witek902-Raytracer",
      "relationshipType": "DEPENDS_ON"
    }
  ]
}