{
  "spdxVersion": "SPDX-2.3",
  "dataLicense": "CC0-1.0",
  "SPDXID": "SPDXRef-DOCUMENT",
  "name": "RadeonProRenderUSD Dependency Manifest",
  "documentNamespace": "https://github.com/GPUOpen-LibrariesAndSDKs/RadeonProRenderUSD/spdx/db0797393a4d75af0fdfea434c1c27f2fc425937",
  "packages": [
    {
      "name": "RadeonProRenderUSD",
      "SPDXID": "SPDXRef-Package-GPUOpen-LibrariesAndSDKs-RadeonProRenderUSD",
      "versionInfo": "db0797393a4d75af0fdfea434c1c27f2fc425937",
      "downloadLocation": "git+https://github.com/GPUOpen-LibrariesAndSDKs/RadeonProRenderUSD.git@db0797393a4d75af0fdfea434c1c27f2fc425937",
      "filesAnalyzed": false
    },
    {
      "name": "RadeonImageFilter",
      "SPDXID": "SPDXRef-Package-GPUOpen-LibrariesAndSDKs-RadeonImageFilter",
      "versionInfo": "31b926e462a097e54efd653f2ed8ba5a4fad2d8c",
      "downloadLocation": "git+https://github.com/GPUOpen-LibrariesAndSDKs/RadeonImageFilter.git@31b926e462a097e54efd653f2ed8ba5a4fad2d8c",
      "filesAnalyzed": false
    }
  ],
  "relationships": [
    {
      "spdxElementId": "SPDXRef-Package-GPUOpen-LibrariesAndSDKs-RadeonProRenderUSD",
      "relatedSpdxElement": "SPDXRef-Package-GPUOpen-LibrariesAndSDKs-RadeonImageFilter",
      "relationshipType": "DEPENDS_ON"
    }
  ]
}