{
  "spdxVersion": "SPDX-2.3",
  "dataLicense": "CC0-1.0",
  "SPDXID": "SPDXRef-DOCUMENT",
  "name": "RadeonImageFilter Dependency Manifest",
  "documentNamespace": "https://github.com/GPUOpen-LibrariesAndSDKs/RadeonImageFilter/spdx/31b926e462a097e54efd653f2ed8ba5a4fad2d8c",
  "packages": [
    {
      "name": "RadeonImageFilter",
      "SPDXID": "SPDXRef-Package-GPUOpen-LibrariesAndSDKs-RadeonImageFilter",
      "versionInfo": "31b926e462a097e54efd653f2ed8ba5a4fad2d8c",
      "downloadLocation": "git+https://github.com/GPUOpen-LibrariesAndSDKs/RadeonImageFilter.git@31b926e462a097e54efd653f2ed8ba5a4fad2d8c",
      "filesAnalyzed": false
    },
    {
      "name": "tinyexr",
      "SPDXID": "SPDXRef-Package-syoyo-tinyexr",
      "versionInfo": "3ffe5f9d5e673e6e8c378d59b306b2824993e705",
      "downloadLocation": "git+https://github.com/syoyo/tinyexr.git@3ffe5f9d5e673e6e8c378d59b306b2824993e705",
      "filesAnalyzed": false
    }
  ],
  "relationships": [
    {
      "spdxElementId": "SPDXRef-Package-GPUOpen-LibrariesAndSDKs-RadeonImageFilter",
      "relatedSpdxElement": "SPDXRef-Package-syoyo-tinyexr",
      "relationshipType": "DEPENDS_ON"
    }
  ]
}