{
  "spdxVersion": "SPDX-2.3",
  "dataLicense": "CC0-1.0",
  "SPDXID": "SPDXRef-DOCUMENT",
  "name": "RadeonProRenderBlenderAddon Dependency Manifest",
  "documentNamespace": "https://github.com/GPUOpen-LibrariesAndSDKs/RadeonProRenderBlenderAddon/spdx/a854c3ec47c006d124f38daf5fbc81fa032343d2",
  "packages": [
    {
      "name": "RadeonProRenderBlenderAddon",
      "SPDXID": "SPDXRef-Package-GPUOpen-LibrariesAndSDKs-RadeonProRenderBlenderAddon",
      "versionInfo": "a854c3ec47c006d124f38daf5fbc81fa032343d2",
      "downloadLocation": "git+https://github.com/GPUOpen-LibrariesAndSDKs/RadeonProRenderBlenderAddon.git@a854c3ec47c006d124f38daf5fbc81fa032343d2",
      "filesAnalyzed": false
    },
    {
      "name": "RadeonImageFilter",
      "SPDXID": "SPDXRef-Package-GPUOpen-LibrariesAndSDKs-RadeonImageFilter",
      "versionInfo": "31b926e462a097e54efd653f2ed8ba5a4fad2d8c",
      "downloadLocation": "git+https://github.com/GPUOpen-LibrariesAndSDKs/RadeonImageFilter.git@31b926e462a097e54efd653f2ed8ba5a4fad2d8c",
      "filesAnalyzed": false
    }
  ],
  "relationships": [
    {
      "spdxElementId": "SPDXRef-Package-GPUOpen-LibrariesAndSDKs-RadeonProRenderBlenderAddon",
      "relatedSpdxElement": "SPDXRef-Package-GPUOpen-LibrariesAndSDKs-RadeonImageFilter",
      "relationshipType": "DEPENDS_ON"
    }
  ]
}