{
  "spdxVersion": "SPDX-2.3",
  "dataLicense": "CC0-1.0",
  "SPDXID": "SPDXRef-DOCUMENT",
  "name": "nerfshop Dependency Manifest",
  "documentNamespace": "https://github.com/graphdeco-inria/nerfshop/spdx/7cf1cfc032d496d7b57d0905784fa3967bcfd485",
  "packages": [
    {
      "name": "nerfshop",
      "SPDXID": "SPDXRef-Package-graphdeco-inria-nerfshop",
      "versionInfo": "7cf1cfc032d496d7b57d0905784fa3967bcfd485",
      "downloadLocation": "git+https://github.com/graphdeco-inria/nerfshop.git@7cf1cfc032d496d7b57d0905784fa3967bcfd485",
      "filesAnalyzed": false
    },
    {
      "name": "tinyexr",
      "SPDXID": "SPDXRef-Package-syoyo-tinyexr",
      "versionInfo": "3ffe5f9d5e673e6e8c378d59b306b2824993e705",
      "downloadLocation": "git+https://github.com/syoyo/tinyexr.git@3ffe5f9d5e673e6e8c378d59b306b2824993e705",
      "filesAnalyzed": false
    }
  ],
  "relationships": [
    {
      "spdxElementId": "SPDXRef-Package-graphdeco-inria-nerfshop",
      "relatedSpdxElement": "SPDXRef-Package-syoyo-tinyexr",
      "relationshipType": "DEPENDS_ON"
    }
  ]
}