{
  "spdxVersion": "SPDX-2.3",
  "dataLicense": "CC0-1.0",
  "SPDXID": "SPDXRef-DOCUMENT",
  "name": "SnakeStrike Dependency Manifest",
  "documentNamespace": "https://github.com/gwjensen/SnakeStrike/spdx/7279269b7679e3b1f0ceb2ecbec39efc0d1b00d9",
  "packages": [
    {
      "name": "SnakeStrike",
      "SPDXID": "SPDXRef-Package-gwjensen-SnakeStrike",
      "versionInfo": "7279269b7679e3b1f0ceb2ecbec39efc0d1b00d9",
      "downloadLocation": "git+https://github.com/gwjensen/SnakeStrike.git@7279269b7679e3b1f0ceb2ecbec39efc0d1b00d9",
      "filesAnalyzed": false
    },
    {
      "name": "OpenSource",
      "SPDXID": "SPDXRef-Package-JanThorbecke-OpenSource",
      "versionInfo": "a156046a3e11fa160775acb8256c0ac596de0422",
      "downloadLocation": "git+https://github.com/JanThorbecke/OpenSource.git@a156046a3e11fa160775acb8256c0ac596de0422",
      "filesAnalyzed": false
    }
  ],
  "relationships": [
    {
      "spdxElementId": "SPDXRef-Package-gwjensen-SnakeStrike",
      "relatedSpdxElement": "SPDXRef-Package-JanThorbecke-OpenSource",
      "relationshipType": "DEPENDS_ON"
    }
  ]
}