{
  "spdxVersion": "SPDX-2.3",
  "dataLicense": "CC0-1.0",
  "SPDXID": "SPDXRef-DOCUMENT",
  "name": "love-native-android Dependency Manifest",
  "documentNamespace": "https://github.com/hagish/love-native-android/spdx/813fb45dc0652e8803fe32da7acd1c9512ff4902",
  "packages": [
    {
      "name": "love-native-android",
      "SPDXID": "SPDXRef-Package-hagish-love-native-android",
      "versionInfo": "813fb45dc0652e8803fe32da7acd1c9512ff4902",
      "downloadLocation": "git+https://github.com/hagish/love-native-android.git@813fb45dc0652e8803fe32da7acd1c9512ff4902",
      "filesAnalyzed": false
    },
    {
      "name": "love",
      "SPDXID": "SPDXRef-Package-love2d-love",
      "versionInfo": "147d39251c2618852c026f8cadf95f0ffd6a746f",
      "downloadLocation": "git+https://github.com/love2d/love.git@147d39251c2618852c026f8cadf95f0ffd6a746f",
      "filesAnalyzed": false
    }
  ],
  "relationships": [
    {
      "spdxElementId": "SPDXRef-Package-hagish-love-native-android",
      "relatedSpdxElement": "SPDXRef-Package-love2d-love",
      "relationshipType": "DEPENDS_ON"
    }
  ]
}