{
  "spdxVersion": "SPDX-2.3",
  "dataLicense": "CC0-1.0",
  "SPDXID": "SPDXRef-DOCUMENT",
  "name": "LunaTranslator Dependency Manifest",
  "documentNamespace": "https://github.com/HIllya51/LunaTranslator/spdx/4ac8c610ce7f673ff29ad77919aa971b02bfbf89",
  "packages": [
    {
      "name": "LunaTranslator",
      "SPDXID": "SPDXRef-Package-HIllya51-LunaTranslator",
      "versionInfo": "4ac8c610ce7f673ff29ad77919aa971b02bfbf89",
      "downloadLocation": "git+https://github.com/HIllya51/LunaTranslator.git@4ac8c610ce7f673ff29ad77919aa971b02bfbf89",
      "filesAnalyzed": false
    },
    {
      "name": "godot",
      "SPDXID": "SPDXRef-Package-godotengine-godot",
      "versionInfo": "5cba18ff3bbe5adc9b4a8d7e970084979014b5f4",
      "downloadLocation": "git+https://github.com/godotengine/godot.git@5cba18ff3bbe5adc9b4a8d7e970084979014b5f4",
      "filesAnalyzed": false
    }
  ],
  "relationships": [
    {
      "spdxElementId": "SPDXRef-Package-HIllya51-LunaTranslator",
      "relatedSpdxElement": "SPDXRef-Package-godotengine-godot",
      "relationshipType": "DEPENDS_ON"
    }
  ]
}