{
  "spdxVersion": "SPDX-2.3",
  "dataLicense": "CC0-1.0",
  "SPDXID": "SPDXRef-DOCUMENT",
  "name": "HippoPlayer Dependency Manifest",
  "documentNamespace": "https://github.com/HippoPlayer/HippoPlayer/spdx/caf376e9fbed8c41c8e9fc535fa7091ad3dc38c4",
  "packages": [
    {
      "name": "HippoPlayer",
      "SPDXID": "SPDXRef-Package-HippoPlayer-HippoPlayer",
      "versionInfo": "caf376e9fbed8c41c8e9fc535fa7091ad3dc38c4",
      "downloadLocation": "git+https://github.com/HippoPlayer/HippoPlayer.git@caf376e9fbed8c41c8e9fc535fa7091ad3dc38c4",
      "filesAnalyzed": false
    },
    {
      "name": "tinyexr",
      "SPDXID": "SPDXRef-Package-syoyo-tinyexr",
      "versionInfo": "3ffe5f9d5e673e6e8c378d59b306b2824993e705",
      "downloadLocation": "git+https://github.com/syoyo/tinyexr.git@3ffe5f9d5e673e6e8c378d59b306b2824993e705",
      "filesAnalyzed": false
    }
  ],
  "relationships": [
    {
      "spdxElementId": "SPDXRef-Package-HippoPlayer-HippoPlayer",
      "relatedSpdxElement": "SPDXRef-Package-syoyo-tinyexr",
      "relationshipType": "DEPENDS_ON"
    }
  ]
}