{
  "spdxVersion": "SPDX-2.3",
  "dataLicense": "CC0-1.0",
  "SPDXID": "SPDXRef-DOCUMENT",
  "name": "covise Dependency Manifest",
  "documentNamespace": "https://github.com/hlrs-vis/covise/spdx/4ee4b21787f249bec482f6763b5ea76aff5eb46d",
  "packages": [
    {
      "name": "covise",
      "SPDXID": "SPDXRef-Package-hlrs-vis-covise",
      "versionInfo": "4ee4b21787f249bec482f6763b5ea76aff5eb46d",
      "downloadLocation": "git+https://github.com/hlrs-vis/covise.git@4ee4b21787f249bec482f6763b5ea76aff5eb46d",
      "filesAnalyzed": false
    },
    {
      "name": "Raytracer",
      "SPDXID": "SPDXRef-Package-Witek902-Raytracer",
      "versionInfo": "3e38a82a5ea28e64793e98efc5b8e2643ceb8e9d",
      "downloadLocation": "git+https://github.com/Witek902/Raytracer.git@3e38a82a5ea28e64793e98efc5b8e2643ceb8e9d",
      "filesAnalyzed": false
    }
  ],
  "relationships": [
    {
      "spdxElementId": "SPDXRef-Package-hlrs-vis-covise",
      "relatedSpdxElement": "SPDXRef-Package-Witek902-Raytracer",
      "relationshipType": "DEPENDS_ON"
    }
  ]
}