{
  "spdxVersion": "SPDX-2.3",
  "dataLicense": "CC0-1.0",
  "SPDXID": "SPDXRef-DOCUMENT",
  "name": "SwiftVVD Dependency Manifest",
  "documentNamespace": "https://github.com/Hongtae/SwiftVVD/spdx/b30b0ba2e92591d760d818e4f560e81fd76a28f7",
  "packages": [
    {
      "name": "SwiftVVD",
      "SPDXID": "SPDXRef-Package-Hongtae-SwiftVVD",
      "versionInfo": "b30b0ba2e92591d760d818e4f560e81fd76a28f7",
      "downloadLocation": "git+https://github.com/Hongtae/SwiftVVD.git@b30b0ba2e92591d760d818e4f560e81fd76a28f7",
      "filesAnalyzed": false
    },
    {
      "name": "tinyexr",
      "SPDXID": "SPDXRef-Package-syoyo-tinyexr",
      "versionInfo": "3ffe5f9d5e673e6e8c378d59b306b2824993e705",
      "downloadLocation": "git+https://github.com/syoyo/tinyexr.git@3ffe5f9d5e673e6e8c378d59b306b2824993e705",
      "filesAnalyzed": false
    }
  ],
  "relationships": [
    {
      "spdxElementId": "SPDXRef-Package-Hongtae-SwiftVVD",
      "relatedSpdxElement": "SPDXRef-Package-syoyo-tinyexr",
      "relationshipType": "DEPENDS_ON"
    }
  ]
}