{
  "spdxVersion": "SPDX-2.3",
  "dataLicense": "CC0-1.0",
  "SPDXID": "SPDXRef-DOCUMENT",
  "name": "rtnn Dependency Manifest",
  "documentNamespace": "https://github.com/horizon-research/rtnn/spdx/5532e7031d0c8268ffa555972f074f8882b379b5",
  "packages": [
    {
      "name": "rtnn",
      "SPDXID": "SPDXRef-Package-horizon-research-rtnn",
      "versionInfo": "5532e7031d0c8268ffa555972f074f8882b379b5",
      "downloadLocation": "git+https://github.com/horizon-research/rtnn.git@5532e7031d0c8268ffa555972f074f8882b379b5",
      "filesAnalyzed": false
    },
    {
      "name": "tinygltf",
      "SPDXID": "SPDXRef-Package-syoyo-tinygltf",
      "versionInfo": "bdc37385f198c787ba143e18f01b06164f8c7d15",
      "downloadLocation": "git+https://github.com/syoyo/tinygltf.git@bdc37385f198c787ba143e18f01b06164f8c7d15",
      "filesAnalyzed": false
    }
  ],
  "relationships": [
    {
      "spdxElementId": "SPDXRef-Package-horizon-research-rtnn",
      "relatedSpdxElement": "SPDXRef-Package-syoyo-tinygltf",
      "relationshipType": "DEPENDS_ON"
    }
  ]
}