{
  "spdxVersion": "SPDX-2.3",
  "dataLicense": "CC0-1.0",
  "SPDXID": "SPDXRef-DOCUMENT",
  "name": "Hork-Source Dependency Manifest",
  "documentNamespace": "https://github.com/Hork-Engine/Hork-Source/spdx/7aafa023cb19ab63ef528c888a3e59bea6982da9",
  "packages": [
    {
      "name": "Hork-Source",
      "SPDXID": "SPDXRef-Package-Hork-Engine-Hork-Source",
      "versionInfo": "7aafa023cb19ab63ef528c888a3e59bea6982da9",
      "downloadLocation": "git+https://github.com/Hork-Engine/Hork-Source.git@7aafa023cb19ab63ef528c888a3e59bea6982da9",
      "filesAnalyzed": false
    },
    {
      "name": "tinyexr",
      "SPDXID": "SPDXRef-Package-syoyo-tinyexr",
      "versionInfo": "3ffe5f9d5e673e6e8c378d59b306b2824993e705",
      "downloadLocation": "git+https://github.com/syoyo/tinyexr.git@3ffe5f9d5e673e6e8c378d59b306b2824993e705",
      "filesAnalyzed": false
    }
  ],
  "relationships": [
    {
      "spdxElementId": "SPDXRef-Package-Hork-Engine-Hork-Source",
      "relatedSpdxElement": "SPDXRef-Package-syoyo-tinyexr",
      "relationshipType": "DEPENDS_ON"
    }
  ]
}