{
  "spdxVersion": "SPDX-2.3",
  "dataLicense": "CC0-1.0",
  "SPDXID": "SPDXRef-DOCUMENT",
  "name": "MGE-XE Dependency Manifest",
  "documentNamespace": "https://github.com/Hrnchamd/MGE-XE/spdx/a2a2a527aa0c37c314c491f08e2f8b45da7cce38",
  "packages": [
    {
      "name": "MGE-XE",
      "SPDXID": "SPDXRef-Package-Hrnchamd-MGE-XE",
      "versionInfo": "a2a2a527aa0c37c314c491f08e2f8b45da7cce38",
      "downloadLocation": "git+https://github.com/Hrnchamd/MGE-XE.git@a2a2a527aa0c37c314c491f08e2f8b45da7cce38",
      "filesAnalyzed": false
    },
    {
      "name": "Raytracer",
      "SPDXID": "SPDXRef-Package-Witek902-Raytracer",
      "versionInfo": "3e38a82a5ea28e64793e98efc5b8e2643ceb8e9d",
      "downloadLocation": "git+https://github.com/Witek902/Raytracer.git@3e38a82a5ea28e64793e98efc5b8e2643ceb8e9d",
      "filesAnalyzed": false
    }
  ],
  "relationships": [
    {
      "spdxElementId": "SPDXRef-Package-Hrnchamd-MGE-XE",
      "relatedSpdxElement": "SPDXRef-Package-Witek902-Raytracer",
      "relationshipType": "DEPENDS_ON"
    }
  ]
}