{
  "spdxVersion": "SPDX-2.3",
  "dataLicense": "CC0-1.0",
  "SPDXID": "SPDXRef-DOCUMENT",
  "name": "toy Dependency Manifest",
  "documentNamespace": "https://github.com/hugoam/toy/spdx/e0d160a506b646b6679d72a328b1c0981e214ccf",
  "packages": [
    {
      "name": "toy",
      "SPDXID": "SPDXRef-Package-hugoam-toy",
      "versionInfo": "e0d160a506b646b6679d72a328b1c0981e214ccf",
      "downloadLocation": "git+https://github.com/hugoam/toy.git@e0d160a506b646b6679d72a328b1c0981e214ccf",
      "filesAnalyzed": false
    },
    {
      "name": "godot",
      "SPDXID": "SPDXRef-Package-godotengine-godot",
      "versionInfo": "5cba18ff3bbe5adc9b4a8d7e970084979014b5f4",
      "downloadLocation": "git+https://github.com/godotengine/godot.git@5cba18ff3bbe5adc9b4a8d7e970084979014b5f4",
      "filesAnalyzed": false
    }
  ],
  "relationships": [
    {
      "spdxElementId": "SPDXRef-Package-hugoam-toy",
      "relatedSpdxElement": "SPDXRef-Package-godotengine-godot",
      "relationshipType": "DEPENDS_ON"
    }
  ]
}