{
  "spdxVersion": "SPDX-2.3",
  "dataLicense": "CC0-1.0",
  "SPDXID": "SPDXRef-DOCUMENT",
  "name": "hxgodot Dependency Manifest",
  "documentNamespace": "https://github.com/HxGodot/hxgodot/spdx/0b5ca05e0189725724b0c9b03d748d5c2424a079",
  "packages": [
    {
      "name": "hxgodot",
      "SPDXID": "SPDXRef-Package-HxGodot-hxgodot",
      "versionInfo": "0b5ca05e0189725724b0c9b03d748d5c2424a079",
      "downloadLocation": "git+https://github.com/HxGodot/hxgodot.git@0b5ca05e0189725724b0c9b03d748d5c2424a079",
      "filesAnalyzed": false
    },
    {
      "name": "godot",
      "SPDXID": "SPDXRef-Package-godotengine-godot",
      "versionInfo": "5cba18ff3bbe5adc9b4a8d7e970084979014b5f4",
      "downloadLocation": "git+https://github.com/godotengine/godot.git@5cba18ff3bbe5adc9b4a8d7e970084979014b5f4",
      "filesAnalyzed": false
    }
  ],
  "relationships": [
    {
      "spdxElementId": "SPDXRef-Package-HxGodot-hxgodot",
      "relatedSpdxElement": "SPDXRef-Package-godotengine-godot",
      "relationshipType": "DEPENDS_ON"
    }
  ]
}