{
  "spdxVersion": "SPDX-2.3",
  "dataLicense": "CC0-1.0",
  "SPDXID": "SPDXRef-DOCUMENT",
  "name": "tonatiuh Dependency Manifest",
  "documentNamespace": "https://github.com/iat-cener/tonatiuh/spdx/77226fbc2ce17be265e2e074bb46fffd0bdf8716",
  "packages": [
    {
      "name": "tonatiuh",
      "SPDXID": "SPDXRef-Package-iat-cener-tonatiuh",
      "versionInfo": "77226fbc2ce17be265e2e074bb46fffd0bdf8716",
      "downloadLocation": "git+https://github.com/iat-cener/tonatiuh.git@77226fbc2ce17be265e2e074bb46fffd0bdf8716",
      "filesAnalyzed": false
    },
    {
      "name": "Raytracer",
      "SPDXID": "SPDXRef-Package-Witek902-Raytracer",
      "versionInfo": "3e38a82a5ea28e64793e98efc5b8e2643ceb8e9d",
      "downloadLocation": "git+https://github.com/Witek902/Raytracer.git@3e38a82a5ea28e64793e98efc5b8e2643ceb8e9d",
      "filesAnalyzed": false
    }
  ],
  "relationships": [
    {
      "spdxElementId": "SPDXRef-Package-iat-cener-tonatiuh",
      "relatedSpdxElement": "SPDXRef-Package-Witek902-Raytracer",
      "relationshipType": "DEPENDS_ON"
    }
  ]
}