{
  "spdxVersion": "SPDX-2.3",
  "dataLicense": "CC0-1.0",
  "SPDXID": "SPDXRef-DOCUMENT",
  "name": "icnc Dependency Manifest",
  "documentNamespace": "https://github.com/icnc/icnc/spdx/0213a13ca94a944cac7efacc21019541ce3e09ca",
  "packages": [
    {
      "name": "icnc",
      "SPDXID": "SPDXRef-Package-icnc-icnc",
      "versionInfo": "0213a13ca94a944cac7efacc21019541ce3e09ca",
      "downloadLocation": "git+https://github.com/icnc/icnc.git@0213a13ca94a944cac7efacc21019541ce3e09ca",
      "filesAnalyzed": false
    },
    {
      "name": "Raytracer",
      "SPDXID": "SPDXRef-Package-Witek902-Raytracer",
      "versionInfo": "3e38a82a5ea28e64793e98efc5b8e2643ceb8e9d",
      "downloadLocation": "git+https://github.com/Witek902/Raytracer.git@3e38a82a5ea28e64793e98efc5b8e2643ceb8e9d",
      "filesAnalyzed": false
    }
  ],
  "relationships": [
    {
      "spdxElementId": "SPDXRef-Package-icnc-icnc",
      "relatedSpdxElement": "SPDXRef-Package-Witek902-Raytracer",
      "relationshipType": "DEPENDS_ON"
    }
  ]
}