{
  "spdxVersion": "SPDX-2.3",
  "dataLicense": "CC0-1.0",
  "SPDXID": "SPDXRef-DOCUMENT",
  "name": "rigraph Dependency Manifest",
  "documentNamespace": "https://github.com/igraph/rigraph/spdx/9ddc43e7a84847a63652a5027632856495b594eb",
  "packages": [
    {
      "name": "rigraph",
      "SPDXID": "SPDXRef-Package-igraph-rigraph",
      "versionInfo": "9ddc43e7a84847a63652a5027632856495b594eb",
      "downloadLocation": "git+https://github.com/igraph/rigraph.git@9ddc43e7a84847a63652a5027632856495b594eb",
      "filesAnalyzed": false
    },
    {
      "name": "Raytracer",
      "SPDXID": "SPDXRef-Package-Witek902-Raytracer",
      "versionInfo": "3e38a82a5ea28e64793e98efc5b8e2643ceb8e9d",
      "downloadLocation": "git+https://github.com/Witek902/Raytracer.git@3e38a82a5ea28e64793e98efc5b8e2643ceb8e9d",
      "filesAnalyzed": false
    }
  ],
  "relationships": [
    {
      "spdxElementId": "SPDXRef-Package-igraph-rigraph",
      "relatedSpdxElement": "SPDXRef-Package-Witek902-Raytracer",
      "relationshipType": "DEPENDS_ON"
    }
  ]
}