{
  "spdxVersion": "SPDX-2.3",
  "dataLicense": "CC0-1.0",
  "SPDXID": "SPDXRef-DOCUMENT",
  "name": "oculus-bridge Dependency Manifest",
  "documentNamespace": "https://github.com/Instrument/oculus-bridge/spdx/29ef33ca7bc91c26d9b7b7299af2469d9cca7b87",
  "packages": [
    {
      "name": "oculus-bridge",
      "SPDXID": "SPDXRef-Package-Instrument-oculus-bridge",
      "versionInfo": "29ef33ca7bc91c26d9b7b7299af2469d9cca7b87",
      "downloadLocation": "git+https://github.com/Instrument/oculus-bridge.git@29ef33ca7bc91c26d9b7b7299af2469d9cca7b87",
      "filesAnalyzed": false
    },
    {
      "name": "Cinder",
      "SPDXID": "SPDXRef-Package-cinder-Cinder",
      "versionInfo": "48b16b726fb20a7389f2a56fa71db909f8856fa3",
      "downloadLocation": "git+https://github.com/cinder/Cinder.git@48b16b726fb20a7389f2a56fa71db909f8856fa3",
      "filesAnalyzed": false
    }
  ],
  "relationships": [
    {
      "spdxElementId": "SPDXRef-Package-Instrument-oculus-bridge",
      "relatedSpdxElement": "SPDXRef-Package-cinder-Cinder",
      "relationshipType": "DEPENDS_ON"
    }
  ]
}