{
  "spdxVersion": "SPDX-2.3",
  "dataLicense": "CC0-1.0",
  "SPDXID": "SPDXRef-DOCUMENT",
  "name": "RealTimePathTracingResearchFramework Dependency Manifest",
  "documentNamespace": "https://github.com/intel/RealTimePathTracingResearchFramework/spdx/fd411e4543e3d31e1cc294b0ac0f1c68a9f8f7f3",
  "packages": [
    {
      "name": "RealTimePathTracingResearchFramework",
      "SPDXID": "SPDXRef-Package-intel-RealTimePathTracingResearchFramework",
      "versionInfo": "fd411e4543e3d31e1cc294b0ac0f1c68a9f8f7f3",
      "downloadLocation": "git+https://github.com/intel/RealTimePathTracingResearchFramework.git@fd411e4543e3d31e1cc294b0ac0f1c68a9f8f7f3",
      "filesAnalyzed": false
    },
    {
      "name": "tinyexr",
      "SPDXID": "SPDXRef-Package-syoyo-tinyexr",
      "versionInfo": "3ffe5f9d5e673e6e8c378d59b306b2824993e705",
      "downloadLocation": "git+https://github.com/syoyo/tinyexr.git@3ffe5f9d5e673e6e8c378d59b306b2824993e705",
      "filesAnalyzed": false
    }
  ],
  "relationships": [
    {
      "spdxElementId": "SPDXRef-Package-intel-RealTimePathTracingResearchFramework",
      "relatedSpdxElement": "SPDXRef-Package-syoyo-tinyexr",
      "relationshipType": "DEPENDS_ON"
    }
  ]
}