{
  "spdxVersion": "SPDX-2.3",
  "dataLicense": "CC0-1.0",
  "SPDXID": "SPDXRef-DOCUMENT",
  "name": "blender-ngp Dependency Manifest",
  "documentNamespace": "https://github.com/JamesPerlman/blender-ngp/spdx/e2e0000ba95aa5f4e5bdfb5ed249bebf6528f33a",
  "packages": [
    {
      "name": "blender-ngp",
      "SPDXID": "SPDXRef-Package-JamesPerlman-blender-ngp",
      "versionInfo": "e2e0000ba95aa5f4e5bdfb5ed249bebf6528f33a",
      "downloadLocation": "git+https://github.com/JamesPerlman/blender-ngp.git@e2e0000ba95aa5f4e5bdfb5ed249bebf6528f33a",
      "filesAnalyzed": false
    },
    {
      "name": "tinyexr",
      "SPDXID": "SPDXRef-Package-syoyo-tinyexr",
      "versionInfo": "3ffe5f9d5e673e6e8c378d59b306b2824993e705",
      "downloadLocation": "git+https://github.com/syoyo/tinyexr.git@3ffe5f9d5e673e6e8c378d59b306b2824993e705",
      "filesAnalyzed": false
    }
  ],
  "relationships": [
    {
      "spdxElementId": "SPDXRef-Package-JamesPerlman-blender-ngp",
      "relatedSpdxElement": "SPDXRef-Package-syoyo-tinyexr",
      "relationshipType": "DEPENDS_ON"
    }
  ]
}