{
  "spdxVersion": "SPDX-2.3",
  "dataLicense": "CC0-1.0",
  "SPDXID": "SPDXRef-DOCUMENT",
  "name": "GPU-Raytracer Dependency Manifest",
  "documentNamespace": "https://github.com/jan-van-bergen/GPU-Raytracer/spdx/6559ae2241c8fdea0ddaec959fe1a47ec9b3ab0d",
  "packages": [
    {
      "name": "GPU-Raytracer",
      "SPDXID": "SPDXRef-Package-jan-van-bergen-GPU-Raytracer",
      "versionInfo": "6559ae2241c8fdea0ddaec959fe1a47ec9b3ab0d",
      "downloadLocation": "git+https://github.com/jan-van-bergen/GPU-Raytracer.git@6559ae2241c8fdea0ddaec959fe1a47ec9b3ab0d",
      "filesAnalyzed": false
    },
    {
      "name": "tinyexr",
      "SPDXID": "SPDXRef-Package-syoyo-tinyexr",
      "versionInfo": "3ffe5f9d5e673e6e8c378d59b306b2824993e705",
      "downloadLocation": "git+https://github.com/syoyo/tinyexr.git@3ffe5f9d5e673e6e8c378d59b306b2824993e705",
      "filesAnalyzed": false
    }
  ],
  "relationships": [
    {
      "spdxElementId": "SPDXRef-Package-jan-van-bergen-GPU-Raytracer",
      "relatedSpdxElement": "SPDXRef-Package-syoyo-tinyexr",
      "relationshipType": "DEPENDS_ON"
    }
  ]
}