{
  "spdxVersion": "SPDX-2.3",
  "dataLicense": "CC0-1.0",
  "SPDXID": "SPDXRef-DOCUMENT",
  "name": "CPU-Raytracer Dependency Manifest",
  "documentNamespace": "https://github.com/jan-van-bergen/CPU-Raytracer/spdx/ca14189c8121e6d0d54f96419b67c51e37c2ac52",
  "packages": [
    {
      "name": "CPU-Raytracer",
      "SPDXID": "SPDXRef-Package-jan-van-bergen-CPU-Raytracer",
      "versionInfo": "ca14189c8121e6d0d54f96419b67c51e37c2ac52",
      "downloadLocation": "git+https://github.com/jan-van-bergen/CPU-Raytracer.git@ca14189c8121e6d0d54f96419b67c51e37c2ac52",
      "filesAnalyzed": false
    },
    {
      "name": "Raytracer",
      "SPDXID": "SPDXRef-Package-Witek902-Raytracer",
      "versionInfo": "3e38a82a5ea28e64793e98efc5b8e2643ceb8e9d",
      "downloadLocation": "git+https://github.com/Witek902/Raytracer.git@3e38a82a5ea28e64793e98efc5b8e2643ceb8e9d",
      "filesAnalyzed": false
    }
  ],
  "relationships": [
    {
      "spdxElementId": "SPDXRef-Package-jan-van-bergen-CPU-Raytracer",
      "relatedSpdxElement": "SPDXRef-Package-Witek902-Raytracer",
      "relationshipType": "DEPENDS_ON"
    }
  ]
}