{
  "spdxVersion": "SPDX-2.3",
  "dataLicense": "CC0-1.0",
  "SPDXID": "SPDXRef-DOCUMENT",
  "name": "OpenSource Dependency Manifest",
  "documentNamespace": "https://github.com/JanThorbecke/OpenSource/spdx/a156046a3e11fa160775acb8256c0ac596de0422",
  "packages": [
    {
      "name": "OpenSource",
      "SPDXID": "SPDXRef-Package-JanThorbecke-OpenSource",
      "versionInfo": "a156046a3e11fa160775acb8256c0ac596de0422",
      "downloadLocation": "git+https://github.com/JanThorbecke/OpenSource.git@a156046a3e11fa160775acb8256c0ac596de0422",
      "filesAnalyzed": false
    },
    {
      "name": "zfp",
      "SPDXID": "SPDXRef-Package-llnl-zfp",
      "versionInfo": "c4cba153779268b2930585349ff8ed356c9cc83c",
      "downloadLocation": "git+https://github.com/llnl/zfp.git@c4cba153779268b2930585349ff8ed356c9cc83c",
      "filesAnalyzed": false
    }
  ],
  "relationships": [
    {
      "spdxElementId": "SPDXRef-Package-JanThorbecke-OpenSource",
      "relatedSpdxElement": "SPDXRef-Package-llnl-zfp",
      "relationshipType": "DEPENDS_ON"
    }
  ]
}