{
  "spdxVersion": "SPDX-2.3",
  "dataLicense": "CC0-1.0",
  "SPDXID": "SPDXRef-DOCUMENT",
  "name": "TerraForge3D Dependency Manifest",
  "documentNamespace": "https://github.com/Jaysmito101/TerraForge3D/spdx/e47fa73843246da4e63cca7be8b4ecc45fc27559",
  "packages": [
    {
      "name": "TerraForge3D",
      "SPDXID": "SPDXRef-Package-Jaysmito101-TerraForge3D",
      "versionInfo": "e47fa73843246da4e63cca7be8b4ecc45fc27559",
      "downloadLocation": "git+https://github.com/Jaysmito101/TerraForge3D.git@e47fa73843246da4e63cca7be8b4ecc45fc27559",
      "filesAnalyzed": false
    },
    {
      "name": "tinyexr",
      "SPDXID": "SPDXRef-Package-syoyo-tinyexr",
      "versionInfo": "3ffe5f9d5e673e6e8c378d59b306b2824993e705",
      "downloadLocation": "git+https://github.com/syoyo/tinyexr.git@3ffe5f9d5e673e6e8c378d59b306b2824993e705",
      "filesAnalyzed": false
    }
  ],
  "relationships": [
    {
      "spdxElementId": "SPDXRef-Package-Jaysmito101-TerraForge3D",
      "relatedSpdxElement": "SPDXRef-Package-syoyo-tinyexr",
      "relationshipType": "DEPENDS_ON"
    }
  ]
}