{
  "spdxVersion": "SPDX-2.3",
  "dataLicense": "CC0-1.0",
  "SPDXID": "SPDXRef-DOCUMENT",
  "name": "softrast Dependency Manifest",
  "documentNamespace": "https://github.com/jbikker/softrast/spdx/399185fd1fd69fbfbd6174e514a6a9034623e8a2",
  "packages": [
    {
      "name": "softrast",
      "SPDXID": "SPDXRef-Package-jbikker-softrast",
      "versionInfo": "399185fd1fd69fbfbd6174e514a6a9034623e8a2",
      "downloadLocation": "git+https://github.com/jbikker/softrast.git@399185fd1fd69fbfbd6174e514a6a9034623e8a2",
      "filesAnalyzed": false
    },
    {
      "name": "Raytracer",
      "SPDXID": "SPDXRef-Package-Witek902-Raytracer",
      "versionInfo": "3e38a82a5ea28e64793e98efc5b8e2643ceb8e9d",
      "downloadLocation": "git+https://github.com/Witek902/Raytracer.git@3e38a82a5ea28e64793e98efc5b8e2643ceb8e9d",
      "filesAnalyzed": false
    }
  ],
  "relationships": [
    {
      "spdxElementId": "SPDXRef-Package-jbikker-softrast",
      "relatedSpdxElement": "SPDXRef-Package-Witek902-Raytracer",
      "relationshipType": "DEPENDS_ON"
    }
  ]
}