{
  "spdxVersion": "SPDX-2.3",
  "dataLicense": "CC0-1.0",
  "SPDXID": "SPDXRef-DOCUMENT",
  "name": "ParticleNeRF Dependency Manifest",
  "documentNamespace": "https://github.com/jc211/ParticleNeRF/spdx/abae74de6dfc2af8acc2b376e08078dab0a50d58",
  "packages": [
    {
      "name": "ParticleNeRF",
      "SPDXID": "SPDXRef-Package-jc211-ParticleNeRF",
      "versionInfo": "abae74de6dfc2af8acc2b376e08078dab0a50d58",
      "downloadLocation": "git+https://github.com/jc211/ParticleNeRF.git@abae74de6dfc2af8acc2b376e08078dab0a50d58",
      "filesAnalyzed": false
    },
    {
      "name": "tinyexr",
      "SPDXID": "SPDXRef-Package-syoyo-tinyexr",
      "versionInfo": "3ffe5f9d5e673e6e8c378d59b306b2824993e705",
      "downloadLocation": "git+https://github.com/syoyo/tinyexr.git@3ffe5f9d5e673e6e8c378d59b306b2824993e705",
      "filesAnalyzed": false
    }
  ],
  "relationships": [
    {
      "spdxElementId": "SPDXRef-Package-jc211-ParticleNeRF",
      "relatedSpdxElement": "SPDXRef-Package-syoyo-tinyexr",
      "relationshipType": "DEPENDS_ON"
    }
  ]
}