{
  "spdxVersion": "SPDX-2.3",
  "dataLicense": "CC0-1.0",
  "SPDXID": "SPDXRef-DOCUMENT",
  "name": "Jenova-Runtime Dependency Manifest",
  "documentNamespace": "https://github.com/Jenova-Framework/Jenova-Runtime/spdx/07a3c5039befa49a5ed3a018189fa1943f135f40",
  "packages": [
    {
      "name": "Jenova-Runtime",
      "SPDXID": "SPDXRef-Package-Jenova-Framework-Jenova-Runtime",
      "versionInfo": "07a3c5039befa49a5ed3a018189fa1943f135f40",
      "downloadLocation": "git+https://github.com/Jenova-Framework/Jenova-Runtime.git@07a3c5039befa49a5ed3a018189fa1943f135f40",
      "filesAnalyzed": false
    },
    {
      "name": "godot",
      "SPDXID": "SPDXRef-Package-godotengine-godot",
      "versionInfo": "5cba18ff3bbe5adc9b4a8d7e970084979014b5f4",
      "downloadLocation": "git+https://github.com/godotengine/godot.git@5cba18ff3bbe5adc9b4a8d7e970084979014b5f4",
      "filesAnalyzed": false
    }
  ],
  "relationships": [
    {
      "spdxElementId": "SPDXRef-Package-Jenova-Framework-Jenova-Runtime",
      "relatedSpdxElement": "SPDXRef-Package-godotengine-godot",
      "relationshipType": "DEPENDS_ON"
    }
  ]
}