{
  "spdxVersion": "SPDX-2.3",
  "dataLicense": "CC0-1.0",
  "SPDXID": "SPDXRef-DOCUMENT",
  "name": "flop Dependency Manifest",
  "documentNamespace": "https://github.com/jeremyong/flop/spdx/09199d49672fa06df5b23d1988a129da5b0a782e",
  "packages": [
    {
      "name": "flop",
      "SPDXID": "SPDXRef-Package-jeremyong-flop",
      "versionInfo": "09199d49672fa06df5b23d1988a129da5b0a782e",
      "downloadLocation": "git+https://github.com/jeremyong/flop.git@09199d49672fa06df5b23d1988a129da5b0a782e",
      "filesAnalyzed": false
    },
    {
      "name": "tinyexr",
      "SPDXID": "SPDXRef-Package-syoyo-tinyexr",
      "versionInfo": "3ffe5f9d5e673e6e8c378d59b306b2824993e705",
      "downloadLocation": "git+https://github.com/syoyo/tinyexr.git@3ffe5f9d5e673e6e8c378d59b306b2824993e705",
      "filesAnalyzed": false
    }
  ],
  "relationships": [
    {
      "spdxElementId": "SPDXRef-Package-jeremyong-flop",
      "relatedSpdxElement": "SPDXRef-Package-syoyo-tinyexr",
      "relationshipType": "DEPENDS_ON"
    }
  ]
}