{
  "spdxVersion": "SPDX-2.3",
  "dataLicense": "CC0-1.0",
  "SPDXID": "SPDXRef-DOCUMENT",
  "name": "Carrot Dependency Manifest",
  "documentNamespace": "https://github.com/jglrxavpok/Carrot/spdx/3adda4528f771a6dd4c89b85b5ccf6969831429d",
  "packages": [
    {
      "name": "Carrot",
      "SPDXID": "SPDXRef-Package-jglrxavpok-Carrot",
      "versionInfo": "3adda4528f771a6dd4c89b85b5ccf6969831429d",
      "downloadLocation": "git+https://github.com/jglrxavpok/Carrot.git@3adda4528f771a6dd4c89b85b5ccf6969831429d",
      "filesAnalyzed": false
    },
    {
      "name": "Raytracer",
      "SPDXID": "SPDXRef-Package-Witek902-Raytracer",
      "versionInfo": "3e38a82a5ea28e64793e98efc5b8e2643ceb8e9d",
      "downloadLocation": "git+https://github.com/Witek902/Raytracer.git@3e38a82a5ea28e64793e98efc5b8e2643ceb8e9d",
      "filesAnalyzed": false
    }
  ],
  "relationships": [
    {
      "spdxElementId": "SPDXRef-Package-jglrxavpok-Carrot",
      "relatedSpdxElement": "SPDXRef-Package-Witek902-Raytracer",
      "relationshipType": "DEPENDS_ON"
    }
  ]
}