{
  "spdxVersion": "SPDX-2.3",
  "dataLicense": "CC0-1.0",
  "SPDXID": "SPDXRef-DOCUMENT",
  "name": "SORT Dependency Manifest",
  "documentNamespace": "https://github.com/JiayinCao/SORT/spdx/6769f98f7125cdc34b2a389b99f7790dfebe6b23",
  "packages": [
    {
      "name": "SORT",
      "SPDXID": "SPDXRef-Package-JiayinCao-SORT",
      "versionInfo": "6769f98f7125cdc34b2a389b99f7790dfebe6b23",
      "downloadLocation": "git+https://github.com/JiayinCao/SORT.git@6769f98f7125cdc34b2a389b99f7790dfebe6b23",
      "filesAnalyzed": false
    },
    {
      "name": "tinyexr",
      "SPDXID": "SPDXRef-Package-syoyo-tinyexr",
      "versionInfo": "3ffe5f9d5e673e6e8c378d59b306b2824993e705",
      "downloadLocation": "git+https://github.com/syoyo/tinyexr.git@3ffe5f9d5e673e6e8c378d59b306b2824993e705",
      "filesAnalyzed": false
    }
  ],
  "relationships": [
    {
      "spdxElementId": "SPDXRef-Package-JiayinCao-SORT",
      "relatedSpdxElement": "SPDXRef-Package-syoyo-tinyexr",
      "relationshipType": "DEPENDS_ON"
    }
  ]
}