{
  "spdxVersion": "SPDX-2.3",
  "dataLicense": "CC0-1.0",
  "SPDXID": "SPDXRef-DOCUMENT",
  "name": "melo Dependency Manifest",
  "documentNamespace": "https://github.com/jing-interactive/melo/spdx/67fa14d19fea157124edddead2ca3fc54d370691",
  "packages": [
    {
      "name": "melo",
      "SPDXID": "SPDXRef-Package-jing-interactive-melo",
      "versionInfo": "67fa14d19fea157124edddead2ca3fc54d370691",
      "downloadLocation": "git+https://github.com/jing-interactive/melo.git@67fa14d19fea157124edddead2ca3fc54d370691",
      "filesAnalyzed": false
    },
    {
      "name": "Cinder",
      "SPDXID": "SPDXRef-Package-cinder-Cinder",
      "versionInfo": "48b16b726fb20a7389f2a56fa71db909f8856fa3",
      "downloadLocation": "git+https://github.com/cinder/Cinder.git@48b16b726fb20a7389f2a56fa71db909f8856fa3",
      "filesAnalyzed": false
    }
  ],
  "relationships": [
    {
      "spdxElementId": "SPDXRef-Package-jing-interactive-melo",
      "relatedSpdxElement": "SPDXRef-Package-cinder-Cinder",
      "relationshipType": "DEPENDS_ON"
    }
  ]
}