{
  "spdxVersion": "SPDX-2.3",
  "dataLicense": "CC0-1.0",
  "SPDXID": "SPDXRef-DOCUMENT",
  "name": "trajopt Dependency Manifest",
  "documentNamespace": "https://github.com/joschu/trajopt/spdx/9c634c060f7e2d61c4a888b0a5700d668a5d16f8",
  "packages": [
    {
      "name": "trajopt",
      "SPDXID": "SPDXRef-Package-joschu-trajopt",
      "versionInfo": "9c634c060f7e2d61c4a888b0a5700d668a5d16f8",
      "downloadLocation": "git+https://github.com/joschu/trajopt.git@9c634c060f7e2d61c4a888b0a5700d668a5d16f8",
      "filesAnalyzed": false
    },
    {
      "name": "Raytracer",
      "SPDXID": "SPDXRef-Package-Witek902-Raytracer",
      "versionInfo": "3e38a82a5ea28e64793e98efc5b8e2643ceb8e9d",
      "downloadLocation": "git+https://github.com/Witek902/Raytracer.git@3e38a82a5ea28e64793e98efc5b8e2643ceb8e9d",
      "filesAnalyzed": false
    }
  ],
  "relationships": [
    {
      "spdxElementId": "SPDXRef-Package-joschu-trajopt",
      "relatedSpdxElement": "SPDXRef-Package-Witek902-Raytracer",
      "relationshipType": "DEPENDS_ON"
    }
  ]
}