{
  "spdxVersion": "SPDX-2.3",
  "dataLicense": "CC0-1.0",
  "SPDXID": "SPDXRef-DOCUMENT",
  "name": "QuickView Dependency Manifest",
  "documentNamespace": "https://github.com/justnullname/QuickView/spdx/a7454d800fc840e44368b2b27d6b62c9f242ccd2",
  "packages": [
    {
      "name": "QuickView",
      "SPDXID": "SPDXRef-Package-justnullname-QuickView",
      "versionInfo": "a7454d800fc840e44368b2b27d6b62c9f242ccd2",
      "downloadLocation": "git+https://github.com/justnullname/QuickView.git@a7454d800fc840e44368b2b27d6b62c9f242ccd2",
      "filesAnalyzed": false
    },
    {
      "name": "tinyexr",
      "SPDXID": "SPDXRef-Package-syoyo-tinyexr",
      "versionInfo": "3ffe5f9d5e673e6e8c378d59b306b2824993e705",
      "downloadLocation": "git+https://github.com/syoyo/tinyexr.git@3ffe5f9d5e673e6e8c378d59b306b2824993e705",
      "filesAnalyzed": false
    }
  ],
  "relationships": [
    {
      "spdxElementId": "SPDXRef-Package-justnullname-QuickView",
      "relatedSpdxElement": "SPDXRef-Package-syoyo-tinyexr",
      "relationshipType": "DEPENDS_ON"
    }
  ]
}