{
  "spdxVersion": "SPDX-2.3",
  "dataLicense": "CC0-1.0",
  "SPDXID": "SPDXRef-DOCUMENT",
  "name": "rtnpr Dependency Manifest",
  "documentNamespace": "https://github.com/kenji-tojo/rtnpr/spdx/450a9b7be2bad6d2773d6649226055a53fe6824a",
  "packages": [
    {
      "name": "rtnpr",
      "SPDXID": "SPDXRef-Package-kenji-tojo-rtnpr",
      "versionInfo": "450a9b7be2bad6d2773d6649226055a53fe6824a",
      "downloadLocation": "git+https://github.com/kenji-tojo/rtnpr.git@450a9b7be2bad6d2773d6649226055a53fe6824a",
      "filesAnalyzed": false
    },
    {
      "name": "tinygltf",
      "SPDXID": "SPDXRef-Package-syoyo-tinygltf",
      "versionInfo": "bdc37385f198c787ba143e18f01b06164f8c7d15",
      "downloadLocation": "git+https://github.com/syoyo/tinygltf.git@bdc37385f198c787ba143e18f01b06164f8c7d15",
      "filesAnalyzed": false
    }
  ],
  "relationships": [
    {
      "spdxElementId": "SPDXRef-Package-kenji-tojo-rtnpr",
      "relatedSpdxElement": "SPDXRef-Package-syoyo-tinygltf",
      "relationshipType": "DEPENDS_ON"
    }
  ]
}