{
  "spdxVersion": "SPDX-2.3",
  "dataLicense": "CC0-1.0",
  "SPDXID": "SPDXRef-DOCUMENT",
  "name": "super-sphere Dependency Manifest",
  "documentNamespace": "https://github.com/kennethreitz/super-sphere/spdx/c491deda1e316a073a595ea19d2b5d92811a751f",
  "packages": [
    {
      "name": "super-sphere",
      "SPDXID": "SPDXRef-Package-kennethreitz-super-sphere",
      "versionInfo": "c491deda1e316a073a595ea19d2b5d92811a751f",
      "downloadLocation": "git+https://github.com/kennethreitz/super-sphere.git@c491deda1e316a073a595ea19d2b5d92811a751f",
      "filesAnalyzed": false
    },
    {
      "name": "love",
      "SPDXID": "SPDXRef-Package-love2d-love",
      "versionInfo": "147d39251c2618852c026f8cadf95f0ffd6a746f",
      "downloadLocation": "git+https://github.com/love2d/love.git@147d39251c2618852c026f8cadf95f0ffd6a746f",
      "filesAnalyzed": false
    }
  ],
  "relationships": [
    {
      "spdxElementId": "SPDXRef-Package-kennethreitz-super-sphere",
      "relatedSpdxElement": "SPDXRef-Package-love2d-love",
      "relationshipType": "DEPENDS_ON"
    }
  ]
}