{
  "spdxVersion": "SPDX-2.3",
  "dataLicense": "CC0-1.0",
  "SPDXID": "SPDXRef-DOCUMENT",
  "name": "OpenXR-CTS Dependency Manifest",
  "documentNamespace": "https://github.com/KhronosGroup/OpenXR-CTS/spdx/cd4fb7a550ec38fc231319ee9d9b045c68341270",
  "packages": [
    {
      "name": "OpenXR-CTS",
      "SPDXID": "SPDXRef-Package-KhronosGroup-OpenXR-CTS",
      "versionInfo": "cd4fb7a550ec38fc231319ee9d9b045c68341270",
      "downloadLocation": "git+https://github.com/KhronosGroup/OpenXR-CTS.git@cd4fb7a550ec38fc231319ee9d9b045c68341270",
      "filesAnalyzed": false
    },
    {
      "name": "tinygltf",
      "SPDXID": "SPDXRef-Package-syoyo-tinygltf",
      "versionInfo": "bdc37385f198c787ba143e18f01b06164f8c7d15",
      "downloadLocation": "git+https://github.com/syoyo/tinygltf.git@bdc37385f198c787ba143e18f01b06164f8c7d15",
      "filesAnalyzed": false
    }
  ],
  "relationships": [
    {
      "spdxElementId": "SPDXRef-Package-KhronosGroup-OpenXR-CTS",
      "relatedSpdxElement": "SPDXRef-Package-syoyo-tinygltf",
      "relationshipType": "DEPENDS_ON"
    }
  ]
}