{
  "spdxVersion": "SPDX-2.3",
  "dataLicense": "CC0-1.0",
  "SPDXID": "SPDXRef-DOCUMENT",
  "name": "KTX-Software Dependency Manifest",
  "documentNamespace": "https://github.com/KhronosGroup/KTX-Software/spdx/5d29c574a13e7204cd85ac7a8b1de1690664df70",
  "packages": [
    {
      "name": "KTX-Software",
      "SPDXID": "SPDXRef-Package-KhronosGroup-KTX-Software",
      "versionInfo": "5d29c574a13e7204cd85ac7a8b1de1690664df70",
      "downloadLocation": "git+https://github.com/KhronosGroup/KTX-Software.git@5d29c574a13e7204cd85ac7a8b1de1690664df70",
      "filesAnalyzed": false
    },
    {
      "name": "tinyexr",
      "SPDXID": "SPDXRef-Package-syoyo-tinyexr",
      "versionInfo": "3ffe5f9d5e673e6e8c378d59b306b2824993e705",
      "downloadLocation": "git+https://github.com/syoyo/tinyexr.git@3ffe5f9d5e673e6e8c378d59b306b2824993e705",
      "filesAnalyzed": false
    }
  ],
  "relationships": [
    {
      "spdxElementId": "SPDXRef-Package-KhronosGroup-KTX-Software",
      "relatedSpdxElement": "SPDXRef-Package-syoyo-tinyexr",
      "relationshipType": "DEPENDS_ON"
    }
  ]
}