{
  "spdxVersion": "SPDX-2.3",
  "dataLicense": "CC0-1.0",
  "SPDXID": "SPDXRef-DOCUMENT",
  "name": "DSGPURayTracing Dependency Manifest",
  "documentNamespace": "https://github.com/Khrylx/DSGPURayTracing/spdx/c9cb608d2592c8f20a4b12612f29dfcb56554296",
  "packages": [
    {
      "name": "DSGPURayTracing",
      "SPDXID": "SPDXRef-Package-Khrylx-DSGPURayTracing",
      "versionInfo": "c9cb608d2592c8f20a4b12612f29dfcb56554296",
      "downloadLocation": "git+https://github.com/Khrylx/DSGPURayTracing.git@c9cb608d2592c8f20a4b12612f29dfcb56554296",
      "filesAnalyzed": false
    },
    {
      "name": "tinyexr",
      "SPDXID": "SPDXRef-Package-syoyo-tinyexr",
      "versionInfo": "3ffe5f9d5e673e6e8c378d59b306b2824993e705",
      "downloadLocation": "git+https://github.com/syoyo/tinyexr.git@3ffe5f9d5e673e6e8c378d59b306b2824993e705",
      "filesAnalyzed": false
    }
  ],
  "relationships": [
    {
      "spdxElementId": "SPDXRef-Package-Khrylx-DSGPURayTracing",
      "relatedSpdxElement": "SPDXRef-Package-syoyo-tinyexr",
      "relationshipType": "DEPENDS_ON"
    }
  ]
}