{
  "spdxVersion": "SPDX-2.3",
  "dataLicense": "CC0-1.0",
  "SPDXID": "SPDXRef-DOCUMENT",
  "name": "Rendu Dependency Manifest",
  "documentNamespace": "https://github.com/kosua20/Rendu/spdx/31dfb8a1ea9ecdfa6a6945bb0371c29ed6a8a317",
  "packages": [
    {
      "name": "Rendu",
      "SPDXID": "SPDXRef-Package-kosua20-Rendu",
      "versionInfo": "31dfb8a1ea9ecdfa6a6945bb0371c29ed6a8a317",
      "downloadLocation": "git+https://github.com/kosua20/Rendu.git@31dfb8a1ea9ecdfa6a6945bb0371c29ed6a8a317",
      "filesAnalyzed": false
    },
    {
      "name": "tinyexr",
      "SPDXID": "SPDXRef-Package-syoyo-tinyexr",
      "versionInfo": "3ffe5f9d5e673e6e8c378d59b306b2824993e705",
      "downloadLocation": "git+https://github.com/syoyo/tinyexr.git@3ffe5f9d5e673e6e8c378d59b306b2824993e705",
      "filesAnalyzed": false
    }
  ],
  "relationships": [
    {
      "spdxElementId": "SPDXRef-Package-kosua20-Rendu",
      "relatedSpdxElement": "SPDXRef-Package-syoyo-tinyexr",
      "relationshipType": "DEPENDS_ON"
    }
  ]
}