{
  "spdxVersion": "SPDX-2.3",
  "dataLicense": "CC0-1.0",
  "SPDXID": "SPDXRef-DOCUMENT",
  "name": "ammo.js Dependency Manifest",
  "documentNamespace": "https://github.com/kripken/ammo.js/spdx/1ed8b58c7058a5f697f2642ceef8ee20fdd55e10",
  "packages": [
    {
      "name": "ammo.js",
      "SPDXID": "SPDXRef-Package-kripken-ammo-js",
      "versionInfo": "1ed8b58c7058a5f697f2642ceef8ee20fdd55e10",
      "downloadLocation": "git+https://github.com/kripken/ammo.js.git@1ed8b58c7058a5f697f2642ceef8ee20fdd55e10",
      "filesAnalyzed": false
    },
    {
      "name": "Raytracer",
      "SPDXID": "SPDXRef-Package-Witek902-Raytracer",
      "versionInfo": "3e38a82a5ea28e64793e98efc5b8e2643ceb8e9d",
      "downloadLocation": "git+https://github.com/Witek902/Raytracer.git@3e38a82a5ea28e64793e98efc5b8e2643ceb8e9d",
      "filesAnalyzed": false
    }
  ],
  "relationships": [
    {
      "spdxElementId": "SPDXRef-Package-kripken-ammo-js",
      "relatedSpdxElement": "SPDXRef-Package-Witek902-Raytracer",
      "relationshipType": "DEPENDS_ON"
    }
  ]
}