{
  "spdxVersion": "SPDX-2.3",
  "dataLicense": "CC0-1.0",
  "SPDXID": "SPDXRef-DOCUMENT",
  "name": "Spout2 Dependency Manifest",
  "documentNamespace": "https://github.com/leadedge/Spout2/spdx/ad55c6a6032a109db2493cf2749a6c1901cfc4b1",
  "packages": [
    {
      "name": "Spout2",
      "SPDXID": "SPDXRef-Package-leadedge-Spout2",
      "versionInfo": "ad55c6a6032a109db2493cf2749a6c1901cfc4b1",
      "downloadLocation": "git+https://github.com/leadedge/Spout2.git@ad55c6a6032a109db2493cf2749a6c1901cfc4b1",
      "filesAnalyzed": false
    },
    {
      "name": "Cinder",
      "SPDXID": "SPDXRef-Package-cinder-Cinder",
      "versionInfo": "48b16b726fb20a7389f2a56fa71db909f8856fa3",
      "downloadLocation": "git+https://github.com/cinder/Cinder.git@48b16b726fb20a7389f2a56fa71db909f8856fa3",
      "filesAnalyzed": false
    }
  ],
  "relationships": [
    {
      "spdxElementId": "SPDXRef-Package-leadedge-Spout2",
      "relatedSpdxElement": "SPDXRef-Package-cinder-Cinder",
      "relationshipType": "DEPENDS_ON"
    }
  ]
}