{
  "spdxVersion": "SPDX-2.3",
  "dataLicense": "CC0-1.0",
  "SPDXID": "SPDXRef-DOCUMENT",
  "name": "nbis Dependency Manifest",
  "documentNamespace": "https://github.com/lessandro/nbis/spdx/3d3b05f0144b706bed56407957bc00779baf2fa5",
  "packages": [
    {
      "name": "nbis",
      "SPDXID": "SPDXRef-Package-lessandro-nbis",
      "versionInfo": "3d3b05f0144b706bed56407957bc00779baf2fa5",
      "downloadLocation": "git+https://github.com/lessandro/nbis.git@3d3b05f0144b706bed56407957bc00779baf2fa5",
      "filesAnalyzed": false
    },
    {
      "name": "Raytracer",
      "SPDXID": "SPDXRef-Package-Witek902-Raytracer",
      "versionInfo": "3e38a82a5ea28e64793e98efc5b8e2643ceb8e9d",
      "downloadLocation": "git+https://github.com/Witek902/Raytracer.git@3e38a82a5ea28e64793e98efc5b8e2643ceb8e9d",
      "filesAnalyzed": false
    }
  ],
  "relationships": [
    {
      "spdxElementId": "SPDXRef-Package-lessandro-nbis",
      "relatedSpdxElement": "SPDXRef-Package-Witek902-Raytracer",
      "relationshipType": "DEPENDS_ON"
    }
  ]
}