{
  "spdxVersion": "SPDX-2.3",
  "dataLicense": "CC0-1.0",
  "SPDXID": "SPDXRef-DOCUMENT",
  "name": "TRSE Dependency Manifest",
  "documentNamespace": "https://github.com/leuat/TRSE/spdx/1db7801e1ca2c4466b1c0f4e52c7928562ef4cee",
  "packages": [
    {
      "name": "TRSE",
      "SPDXID": "SPDXRef-Package-leuat-TRSE",
      "versionInfo": "1db7801e1ca2c4466b1c0f4e52c7928562ef4cee",
      "downloadLocation": "git+https://github.com/leuat/TRSE.git@1db7801e1ca2c4466b1c0f4e52c7928562ef4cee",
      "filesAnalyzed": false
    },
    {
      "name": "Raytracer",
      "SPDXID": "SPDXRef-Package-Witek902-Raytracer",
      "versionInfo": "3e38a82a5ea28e64793e98efc5b8e2643ceb8e9d",
      "downloadLocation": "git+https://github.com/Witek902/Raytracer.git@3e38a82a5ea28e64793e98efc5b8e2643ceb8e9d",
      "filesAnalyzed": false
    }
  ],
  "relationships": [
    {
      "spdxElementId": "SPDXRef-Package-leuat-TRSE",
      "relatedSpdxElement": "SPDXRef-Package-Witek902-Raytracer",
      "relationshipType": "DEPENDS_ON"
    }
  ]
}