{
  "spdxVersion": "SPDX-2.3",
  "dataLicense": "CC0-1.0",
  "SPDXID": "SPDXRef-DOCUMENT",
  "name": "libretro-chailove Dependency Manifest",
  "documentNamespace": "https://github.com/libretro/libretro-chailove/spdx/467cd453e3b1761c5c3611746b35e709328a2ced",
  "packages": [
    {
      "name": "libretro-chailove",
      "SPDXID": "SPDXRef-Package-libretro-libretro-chailove",
      "versionInfo": "467cd453e3b1761c5c3611746b35e709328a2ced",
      "downloadLocation": "git+https://github.com/libretro/libretro-chailove.git@467cd453e3b1761c5c3611746b35e709328a2ced",
      "filesAnalyzed": false
    },
    {
      "name": "love",
      "SPDXID": "SPDXRef-Package-love2d-love",
      "versionInfo": "147d39251c2618852c026f8cadf95f0ffd6a746f",
      "downloadLocation": "git+https://github.com/love2d/love.git@147d39251c2618852c026f8cadf95f0ffd6a746f",
      "filesAnalyzed": false
    }
  ],
  "relationships": [
    {
      "spdxElementId": "SPDXRef-Package-libretro-libretro-chailove",
      "relatedSpdxElement": "SPDXRef-Package-love2d-love",
      "relationshipType": "DEPENDS_ON"
    }
  ]
}