{
  "spdxVersion": "SPDX-2.3",
  "dataLicense": "CC0-1.0",
  "SPDXID": "SPDXRef-DOCUMENT",
  "name": "tinyusdz Dependency Manifest",
  "documentNamespace": "https://github.com/lighttransport/tinyusdz/spdx/0011b4ea8ff647d6570fa988c1865295dd5b9e1f",
  "packages": [
    {
      "name": "tinyusdz",
      "SPDXID": "SPDXRef-Package-lighttransport-tinyusdz",
      "versionInfo": "0011b4ea8ff647d6570fa988c1865295dd5b9e1f",
      "downloadLocation": "git+https://github.com/lighttransport/tinyusdz.git@0011b4ea8ff647d6570fa988c1865295dd5b9e1f",
      "filesAnalyzed": false
    },
    {
      "name": "tinyexr",
      "SPDXID": "SPDXRef-Package-syoyo-tinyexr",
      "versionInfo": "3ffe5f9d5e673e6e8c378d59b306b2824993e705",
      "downloadLocation": "git+https://github.com/syoyo/tinyexr.git@3ffe5f9d5e673e6e8c378d59b306b2824993e705",
      "filesAnalyzed": false
    }
  ],
  "relationships": [
    {
      "spdxElementId": "SPDXRef-Package-lighttransport-tinyusdz",
      "relatedSpdxElement": "SPDXRef-Package-syoyo-tinyexr",
      "relationshipType": "DEPENDS_ON"
    }
  ]
}