{
  "spdxVersion": "SPDX-2.3",
  "dataLicense": "CC0-1.0",
  "SPDXID": "SPDXRef-DOCUMENT",
  "name": "mallie Dependency Manifest",
  "documentNamespace": "https://github.com/lighttransport/mallie/spdx/2ec03e06369da62eab37e2e524adeccd193911ce",
  "packages": [
    {
      "name": "mallie",
      "SPDXID": "SPDXRef-Package-lighttransport-mallie",
      "versionInfo": "2ec03e06369da62eab37e2e524adeccd193911ce",
      "downloadLocation": "git+https://github.com/lighttransport/mallie.git@2ec03e06369da62eab37e2e524adeccd193911ce",
      "filesAnalyzed": false
    },
    {
      "name": "tinyexr",
      "SPDXID": "SPDXRef-Package-syoyo-tinyexr",
      "versionInfo": "3ffe5f9d5e673e6e8c378d59b306b2824993e705",
      "downloadLocation": "git+https://github.com/syoyo/tinyexr.git@3ffe5f9d5e673e6e8c378d59b306b2824993e705",
      "filesAnalyzed": false
    }
  ],
  "relationships": [
    {
      "spdxElementId": "SPDXRef-Package-lighttransport-mallie",
      "relatedSpdxElement": "SPDXRef-Package-syoyo-tinyexr",
      "relationshipType": "DEPENDS_ON"
    }
  ]
}