{
  "spdxVersion": "SPDX-2.3",
  "dataLicense": "CC0-1.0",
  "SPDXID": "SPDXRef-DOCUMENT",
  "name": "nanort Dependency Manifest",
  "documentNamespace": "https://github.com/lighttransport/nanort/spdx/cdf474ae9176b87a9334c858bb06c9e028ed0e0d",
  "packages": [
    {
      "name": "nanort",
      "SPDXID": "SPDXRef-Package-lighttransport-nanort",
      "versionInfo": "cdf474ae9176b87a9334c858bb06c9e028ed0e0d",
      "downloadLocation": "git+https://github.com/lighttransport/nanort.git@cdf474ae9176b87a9334c858bb06c9e028ed0e0d",
      "filesAnalyzed": false
    },
    {
      "name": "tinyexr",
      "SPDXID": "SPDXRef-Package-syoyo-tinyexr",
      "versionInfo": "3ffe5f9d5e673e6e8c378d59b306b2824993e705",
      "downloadLocation": "git+https://github.com/syoyo/tinyexr.git@3ffe5f9d5e673e6e8c378d59b306b2824993e705",
      "filesAnalyzed": false
    }
  ],
  "relationships": [
    {
      "spdxElementId": "SPDXRef-Package-lighttransport-nanort",
      "relatedSpdxElement": "SPDXRef-Package-syoyo-tinyexr",
      "relationshipType": "DEPENDS_ON"
    }
  ]
}