{
  "spdxVersion": "SPDX-2.3",
  "dataLicense": "CC0-1.0",
  "SPDXID": "SPDXRef-DOCUMENT",
  "name": "pbrlab Dependency Manifest",
  "documentNamespace": "https://github.com/lighttransport/pbrlab/spdx/09ac1ff927f387453328e2c37ed10b091fbddb6a",
  "packages": [
    {
      "name": "pbrlab",
      "SPDXID": "SPDXRef-Package-lighttransport-pbrlab",
      "versionInfo": "09ac1ff927f387453328e2c37ed10b091fbddb6a",
      "downloadLocation": "git+https://github.com/lighttransport/pbrlab.git@09ac1ff927f387453328e2c37ed10b091fbddb6a",
      "filesAnalyzed": false
    },
    {
      "name": "Raytracer",
      "SPDXID": "SPDXRef-Package-Witek902-Raytracer",
      "versionInfo": "3e38a82a5ea28e64793e98efc5b8e2643ceb8e9d",
      "downloadLocation": "git+https://github.com/Witek902/Raytracer.git@3e38a82a5ea28e64793e98efc5b8e2643ceb8e9d",
      "filesAnalyzed": false
    }
  ],
  "relationships": [
    {
      "spdxElementId": "SPDXRef-Package-lighttransport-pbrlab",
      "relatedSpdxElement": "SPDXRef-Package-Witek902-Raytracer",
      "relationshipType": "DEPENDS_ON"
    }
  ]
}