{
  "spdxVersion": "SPDX-2.3",
  "dataLicense": "CC0-1.0",
  "SPDXID": "SPDXRef-DOCUMENT",
  "name": "nanogi Dependency Manifest",
  "documentNamespace": "https://github.com/lighttransport/nanogi/spdx/98cd6b40b8a5b0f96a62e631b51faf4b57c341b3",
  "packages": [
    {
      "name": "nanogi",
      "SPDXID": "SPDXRef-Package-lighttransport-nanogi",
      "versionInfo": "98cd6b40b8a5b0f96a62e631b51faf4b57c341b3",
      "downloadLocation": "git+https://github.com/lighttransport/nanogi.git@98cd6b40b8a5b0f96a62e631b51faf4b57c341b3",
      "filesAnalyzed": false
    },
    {
      "name": "tinyexr",
      "SPDXID": "SPDXRef-Package-syoyo-tinyexr",
      "versionInfo": "3ffe5f9d5e673e6e8c378d59b306b2824993e705",
      "downloadLocation": "git+https://github.com/syoyo/tinyexr.git@3ffe5f9d5e673e6e8c378d59b306b2824993e705",
      "filesAnalyzed": false
    }
  ],
  "relationships": [
    {
      "spdxElementId": "SPDXRef-Package-lighttransport-nanogi",
      "relatedSpdxElement": "SPDXRef-Package-syoyo-tinyexr",
      "relationshipType": "DEPENDS_ON"
    }
  ]
}