{
  "spdxVersion": "SPDX-2.3",
  "dataLicense": "CC0-1.0",
  "SPDXID": "SPDXRef-DOCUMENT",
  "name": "Hell2022 Dependency Manifest",
  "documentNamespace": "https://github.com/livinamuk/Hell2022/spdx/1a9f79710d128d3d6f7da7e3b92201ae942f7208",
  "packages": [
    {
      "name": "Hell2022",
      "SPDXID": "SPDXRef-Package-livinamuk-Hell2022",
      "versionInfo": "1a9f79710d128d3d6f7da7e3b92201ae942f7208",
      "downloadLocation": "git+https://github.com/livinamuk/Hell2022.git@1a9f79710d128d3d6f7da7e3b92201ae942f7208",
      "filesAnalyzed": false
    },
    {
      "name": "tinyexr",
      "SPDXID": "SPDXRef-Package-syoyo-tinyexr",
      "versionInfo": "3ffe5f9d5e673e6e8c378d59b306b2824993e705",
      "downloadLocation": "git+https://github.com/syoyo/tinyexr.git@3ffe5f9d5e673e6e8c378d59b306b2824993e705",
      "filesAnalyzed": false
    }
  ],
  "relationships": [
    {
      "spdxElementId": "SPDXRef-Package-livinamuk-Hell2022",
      "relatedSpdxElement": "SPDXRef-Package-syoyo-tinyexr",
      "relationshipType": "DEPENDS_ON"
    }
  ]
}