{
  "spdxVersion": "SPDX-2.3",
  "dataLicense": "CC0-1.0",
  "SPDXID": "SPDXRef-DOCUMENT",
  "name": "NPLRuntime Dependency Manifest",
  "documentNamespace": "https://github.com/LiXizhi/NPLRuntime/spdx/97fff1404ab3faf13c26a427093c578135093fc8",
  "packages": [
    {
      "name": "NPLRuntime",
      "SPDXID": "SPDXRef-Package-LiXizhi-NPLRuntime",
      "versionInfo": "97fff1404ab3faf13c26a427093c578135093fc8",
      "downloadLocation": "git+https://github.com/LiXizhi/NPLRuntime.git@97fff1404ab3faf13c26a427093c578135093fc8",
      "filesAnalyzed": false
    },
    {
      "name": "Raytracer",
      "SPDXID": "SPDXRef-Package-Witek902-Raytracer",
      "versionInfo": "3e38a82a5ea28e64793e98efc5b8e2643ceb8e9d",
      "downloadLocation": "git+https://github.com/Witek902/Raytracer.git@3e38a82a5ea28e64793e98efc5b8e2643ceb8e9d",
      "filesAnalyzed": false
    }
  ],
  "relationships": [
    {
      "spdxElementId": "SPDXRef-Package-LiXizhi-NPLRuntime",
      "relatedSpdxElement": "SPDXRef-Package-Witek902-Raytracer",
      "relationshipType": "DEPENDS_ON"
    }
  ]
}