{
  "spdxVersion": "SPDX-2.3",
  "dataLicense": "CC0-1.0",
  "SPDXID": "SPDXRef-DOCUMENT",
  "name": "love Dependency Manifest",
  "documentNamespace": "https://github.com/love2d/love/spdx/147d39251c2618852c026f8cadf95f0ffd6a746f",
  "packages": [
    {
      "name": "love",
      "SPDXID": "SPDXRef-Package-love2d-love",
      "versionInfo": "147d39251c2618852c026f8cadf95f0ffd6a746f",
      "downloadLocation": "git+https://github.com/love2d/love.git@147d39251c2618852c026f8cadf95f0ffd6a746f",
      "filesAnalyzed": false
    },
    {
      "name": "tinyexr",
      "SPDXID": "SPDXRef-Package-syoyo-tinyexr",
      "versionInfo": "3ffe5f9d5e673e6e8c378d59b306b2824993e705",
      "downloadLocation": "git+https://github.com/syoyo/tinyexr.git@3ffe5f9d5e673e6e8c378d59b306b2824993e705",
      "filesAnalyzed": false
    }
  ],
  "relationships": [
    {
      "spdxElementId": "SPDXRef-Package-love2d-love",
      "relatedSpdxElement": "SPDXRef-Package-syoyo-tinyexr",
      "relationshipType": "DEPENDS_ON"
    }
  ]
}