{
  "spdxVersion": "SPDX-2.3",
  "dataLicense": "CC0-1.0",
  "SPDXID": "SPDXRef-DOCUMENT",
  "name": "LuisaCompute Dependency Manifest",
  "documentNamespace": "https://github.com/LuisaGroup/LuisaCompute/spdx/bad1eb5b8161fffd500529ef462be4aa12d3774c",
  "packages": [
    {
      "name": "LuisaCompute",
      "SPDXID": "SPDXRef-Package-LuisaGroup-LuisaCompute",
      "versionInfo": "bad1eb5b8161fffd500529ef462be4aa12d3774c",
      "downloadLocation": "git+https://github.com/LuisaGroup/LuisaCompute.git@bad1eb5b8161fffd500529ef462be4aa12d3774c",
      "filesAnalyzed": false
    },
    {
      "name": "tinyexr",
      "SPDXID": "SPDXRef-Package-syoyo-tinyexr",
      "versionInfo": "3ffe5f9d5e673e6e8c378d59b306b2824993e705",
      "downloadLocation": "git+https://github.com/syoyo/tinyexr.git@3ffe5f9d5e673e6e8c378d59b306b2824993e705",
      "filesAnalyzed": false
    }
  ],
  "relationships": [
    {
      "spdxElementId": "SPDXRef-Package-LuisaGroup-LuisaCompute",
      "relatedSpdxElement": "SPDXRef-Package-syoyo-tinyexr",
      "relationshipType": "DEPENDS_ON"
    }
  ]
}