{
  "spdxVersion": "SPDX-2.3",
  "dataLicense": "CC0-1.0",
  "SPDXID": "SPDXRef-DOCUMENT",
  "name": "LuisaRender Dependency Manifest",
  "documentNamespace": "https://github.com/LuisaGroup/LuisaRender/spdx/73249bfb151e9fe3f0eb55a59cfd86b6b9f77442",
  "packages": [
    {
      "name": "LuisaRender",
      "SPDXID": "SPDXRef-Package-LuisaGroup-LuisaRender",
      "versionInfo": "73249bfb151e9fe3f0eb55a59cfd86b6b9f77442",
      "downloadLocation": "git+https://github.com/LuisaGroup/LuisaRender.git@73249bfb151e9fe3f0eb55a59cfd86b6b9f77442",
      "filesAnalyzed": false
    },
    {
      "name": "tinyexr",
      "SPDXID": "SPDXRef-Package-syoyo-tinyexr",
      "versionInfo": "3ffe5f9d5e673e6e8c378d59b306b2824993e705",
      "downloadLocation": "git+https://github.com/syoyo/tinyexr.git@3ffe5f9d5e673e6e8c378d59b306b2824993e705",
      "filesAnalyzed": false
    }
  ],
  "relationships": [
    {
      "spdxElementId": "SPDXRef-Package-LuisaGroup-LuisaRender",
      "relatedSpdxElement": "SPDXRef-Package-syoyo-tinyexr",
      "relationshipType": "DEPENDS_ON"
    }
  ]
}