{
  "spdxVersion": "SPDX-2.3",
  "dataLicense": "CC0-1.0",
  "SPDXID": "SPDXRef-DOCUMENT",
  "name": "Spatial.Engine Dependency Manifest",
  "documentNamespace": "https://github.com/luizgabriel/Spatial.Engine/spdx/3e65ff5f5025f87194544b29fdd649586d9fc4b8",
  "packages": [
    {
      "name": "Spatial.Engine",
      "SPDXID": "SPDXRef-Package-luizgabriel-Spatial-Engine",
      "versionInfo": "3e65ff5f5025f87194544b29fdd649586d9fc4b8",
      "downloadLocation": "git+https://github.com/luizgabriel/Spatial.Engine.git@3e65ff5f5025f87194544b29fdd649586d9fc4b8",
      "filesAnalyzed": false
    },
    {
      "name": "filament",
      "SPDXID": "SPDXRef-Package-google-filament",
      "versionInfo": "e4ae96a2a191d3d20b1586641d1f6e0babc6aa5a",
      "downloadLocation": "git+https://github.com/google/filament.git@e4ae96a2a191d3d20b1586641d1f6e0babc6aa5a",
      "filesAnalyzed": false
    }
  ],
  "relationships": [
    {
      "spdxElementId": "SPDXRef-Package-luizgabriel-Spatial-Engine",
      "relatedSpdxElement": "SPDXRef-Package-google-filament",
      "relationshipType": "DEPENDS_ON"
    }
  ]
}