{
  "spdxVersion": "SPDX-2.3",
  "dataLicense": "CC0-1.0",
  "SPDXID": "SPDXRef-DOCUMENT",
  "name": "PRT Dependency Manifest",
  "documentNamespace": "https://github.com/lvjiahui/PRT/spdx/a229351792947db277cc838585031a401b27bc2c",
  "packages": [
    {
      "name": "PRT",
      "SPDXID": "SPDXRef-Package-lvjiahui-PRT",
      "versionInfo": "a229351792947db277cc838585031a401b27bc2c",
      "downloadLocation": "git+https://github.com/lvjiahui/PRT.git@a229351792947db277cc838585031a401b27bc2c",
      "filesAnalyzed": false
    },
    {
      "name": "tinyexr",
      "SPDXID": "SPDXRef-Package-syoyo-tinyexr",
      "versionInfo": "3ffe5f9d5e673e6e8c378d59b306b2824993e705",
      "downloadLocation": "git+https://github.com/syoyo/tinyexr.git@3ffe5f9d5e673e6e8c378d59b306b2824993e705",
      "filesAnalyzed": false
    }
  ],
  "relationships": [
    {
      "spdxElementId": "SPDXRef-Package-lvjiahui-PRT",
      "relatedSpdxElement": "SPDXRef-Package-syoyo-tinyexr",
      "relationshipType": "DEPENDS_ON"
    }
  ]
}