{
  "spdxVersion": "SPDX-2.3",
  "dataLicense": "CC0-1.0",
  "SPDXID": "SPDXRef-DOCUMENT",
  "name": "lwjgl3 Dependency Manifest",
  "documentNamespace": "https://github.com/LWJGL/lwjgl3/spdx/8a896648a1c6836d4e795c94b2181cc0df3d4d6c",
  "packages": [
    {
      "name": "lwjgl3",
      "SPDXID": "SPDXRef-Package-LWJGL-lwjgl3",
      "versionInfo": "8a896648a1c6836d4e795c94b2181cc0df3d4d6c",
      "downloadLocation": "git+https://github.com/LWJGL/lwjgl3.git@8a896648a1c6836d4e795c94b2181cc0df3d4d6c",
      "filesAnalyzed": false
    },
    {
      "name": "tinyexr",
      "SPDXID": "SPDXRef-Package-syoyo-tinyexr",
      "versionInfo": "3ffe5f9d5e673e6e8c378d59b306b2824993e705",
      "downloadLocation": "git+https://github.com/syoyo/tinyexr.git@3ffe5f9d5e673e6e8c378d59b306b2824993e705",
      "filesAnalyzed": false
    }
  ],
  "relationships": [
    {
      "spdxElementId": "SPDXRef-Package-LWJGL-lwjgl3",
      "relatedSpdxElement": "SPDXRef-Package-syoyo-tinyexr",
      "relationshipType": "DEPENDS_ON"
    }
  ]
}