{
  "spdxVersion": "SPDX-2.3",
  "dataLicense": "CC0-1.0",
  "SPDXID": "SPDXRef-DOCUMENT",
  "name": "OptixRenderer Dependency Manifest",
  "documentNamespace": "https://github.com/lzqsd/OptixRenderer/spdx/3eafda5b4f47c7e44be7fc58cde215a8c1c2bc1a",
  "packages": [
    {
      "name": "OptixRenderer",
      "SPDXID": "SPDXRef-Package-lzqsd-OptixRenderer",
      "versionInfo": "3eafda5b4f47c7e44be7fc58cde215a8c1c2bc1a",
      "downloadLocation": "git+https://github.com/lzqsd/OptixRenderer.git@3eafda5b4f47c7e44be7fc58cde215a8c1c2bc1a",
      "filesAnalyzed": false
    },
    {
      "name": "tinyexr",
      "SPDXID": "SPDXRef-Package-syoyo-tinyexr",
      "versionInfo": "3ffe5f9d5e673e6e8c378d59b306b2824993e705",
      "downloadLocation": "git+https://github.com/syoyo/tinyexr.git@3ffe5f9d5e673e6e8c378d59b306b2824993e705",
      "filesAnalyzed": false
    }
  ],
  "relationships": [
    {
      "spdxElementId": "SPDXRef-Package-lzqsd-OptixRenderer",
      "relatedSpdxElement": "SPDXRef-Package-syoyo-tinyexr",
      "relationshipType": "DEPENDS_ON"
    }
  ]
}