{
  "spdxVersion": "SPDX-2.3",
  "dataLicense": "CC0-1.0",
  "SPDXID": "SPDXRef-DOCUMENT",
  "name": "mame Dependency Manifest",
  "documentNamespace": "https://github.com/mamedev/mame/spdx/ed346880755b7d144600475a0f860305b0d3fc5a",
  "packages": [
    {
      "name": "mame",
      "SPDXID": "SPDXRef-Package-mamedev-mame",
      "versionInfo": "ed346880755b7d144600475a0f860305b0d3fc5a",
      "downloadLocation": "git+https://github.com/mamedev/mame.git@ed346880755b7d144600475a0f860305b0d3fc5a",
      "filesAnalyzed": false
    },
    {
      "name": "tinyexr",
      "SPDXID": "SPDXRef-Package-syoyo-tinyexr",
      "versionInfo": "3ffe5f9d5e673e6e8c378d59b306b2824993e705",
      "downloadLocation": "git+https://github.com/syoyo/tinyexr.git@3ffe5f9d5e673e6e8c378d59b306b2824993e705",
      "filesAnalyzed": false
    }
  ],
  "relationships": [
    {
      "spdxElementId": "SPDXRef-Package-mamedev-mame",
      "relatedSpdxElement": "SPDXRef-Package-syoyo-tinyexr",
      "relationshipType": "DEPENDS_ON"
    }
  ]
}