{
  "spdxVersion": "SPDX-2.3",
  "dataLicense": "CC0-1.0",
  "SPDXID": "SPDXRef-DOCUMENT",
  "name": "RayTracer Dependency Manifest",
  "documentNamespace": "https://github.com/marczych/RayTracer/spdx/4c9f2dd389ace5f7601af367d2aa0e8db70b2b7d",
  "packages": [
    {
      "name": "RayTracer",
      "SPDXID": "SPDXRef-Package-marczych-RayTracer",
      "versionInfo": "4c9f2dd389ace5f7601af367d2aa0e8db70b2b7d",
      "downloadLocation": "git+https://github.com/marczych/RayTracer.git@4c9f2dd389ace5f7601af367d2aa0e8db70b2b7d",
      "filesAnalyzed": false
    },
    {
      "name": "Raytracer",
      "SPDXID": "SPDXRef-Package-Witek902-Raytracer",
      "versionInfo": "3e38a82a5ea28e64793e98efc5b8e2643ceb8e9d",
      "downloadLocation": "git+https://github.com/Witek902/Raytracer.git@3e38a82a5ea28e64793e98efc5b8e2643ceb8e9d",
      "filesAnalyzed": false
    }
  ],
  "relationships": [
    {
      "spdxElementId": "SPDXRef-Package-marczych-RayTracer",
      "relatedSpdxElement": "SPDXRef-Package-Witek902-Raytracer",
      "relationshipType": "DEPENDS_ON"
    }
  ]
}