{
  "spdxVersion": "SPDX-2.3",
  "dataLicense": "CC0-1.0",
  "SPDXID": "SPDXRef-DOCUMENT",
  "name": "react-native-filament Dependency Manifest",
  "documentNamespace": "https://github.com/margelo/react-native-filament/spdx/fdb9fee976f831e510e51a4c4759a8896ee83e33",
  "packages": [
    {
      "name": "react-native-filament",
      "SPDXID": "SPDXRef-Package-margelo-react-native-filament",
      "versionInfo": "fdb9fee976f831e510e51a4c4759a8896ee83e33",
      "downloadLocation": "git+https://github.com/margelo/react-native-filament.git@fdb9fee976f831e510e51a4c4759a8896ee83e33",
      "filesAnalyzed": false
    },
    {
      "name": "filament",
      "SPDXID": "SPDXRef-Package-google-filament",
      "versionInfo": "e4ae96a2a191d3d20b1586641d1f6e0babc6aa5a",
      "downloadLocation": "git+https://github.com/google/filament.git@e4ae96a2a191d3d20b1586641d1f6e0babc6aa5a",
      "filesAnalyzed": false
    }
  ],
  "relationships": [
    {
      "spdxElementId": "SPDXRef-Package-margelo-react-native-filament",
      "relatedSpdxElement": "SPDXRef-Package-google-filament",
      "relationshipType": "DEPENDS_ON"
    }
  ]
}