{
  "spdxVersion": "SPDX-2.3",
  "dataLicense": "CC0-1.0",
  "SPDXID": "SPDXRef-DOCUMENT",
  "name": "atmosphere-bac Dependency Manifest",
  "documentNamespace": "https://github.com/MatejSakmary/atmosphere-bac/spdx/b72b454878c186fee9c77c2012d1c9db6810da8e",
  "packages": [
    {
      "name": "atmosphere-bac",
      "SPDXID": "SPDXRef-Package-MatejSakmary-atmosphere-bac",
      "versionInfo": "b72b454878c186fee9c77c2012d1c9db6810da8e",
      "downloadLocation": "git+https://github.com/MatejSakmary/atmosphere-bac.git@b72b454878c186fee9c77c2012d1c9db6810da8e",
      "filesAnalyzed": false
    },
    {
      "name": "tinyexr",
      "SPDXID": "SPDXRef-Package-syoyo-tinyexr",
      "versionInfo": "3ffe5f9d5e673e6e8c378d59b306b2824993e705",
      "downloadLocation": "git+https://github.com/syoyo/tinyexr.git@3ffe5f9d5e673e6e8c378d59b306b2824993e705",
      "filesAnalyzed": false
    }
  ],
  "relationships": [
    {
      "spdxElementId": "SPDXRef-Package-MatejSakmary-atmosphere-bac",
      "relatedSpdxElement": "SPDXRef-Package-syoyo-tinyexr",
      "relationshipType": "DEPENDS_ON"
    }
  ]
}