{
  "spdxVersion": "SPDX-2.3",
  "dataLicense": "CC0-1.0",
  "SPDXID": "SPDXRef-DOCUMENT",
  "name": "Adria-DX11 Dependency Manifest",
  "documentNamespace": "https://github.com/mateeeeeee/Adria-DX11/spdx/dca751d82eb96d455caebccb41c474d07a78b74c",
  "packages": [
    {
      "name": "Adria-DX11",
      "SPDXID": "SPDXRef-Package-mateeeeeee-Adria-DX11",
      "versionInfo": "dca751d82eb96d455caebccb41c474d07a78b74c",
      "downloadLocation": "git+https://github.com/mateeeeeee/Adria-DX11.git@dca751d82eb96d455caebccb41c474d07a78b74c",
      "filesAnalyzed": false
    },
    {
      "name": "tinyexr",
      "SPDXID": "SPDXRef-Package-syoyo-tinyexr",
      "versionInfo": "3ffe5f9d5e673e6e8c378d59b306b2824993e705",
      "downloadLocation": "git+https://github.com/syoyo/tinyexr.git@3ffe5f9d5e673e6e8c378d59b306b2824993e705",
      "filesAnalyzed": false
    }
  ],
  "relationships": [
    {
      "spdxElementId": "SPDXRef-Package-mateeeeeee-Adria-DX11",
      "relatedSpdxElement": "SPDXRef-Package-syoyo-tinyexr",
      "relationshipType": "DEPENDS_ON"
    }
  ]
}