{
  "spdxVersion": "SPDX-2.3",
  "dataLicense": "CC0-1.0",
  "SPDXID": "SPDXRef-DOCUMENT",
  "name": "Motion-Guided-Deep-Dynamic-3D-Garment Dependency Manifest",
  "documentNamespace": "https://github.com/MengZephyr/Motion-Guided-Deep-Dynamic-3D-Garment/spdx/883f44f4873f182712f110e6d4f199e3850ee1f6",
  "packages": [
    {
      "name": "Motion-Guided-Deep-Dynamic-3D-Garment",
      "SPDXID": "SPDXRef-Package-MengZephyr-Motion-Guided-Deep-Dynamic-3D-Garment",
      "versionInfo": "883f44f4873f182712f110e6d4f199e3850ee1f6",
      "downloadLocation": "git+https://github.com/MengZephyr/Motion-Guided-Deep-Dynamic-3D-Garment.git@883f44f4873f182712f110e6d4f199e3850ee1f6",
      "filesAnalyzed": false
    },
    {
      "name": "Raytracer",
      "SPDXID": "SPDXRef-Package-Witek902-Raytracer",
      "versionInfo": "3e38a82a5ea28e64793e98efc5b8e2643ceb8e9d",
      "downloadLocation": "git+https://github.com/Witek902/Raytracer.git@3e38a82a5ea28e64793e98efc5b8e2643ceb8e9d",
      "filesAnalyzed": false
    }
  ],
  "relationships": [
    {
      "spdxElementId": "SPDXRef-Package-MengZephyr-Motion-Guided-Deep-Dynamic-3D-Garment",
      "relatedSpdxElement": "SPDXRef-Package-Witek902-Raytracer",
      "relationshipType": "DEPENDS_ON"
    }
  ]
}