{
  "spdxVersion": "SPDX-2.3",
  "dataLicense": "CC0-1.0",
  "SPDXID": "SPDXRef-DOCUMENT",
  "name": "Deep-Detail-Enhancement-for-Any-Garment Dependency Manifest",
  "documentNamespace": "https://github.com/MengZephyr/Deep-Detail-Enhancement-for-Any-Garment/spdx/d62a95f83306741632a1ca6243c997b2e89f5210",
  "packages": [
    {
      "name": "Deep-Detail-Enhancement-for-Any-Garment",
      "SPDXID": "SPDXRef-Package-MengZephyr-Deep-Detail-Enhancement-for-Any-Garment",
      "versionInfo": "d62a95f83306741632a1ca6243c997b2e89f5210",
      "downloadLocation": "git+https://github.com/MengZephyr/Deep-Detail-Enhancement-for-Any-Garment.git@d62a95f83306741632a1ca6243c997b2e89f5210",
      "filesAnalyzed": false
    },
    {
      "name": "Raytracer",
      "SPDXID": "SPDXRef-Package-Witek902-Raytracer",
      "versionInfo": "3e38a82a5ea28e64793e98efc5b8e2643ceb8e9d",
      "downloadLocation": "git+https://github.com/Witek902/Raytracer.git@3e38a82a5ea28e64793e98efc5b8e2643ceb8e9d",
      "filesAnalyzed": false
    }
  ],
  "relationships": [
    {
      "spdxElementId": "SPDXRef-Package-MengZephyr-Deep-Detail-Enhancement-for-Any-Garment",
      "relatedSpdxElement": "SPDXRef-Package-Witek902-Raytracer",
      "relationshipType": "DEPENDS_ON"
    }
  ]
}