{
  "spdxVersion": "SPDX-2.3",
  "dataLicense": "CC0-1.0",
  "SPDXID": "SPDXRef-DOCUMENT",
  "name": "DynamicNeuralGarments Dependency Manifest",
  "documentNamespace": "https://github.com/MengZephyr/DynamicNeuralGarments/spdx/31297f30376cd1b0be769590cc80715b89cb4d47",
  "packages": [
    {
      "name": "DynamicNeuralGarments",
      "SPDXID": "SPDXRef-Package-MengZephyr-DynamicNeuralGarments",
      "versionInfo": "31297f30376cd1b0be769590cc80715b89cb4d47",
      "downloadLocation": "git+https://github.com/MengZephyr/DynamicNeuralGarments.git@31297f30376cd1b0be769590cc80715b89cb4d47",
      "filesAnalyzed": false
    },
    {
      "name": "Raytracer",
      "SPDXID": "SPDXRef-Package-Witek902-Raytracer",
      "versionInfo": "3e38a82a5ea28e64793e98efc5b8e2643ceb8e9d",
      "downloadLocation": "git+https://github.com/Witek902/Raytracer.git@3e38a82a5ea28e64793e98efc5b8e2643ceb8e9d",
      "filesAnalyzed": false
    }
  ],
  "relationships": [
    {
      "spdxElementId": "SPDXRef-Package-MengZephyr-DynamicNeuralGarments",
      "relatedSpdxElement": "SPDXRef-Package-Witek902-Raytracer",
      "relationshipType": "DEPENDS_ON"
    }
  ]
}