{
  "spdxVersion": "SPDX-2.3",
  "dataLicense": "CC0-1.0",
  "SPDXID": "SPDXRef-DOCUMENT",
  "name": "octave Dependency Manifest",
  "documentNamespace": "https://github.com/mholtkamp/octave/spdx/a526d942231955ed8329a0863ad0c8c7f7f0fb2e",
  "packages": [
    {
      "name": "octave",
      "SPDXID": "SPDXRef-Package-mholtkamp-octave",
      "versionInfo": "a526d942231955ed8329a0863ad0c8c7f7f0fb2e",
      "downloadLocation": "git+https://github.com/mholtkamp/octave.git@a526d942231955ed8329a0863ad0c8c7f7f0fb2e",
      "filesAnalyzed": false
    },
    {
      "name": "Raytracer",
      "SPDXID": "SPDXRef-Package-Witek902-Raytracer",
      "versionInfo": "3e38a82a5ea28e64793e98efc5b8e2643ceb8e9d",
      "downloadLocation": "git+https://github.com/Witek902/Raytracer.git@3e38a82a5ea28e64793e98efc5b8e2643ceb8e9d",
      "filesAnalyzed": false
    }
  ],
  "relationships": [
    {
      "spdxElementId": "SPDXRef-Package-mholtkamp-octave",
      "relatedSpdxElement": "SPDXRef-Package-Witek902-Raytracer",
      "relationshipType": "DEPENDS_ON"
    }
  ]
}