{
  "spdxVersion": "SPDX-2.3",
  "dataLicense": "CC0-1.0",
  "SPDXID": "SPDXRef-DOCUMENT",
  "name": "vcpkg Dependency Manifest",
  "documentNamespace": "https://github.com/microsoft/vcpkg/spdx/ffc071e0c08432c60c9b64f00334c0227667931b",
  "packages": [
    {
      "name": "vcpkg",
      "SPDXID": "SPDXRef-Package-microsoft-vcpkg",
      "versionInfo": "ffc071e0c08432c60c9b64f00334c0227667931b",
      "downloadLocation": "git+https://github.com/microsoft/vcpkg.git@ffc071e0c08432c60c9b64f00334c0227667931b",
      "filesAnalyzed": false
    },
    {
      "name": "tinyexr",
      "SPDXID": "SPDXRef-Package-syoyo-tinyexr",
      "versionInfo": "3ffe5f9d5e673e6e8c378d59b306b2824993e705",
      "downloadLocation": "git+https://github.com/syoyo/tinyexr.git@3ffe5f9d5e673e6e8c378d59b306b2824993e705",
      "filesAnalyzed": false
    }
  ],
  "relationships": [
    {
      "spdxElementId": "SPDXRef-Package-microsoft-vcpkg",
      "relatedSpdxElement": "SPDXRef-Package-syoyo-tinyexr",
      "relationshipType": "DEPENDS_ON"
    }
  ]
}