{
  "spdxVersion": "SPDX-2.3",
  "dataLicense": "CC0-1.0",
  "SPDXID": "SPDXRef-DOCUMENT",
  "name": "microhh Dependency Manifest",
  "documentNamespace": "https://github.com/microhh/microhh/spdx/736a2f5ef422b56c7a77a2a9d2b6e719bce16f37",
  "packages": [
    {
      "name": "microhh",
      "SPDXID": "SPDXRef-Package-microhh-microhh",
      "versionInfo": "736a2f5ef422b56c7a77a2a9d2b6e719bce16f37",
      "downloadLocation": "git+https://github.com/microhh/microhh.git@736a2f5ef422b56c7a77a2a9d2b6e719bce16f37",
      "filesAnalyzed": false
    },
    {
      "name": "Raytracer",
      "SPDXID": "SPDXRef-Package-Witek902-Raytracer",
      "versionInfo": "3e38a82a5ea28e64793e98efc5b8e2643ceb8e9d",
      "downloadLocation": "git+https://github.com/Witek902/Raytracer.git@3e38a82a5ea28e64793e98efc5b8e2643ceb8e9d",
      "filesAnalyzed": false
    }
  ],
  "relationships": [
    {
      "spdxElementId": "SPDXRef-Package-microhh-microhh",
      "relatedSpdxElement": "SPDXRef-Package-Witek902-Raytracer",
      "relationshipType": "DEPENDS_ON"
    }
  ]
}