{
  "spdxVersion": "SPDX-2.3",
  "dataLicense": "CC0-1.0",
  "SPDXID": "SPDXRef-DOCUMENT",
  "name": "GodotSwift Dependency Manifest",
  "documentNamespace": "https://github.com/migueldeicaza/GodotSwift/spdx/ff0a0e031abaccfa76f5e764391bdcc56645c19e",
  "packages": [
    {
      "name": "GodotSwift",
      "SPDXID": "SPDXRef-Package-migueldeicaza-GodotSwift",
      "versionInfo": "ff0a0e031abaccfa76f5e764391bdcc56645c19e",
      "downloadLocation": "git+https://github.com/migueldeicaza/GodotSwift.git@ff0a0e031abaccfa76f5e764391bdcc56645c19e",
      "filesAnalyzed": false
    },
    {
      "name": "godot",
      "SPDXID": "SPDXRef-Package-godotengine-godot",
      "versionInfo": "5cba18ff3bbe5adc9b4a8d7e970084979014b5f4",
      "downloadLocation": "git+https://github.com/godotengine/godot.git@5cba18ff3bbe5adc9b4a8d7e970084979014b5f4",
      "filesAnalyzed": false
    }
  ],
  "relationships": [
    {
      "spdxElementId": "SPDXRef-Package-migueldeicaza-GodotSwift",
      "relatedSpdxElement": "SPDXRef-Package-godotengine-godot",
      "relationshipType": "DEPENDS_ON"
    }
  ]
}