{
  "spdxVersion": "SPDX-2.3",
  "dataLicense": "CC0-1.0",
  "SPDXID": "SPDXRef-DOCUMENT",
  "name": "miktex Dependency Manifest",
  "documentNamespace": "https://github.com/MiKTeX/miktex/spdx/add606690b3845191b7bd2e695e1d931fe18861c",
  "packages": [
    {
      "name": "miktex",
      "SPDXID": "SPDXRef-Package-MiKTeX-miktex",
      "versionInfo": "add606690b3845191b7bd2e695e1d931fe18861c",
      "downloadLocation": "git+https://github.com/MiKTeX/miktex.git@add606690b3845191b7bd2e695e1d931fe18861c",
      "filesAnalyzed": false
    },
    {
      "name": "tinyexr",
      "SPDXID": "SPDXRef-Package-syoyo-tinyexr",
      "versionInfo": "3ffe5f9d5e673e6e8c378d59b306b2824993e705",
      "downloadLocation": "git+https://github.com/syoyo/tinyexr.git@3ffe5f9d5e673e6e8c378d59b306b2824993e705",
      "filesAnalyzed": false
    }
  ],
  "relationships": [
    {
      "spdxElementId": "SPDXRef-Package-MiKTeX-miktex",
      "relatedSpdxElement": "SPDXRef-Package-syoyo-tinyexr",
      "relationshipType": "DEPENDS_ON"
    }
  ]
}