{
  "spdxVersion": "SPDX-2.3",
  "dataLicense": "CC0-1.0",
  "SPDXID": "SPDXRef-DOCUMENT",
  "name": "ReSTIR-SSS Dependency Manifest",
  "documentNamespace": "https://github.com/MircoWerner/ReSTIR-SSS/spdx/c209f2b72b85cc51aa2577c14534952154ae4313",
  "packages": [
    {
      "name": "ReSTIR-SSS",
      "SPDXID": "SPDXRef-Package-MircoWerner-ReSTIR-SSS",
      "versionInfo": "c209f2b72b85cc51aa2577c14534952154ae4313",
      "downloadLocation": "git+https://github.com/MircoWerner/ReSTIR-SSS.git@c209f2b72b85cc51aa2577c14534952154ae4313",
      "filesAnalyzed": false
    },
    {
      "name": "tinygltf",
      "SPDXID": "SPDXRef-Package-syoyo-tinygltf",
      "versionInfo": "bdc37385f198c787ba143e18f01b06164f8c7d15",
      "downloadLocation": "git+https://github.com/syoyo/tinygltf.git@bdc37385f198c787ba143e18f01b06164f8c7d15",
      "filesAnalyzed": false
    }
  ],
  "relationships": [
    {
      "spdxElementId": "SPDXRef-Package-MircoWerner-ReSTIR-SSS",
      "relatedSpdxElement": "SPDXRef-Package-syoyo-tinygltf",
      "relationshipType": "DEPENDS_ON"
    }
  ]
}