{
  "spdxVersion": "SPDX-2.3",
  "dataLicense": "CC0-1.0",
  "SPDXID": "SPDXRef-DOCUMENT",
  "name": "TextureSignalProcessing Dependency Manifest",
  "documentNamespace": "https://github.com/mkazhdan/TextureSignalProcessing/spdx/dd7ab66cc0e75bec1e6eb6b704d240e8780f46e7",
  "packages": [
    {
      "name": "TextureSignalProcessing",
      "SPDXID": "SPDXRef-Package-mkazhdan-TextureSignalProcessing",
      "versionInfo": "dd7ab66cc0e75bec1e6eb6b704d240e8780f46e7",
      "downloadLocation": "git+https://github.com/mkazhdan/TextureSignalProcessing.git@dd7ab66cc0e75bec1e6eb6b704d240e8780f46e7",
      "filesAnalyzed": false
    },
    {
      "name": "tinyexr",
      "SPDXID": "SPDXRef-Package-syoyo-tinyexr",
      "versionInfo": "3ffe5f9d5e673e6e8c378d59b306b2824993e705",
      "downloadLocation": "git+https://github.com/syoyo/tinyexr.git@3ffe5f9d5e673e6e8c378d59b306b2824993e705",
      "filesAnalyzed": false
    }
  ],
  "relationships": [
    {
      "spdxElementId": "SPDXRef-Package-mkazhdan-TextureSignalProcessing",
      "relatedSpdxElement": "SPDXRef-Package-syoyo-tinyexr",
      "relationshipType": "DEPENDS_ON"
    }
  ]
}