{
  "spdxVersion": "SPDX-2.3",
  "dataLicense": "CC0-1.0",
  "SPDXID": "SPDXRef-DOCUMENT",
  "name": "MobFGSR Dependency Manifest",
  "documentNamespace": "https://github.com/Mob-FGSR/MobFGSR/spdx/df7ed207ed66d53dc44518ce12572cd49015c125",
  "packages": [
    {
      "name": "MobFGSR",
      "SPDXID": "SPDXRef-Package-Mob-FGSR-MobFGSR",
      "versionInfo": "df7ed207ed66d53dc44518ce12572cd49015c125",
      "downloadLocation": "git+https://github.com/Mob-FGSR/MobFGSR.git@df7ed207ed66d53dc44518ce12572cd49015c125",
      "filesAnalyzed": false
    },
    {
      "name": "tinyexr",
      "SPDXID": "SPDXRef-Package-syoyo-tinyexr",
      "versionInfo": "3ffe5f9d5e673e6e8c378d59b306b2824993e705",
      "downloadLocation": "git+https://github.com/syoyo/tinyexr.git@3ffe5f9d5e673e6e8c378d59b306b2824993e705",
      "filesAnalyzed": false
    }
  ],
  "relationships": [
    {
      "spdxElementId": "SPDXRef-Package-Mob-FGSR-MobFGSR",
      "relatedSpdxElement": "SPDXRef-Package-syoyo-tinyexr",
      "relationshipType": "DEPENDS_ON"
    }
  ]
}