{
  "spdxVersion": "SPDX-2.3",
  "dataLicense": "CC0-1.0",
  "SPDXID": "SPDXRef-DOCUMENT",
  "name": "bound-caustics Dependency Manifest",
  "documentNamespace": "https://github.com/mollnn/bound-caustics/spdx/b116d5326709cb5749a45be14c70105e224c9a9d",
  "packages": [
    {
      "name": "bound-caustics",
      "SPDXID": "SPDXRef-Package-mollnn-bound-caustics",
      "versionInfo": "b116d5326709cb5749a45be14c70105e224c9a9d",
      "downloadLocation": "git+https://github.com/mollnn/bound-caustics.git@b116d5326709cb5749a45be14c70105e224c9a9d",
      "filesAnalyzed": false
    },
    {
      "name": "tinyexr",
      "SPDXID": "SPDXRef-Package-syoyo-tinyexr",
      "versionInfo": "3ffe5f9d5e673e6e8c378d59b306b2824993e705",
      "downloadLocation": "git+https://github.com/syoyo/tinyexr.git@3ffe5f9d5e673e6e8c378d59b306b2824993e705",
      "filesAnalyzed": false
    }
  ],
  "relationships": [
    {
      "spdxElementId": "SPDXRef-Package-mollnn-bound-caustics",
      "relatedSpdxElement": "SPDXRef-Package-syoyo-tinyexr",
      "relationshipType": "DEPENDS_ON"
    }
  ]
}