{
  "spdxVersion": "SPDX-2.3",
  "dataLicense": "CC0-1.0",
  "SPDXID": "SPDXRef-DOCUMENT",
  "name": "spoly Dependency Manifest",
  "documentNamespace": "https://github.com/mollnn/spoly/spdx/8817b27933589e820bbec17aafd415567d6d56aa",
  "packages": [
    {
      "name": "spoly",
      "SPDXID": "SPDXRef-Package-mollnn-spoly",
      "versionInfo": "8817b27933589e820bbec17aafd415567d6d56aa",
      "downloadLocation": "git+https://github.com/mollnn/spoly.git@8817b27933589e820bbec17aafd415567d6d56aa",
      "filesAnalyzed": false
    },
    {
      "name": "tinyexr",
      "SPDXID": "SPDXRef-Package-syoyo-tinyexr",
      "versionInfo": "3ffe5f9d5e673e6e8c378d59b306b2824993e705",
      "downloadLocation": "git+https://github.com/syoyo/tinyexr.git@3ffe5f9d5e673e6e8c378d59b306b2824993e705",
      "filesAnalyzed": false
    }
  ],
  "relationships": [
    {
      "spdxElementId": "SPDXRef-Package-mollnn-spoly",
      "relatedSpdxElement": "SPDXRef-Package-syoyo-tinyexr",
      "relationshipType": "DEPENDS_ON"
    }
  ]
}