{
  "spdxVersion": "SPDX-2.3",
  "dataLicense": "CC0-1.0",
  "SPDXID": "SPDXRef-DOCUMENT",
  "name": "magnum-examples Dependency Manifest",
  "documentNamespace": "https://github.com/mosra/magnum-examples/spdx/4c88c53cb805e0bb92a3efb1a8aebfea3cc049b7",
  "packages": [
    {
      "name": "magnum-examples",
      "SPDXID": "SPDXRef-Package-mosra-magnum-examples",
      "versionInfo": "4c88c53cb805e0bb92a3efb1a8aebfea3cc049b7",
      "downloadLocation": "git+https://github.com/mosra/magnum-examples.git@4c88c53cb805e0bb92a3efb1a8aebfea3cc049b7",
      "filesAnalyzed": false
    },
    {
      "name": "Raytracer",
      "SPDXID": "SPDXRef-Package-Witek902-Raytracer",
      "versionInfo": "3e38a82a5ea28e64793e98efc5b8e2643ceb8e9d",
      "downloadLocation": "git+https://github.com/Witek902/Raytracer.git@3e38a82a5ea28e64793e98efc5b8e2643ceb8e9d",
      "filesAnalyzed": false
    }
  ],
  "relationships": [
    {
      "spdxElementId": "SPDXRef-Package-mosra-magnum-examples",
      "relatedSpdxElement": "SPDXRef-Package-Witek902-Raytracer",
      "relationshipType": "DEPENDS_ON"
    }
  ]
}