{
  "spdxVersion": "SPDX-2.3",
  "dataLicense": "CC0-1.0",
  "SPDXID": "SPDXRef-DOCUMENT",
  "name": "MoSync Dependency Manifest",
  "documentNamespace": "https://github.com/MoSync/MoSync/spdx/dfed6b5d6ba92c529a0963f02cdb765d84c07281",
  "packages": [
    {
      "name": "MoSync",
      "SPDXID": "SPDXRef-Package-MoSync-MoSync",
      "versionInfo": "dfed6b5d6ba92c529a0963f02cdb765d84c07281",
      "downloadLocation": "git+https://github.com/MoSync/MoSync.git@dfed6b5d6ba92c529a0963f02cdb765d84c07281",
      "filesAnalyzed": false
    },
    {
      "name": "Raytracer",
      "SPDXID": "SPDXRef-Package-Witek902-Raytracer",
      "versionInfo": "3e38a82a5ea28e64793e98efc5b8e2643ceb8e9d",
      "downloadLocation": "git+https://github.com/Witek902/Raytracer.git@3e38a82a5ea28e64793e98efc5b8e2643ceb8e9d",
      "filesAnalyzed": false
    }
  ],
  "relationships": [
    {
      "spdxElementId": "SPDXRef-Package-MoSync-MoSync",
      "relatedSpdxElement": "SPDXRef-Package-Witek902-Raytracer",
      "relationshipType": "DEPENDS_ON"
    }
  ]
}