{
  "spdxVersion": "SPDX-2.3",
  "dataLicense": "CC0-1.0",
  "SPDXID": "SPDXRef-DOCUMENT",
  "name": "Radial-Engine Dependency Manifest",
  "documentNamespace": "https://github.com/mua/Radial-Engine/spdx/eda59cf9048c7327e7c7e16e43f85d44e9933b6e",
  "packages": [
    {
      "name": "Radial-Engine",
      "SPDXID": "SPDXRef-Package-mua-Radial-Engine",
      "versionInfo": "eda59cf9048c7327e7c7e16e43f85d44e9933b6e",
      "downloadLocation": "git+https://github.com/mua/Radial-Engine.git@eda59cf9048c7327e7c7e16e43f85d44e9933b6e",
      "filesAnalyzed": false
    },
    {
      "name": "Raytracer",
      "SPDXID": "SPDXRef-Package-Witek902-Raytracer",
      "versionInfo": "3e38a82a5ea28e64793e98efc5b8e2643ceb8e9d",
      "downloadLocation": "git+https://github.com/Witek902/Raytracer.git@3e38a82a5ea28e64793e98efc5b8e2643ceb8e9d",
      "filesAnalyzed": false
    }
  ],
  "relationships": [
    {
      "spdxElementId": "SPDXRef-Package-mua-Radial-Engine",
      "relatedSpdxElement": "SPDXRef-Package-Witek902-Raytracer",
      "relationshipType": "DEPENDS_ON"
    }
  ]
}