{
  "spdxVersion": "SPDX-2.3",
  "dataLicense": "CC0-1.0",
  "SPDXID": "SPDXRef-DOCUMENT",
  "name": "lucid Dependency Manifest",
  "documentNamespace": "https://github.com/nadult/lucid/spdx/807fc6ddaf5c3a8eb07c0e174a16344fbd04df03",
  "packages": [
    {
      "name": "lucid",
      "SPDXID": "SPDXRef-Package-nadult-lucid",
      "versionInfo": "807fc6ddaf5c3a8eb07c0e174a16344fbd04df03",
      "downloadLocation": "git+https://github.com/nadult/lucid.git@807fc6ddaf5c3a8eb07c0e174a16344fbd04df03",
      "filesAnalyzed": false
    },
    {
      "name": "tinyexr",
      "SPDXID": "SPDXRef-Package-syoyo-tinyexr",
      "versionInfo": "3ffe5f9d5e673e6e8c378d59b306b2824993e705",
      "downloadLocation": "git+https://github.com/syoyo/tinyexr.git@3ffe5f9d5e673e6e8c378d59b306b2824993e705",
      "filesAnalyzed": false
    }
  ],
  "relationships": [
    {
      "spdxElementId": "SPDXRef-Package-nadult-lucid",
      "relatedSpdxElement": "SPDXRef-Package-syoyo-tinyexr",
      "relationshipType": "DEPENDS_ON"
    }
  ]
}