{
  "spdxVersion": "SPDX-2.3",
  "dataLicense": "CC0-1.0",
  "SPDXID": "SPDXRef-DOCUMENT",
  "name": "prism-live-studio Dependency Manifest",
  "documentNamespace": "https://github.com/naver/prism-live-studio/spdx/0364d0d629fa538df23060b1ad1f51535cb122e1",
  "packages": [
    {
      "name": "prism-live-studio",
      "SPDXID": "SPDXRef-Package-naver-prism-live-studio",
      "versionInfo": "0364d0d629fa538df23060b1ad1f51535cb122e1",
      "downloadLocation": "git+https://github.com/naver/prism-live-studio.git@0364d0d629fa538df23060b1ad1f51535cb122e1",
      "filesAnalyzed": false
    },
    {
      "name": "Cinder",
      "SPDXID": "SPDXRef-Package-cinder-Cinder",
      "versionInfo": "48b16b726fb20a7389f2a56fa71db909f8856fa3",
      "downloadLocation": "git+https://github.com/cinder/Cinder.git@48b16b726fb20a7389f2a56fa71db909f8856fa3",
      "filesAnalyzed": false
    }
  ],
  "relationships": [
    {
      "spdxElementId": "SPDXRef-Package-naver-prism-live-studio",
      "relatedSpdxElement": "SPDXRef-Package-cinder-Cinder",
      "relationshipType": "DEPENDS_ON"
    }
  ]
}