{
  "spdxVersion": "SPDX-2.3",
  "dataLicense": "CC0-1.0",
  "SPDXID": "SPDXRef-DOCUMENT",
  "name": "pathtracer Dependency Manifest",
  "documentNamespace": "https://github.com/nbonneel/pathtracer/spdx/06c46b2a99f82acfca6c9b8f08f4fd6909b52b31",
  "packages": [
    {
      "name": "pathtracer",
      "SPDXID": "SPDXRef-Package-nbonneel-pathtracer",
      "versionInfo": "06c46b2a99f82acfca6c9b8f08f4fd6909b52b31",
      "downloadLocation": "git+https://github.com/nbonneel/pathtracer.git@06c46b2a99f82acfca6c9b8f08f4fd6909b52b31",
      "filesAnalyzed": false
    },
    {
      "name": "Raytracer",
      "SPDXID": "SPDXRef-Package-Witek902-Raytracer",
      "versionInfo": "3e38a82a5ea28e64793e98efc5b8e2643ceb8e9d",
      "downloadLocation": "git+https://github.com/Witek902/Raytracer.git@3e38a82a5ea28e64793e98efc5b8e2643ceb8e9d",
      "filesAnalyzed": false
    }
  ],
  "relationships": [
    {
      "spdxElementId": "SPDXRef-Package-nbonneel-pathtracer",
      "relatedSpdxElement": "SPDXRef-Package-Witek902-Raytracer",
      "relationshipType": "DEPENDS_ON"
    }
  ]
}