{
  "spdxVersion": "SPDX-2.3",
  "dataLicense": "CC0-1.0",
  "SPDXID": "SPDXRef-DOCUMENT",
  "name": "CrystalEngine Dependency Manifest",
  "documentNamespace": "https://github.com/neilmewada/CrystalEngine/spdx/aabab7885f5a52bc5e0f34e0302f8aebbc572872",
  "packages": [
    {
      "name": "CrystalEngine",
      "SPDXID": "SPDXRef-Package-neilmewada-CrystalEngine",
      "versionInfo": "aabab7885f5a52bc5e0f34e0302f8aebbc572872",
      "downloadLocation": "git+https://github.com/neilmewada/CrystalEngine.git@aabab7885f5a52bc5e0f34e0302f8aebbc572872",
      "filesAnalyzed": false
    },
    {
      "name": "tinyexr",
      "SPDXID": "SPDXRef-Package-syoyo-tinyexr",
      "versionInfo": "3ffe5f9d5e673e6e8c378d59b306b2824993e705",
      "downloadLocation": "git+https://github.com/syoyo/tinyexr.git@3ffe5f9d5e673e6e8c378d59b306b2824993e705",
      "filesAnalyzed": false
    }
  ],
  "relationships": [
    {
      "spdxElementId": "SPDXRef-Package-neilmewada-CrystalEngine",
      "relatedSpdxElement": "SPDXRef-Package-syoyo-tinyexr",
      "relationshipType": "DEPENDS_ON"
    }
  ]
}