{
  "spdxVersion": "SPDX-2.3",
  "dataLicense": "CC0-1.0",
  "SPDXID": "SPDXRef-DOCUMENT",
  "name": "hardcode Dependency Manifest",
  "documentNamespace": "https://github.com/netspooky/hardcode/spdx/2033e906d3a7850f88dda431f15a70f0981729b9",
  "packages": [
    {
      "name": "hardcode",
      "SPDXID": "SPDXRef-Package-netspooky-hardcode",
      "versionInfo": "2033e906d3a7850f88dda431f15a70f0981729b9",
      "downloadLocation": "git+https://github.com/netspooky/hardcode.git@2033e906d3a7850f88dda431f15a70f0981729b9",
      "filesAnalyzed": false
    },
    {
      "name": "Raytracer",
      "SPDXID": "SPDXRef-Package-Witek902-Raytracer",
      "versionInfo": "3e38a82a5ea28e64793e98efc5b8e2643ceb8e9d",
      "downloadLocation": "git+https://github.com/Witek902/Raytracer.git@3e38a82a5ea28e64793e98efc5b8e2643ceb8e9d",
      "filesAnalyzed": false
    }
  ],
  "relationships": [
    {
      "spdxElementId": "SPDXRef-Package-netspooky-hardcode",
      "relatedSpdxElement": "SPDXRef-Package-Witek902-Raytracer",
      "relationshipType": "DEPENDS_ON"
    }
  ]
}