{
  "spdxVersion": "SPDX-2.3",
  "dataLicense": "CC0-1.0",
  "SPDXID": "SPDXRef-DOCUMENT",
  "name": "InsectRobotSimulation Dependency Manifest",
  "documentNamespace": "https://github.com/neuroprod/InsectRobotSimulation/spdx/b43bf242483bb8c1a7d8e3069f665f5824320ea9",
  "packages": [
    {
      "name": "InsectRobotSimulation",
      "SPDXID": "SPDXRef-Package-neuroprod-InsectRobotSimulation",
      "versionInfo": "b43bf242483bb8c1a7d8e3069f665f5824320ea9",
      "downloadLocation": "git+https://github.com/neuroprod/InsectRobotSimulation.git@b43bf242483bb8c1a7d8e3069f665f5824320ea9",
      "filesAnalyzed": false
    },
    {
      "name": "Cinder",
      "SPDXID": "SPDXRef-Package-cinder-Cinder",
      "versionInfo": "48b16b726fb20a7389f2a56fa71db909f8856fa3",
      "downloadLocation": "git+https://github.com/cinder/Cinder.git@48b16b726fb20a7389f2a56fa71db909f8856fa3",
      "filesAnalyzed": false
    }
  ],
  "relationships": [
    {
      "spdxElementId": "SPDXRef-Package-neuroprod-InsectRobotSimulation",
      "relatedSpdxElement": "SPDXRef-Package-cinder-Cinder",
      "relationshipType": "DEPENDS_ON"
    }
  ]
}