{
  "spdxVersion": "SPDX-2.3",
  "dataLicense": "CC0-1.0",
  "SPDXID": "SPDXRef-DOCUMENT",
  "name": "osgGISPlugins Dependency Manifest",
  "documentNamespace": "https://github.com/newpeople123/osgGISPlugins/spdx/a7cb809f07ccf34f2c3c8098a74ed2457ed3d799",
  "packages": [
    {
      "name": "osgGISPlugins",
      "SPDXID": "SPDXRef-Package-newpeople123-osgGISPlugins",
      "versionInfo": "a7cb809f07ccf34f2c3c8098a74ed2457ed3d799",
      "downloadLocation": "git+https://github.com/newpeople123/osgGISPlugins.git@a7cb809f07ccf34f2c3c8098a74ed2457ed3d799",
      "filesAnalyzed": false
    },
    {
      "name": "tinygltf",
      "SPDXID": "SPDXRef-Package-syoyo-tinygltf",
      "versionInfo": "bdc37385f198c787ba143e18f01b06164f8c7d15",
      "downloadLocation": "git+https://github.com/syoyo/tinygltf.git@bdc37385f198c787ba143e18f01b06164f8c7d15",
      "filesAnalyzed": false
    }
  ],
  "relationships": [
    {
      "spdxElementId": "SPDXRef-Package-newpeople123-osgGISPlugins",
      "relatedSpdxElement": "SPDXRef-Package-syoyo-tinygltf",
      "relationshipType": "DEPENDS_ON"
    }
  ]
}