{
  "spdxVersion": "SPDX-2.3",
  "dataLicense": "CC0-1.0",
  "SPDXID": "SPDXRef-DOCUMENT",
  "name": "nfengine Dependency Manifest",
  "documentNamespace": "https://github.com/nfprojects/nfengine/spdx/34ecfd6ef1461da12fc6d7067e031fd6a5b35a90",
  "packages": [
    {
      "name": "nfengine",
      "SPDXID": "SPDXRef-Package-nfprojects-nfengine",
      "versionInfo": "34ecfd6ef1461da12fc6d7067e031fd6a5b35a90",
      "downloadLocation": "git+https://github.com/nfprojects/nfengine.git@34ecfd6ef1461da12fc6d7067e031fd6a5b35a90",
      "filesAnalyzed": false
    },
    {
      "name": "Raytracer",
      "SPDXID": "SPDXRef-Package-Witek902-Raytracer",
      "versionInfo": "3e38a82a5ea28e64793e98efc5b8e2643ceb8e9d",
      "downloadLocation": "git+https://github.com/Witek902/Raytracer.git@3e38a82a5ea28e64793e98efc5b8e2643ceb8e9d",
      "filesAnalyzed": false
    }
  ],
  "relationships": [
    {
      "spdxElementId": "SPDXRef-Package-nfprojects-nfengine",
      "relatedSpdxElement": "SPDXRef-Package-Witek902-Raytracer",
      "relationshipType": "DEPENDS_ON"
    }
  ]
}