{
  "spdxVersion": "SPDX-2.3",
  "dataLicense": "CC0-1.0",
  "SPDXID": "SPDXRef-DOCUMENT",
  "name": "nixpkgs-channels Dependency Manifest",
  "documentNamespace": "https://github.com/NixOS/nixpkgs-channels/spdx/4762fba469e2baa82f983b262e2c06ac2fdaae67",
  "packages": [
    {
      "name": "nixpkgs-channels",
      "SPDXID": "SPDXRef-Package-NixOS-nixpkgs-channels",
      "versionInfo": "4762fba469e2baa82f983b262e2c06ac2fdaae67",
      "downloadLocation": "git+https://github.com/NixOS/nixpkgs-channels.git@4762fba469e2baa82f983b262e2c06ac2fdaae67",
      "filesAnalyzed": false
    },
    {
      "name": "Raytracer",
      "SPDXID": "SPDXRef-Package-Witek902-Raytracer",
      "versionInfo": "3e38a82a5ea28e64793e98efc5b8e2643ceb8e9d",
      "downloadLocation": "git+https://github.com/Witek902/Raytracer.git@3e38a82a5ea28e64793e98efc5b8e2643ceb8e9d",
      "filesAnalyzed": false
    }
  ],
  "relationships": [
    {
      "spdxElementId": "SPDXRef-Package-NixOS-nixpkgs-channels",
      "relatedSpdxElement": "SPDXRef-Package-Witek902-Raytracer",
      "relationshipType": "DEPENDS_ON"
    }
  ]
}