{
  "spdxVersion": "SPDX-2.3",
  "dataLicense": "CC0-1.0",
  "SPDXID": "SPDXRef-DOCUMENT",
  "name": "delfem2 Dependency Manifest",
  "documentNamespace": "https://github.com/nobuyuki83/delfem2/spdx/104f3deb80e7501b3dd5eea0456d10c4e5095753",
  "packages": [
    {
      "name": "delfem2",
      "SPDXID": "SPDXRef-Package-nobuyuki83-delfem2",
      "versionInfo": "104f3deb80e7501b3dd5eea0456d10c4e5095753",
      "downloadLocation": "git+https://github.com/nobuyuki83/delfem2.git@104f3deb80e7501b3dd5eea0456d10c4e5095753",
      "filesAnalyzed": false
    },
    {
      "name": "tinygltf",
      "SPDXID": "SPDXRef-Package-syoyo-tinygltf",
      "versionInfo": "bdc37385f198c787ba143e18f01b06164f8c7d15",
      "downloadLocation": "git+https://github.com/syoyo/tinygltf.git@bdc37385f198c787ba143e18f01b06164f8c7d15",
      "filesAnalyzed": false
    }
  ],
  "relationships": [
    {
      "spdxElementId": "SPDXRef-Package-nobuyuki83-delfem2",
      "relatedSpdxElement": "SPDXRef-Package-syoyo-tinygltf",
      "relationshipType": "DEPENDS_ON"
    }
  ]
}