{
  "spdxVersion": "SPDX-2.3",
  "dataLicense": "CC0-1.0",
  "SPDXID": "SPDXRef-DOCUMENT",
  "name": "KickstartRT_demo Dependency Manifest",
  "documentNamespace": "https://github.com/NVIDIAGameWorks/KickstartRT_demo/spdx/95ea0142ca95df77ce7d9002788afdf1dde9ecf4",
  "packages": [
    {
      "name": "KickstartRT_demo",
      "SPDXID": "SPDXRef-Package-NVIDIAGameWorks-KickstartRT_demo",
      "versionInfo": "95ea0142ca95df77ce7d9002788afdf1dde9ecf4",
      "downloadLocation": "git+https://github.com/NVIDIAGameWorks/KickstartRT_demo.git@95ea0142ca95df77ce7d9002788afdf1dde9ecf4",
      "filesAnalyzed": false
    },
    {
      "name": "tinyexr",
      "SPDXID": "SPDXRef-Package-syoyo-tinyexr",
      "versionInfo": "3ffe5f9d5e673e6e8c378d59b306b2824993e705",
      "downloadLocation": "git+https://github.com/syoyo/tinyexr.git@3ffe5f9d5e673e6e8c378d59b306b2824993e705",
      "filesAnalyzed": false
    }
  ],
  "relationships": [
    {
      "spdxElementId": "SPDXRef-Package-NVIDIAGameWorks-KickstartRT_demo",
      "relatedSpdxElement": "SPDXRef-Package-syoyo-tinyexr",
      "relationshipType": "DEPENDS_ON"
    }
  ]
}