{
  "spdxVersion": "SPDX-2.3",
  "dataLicense": "CC0-1.0",
  "SPDXID": "SPDXRef-DOCUMENT",
  "name": "Streamline_Sample Dependency Manifest",
  "documentNamespace": "https://github.com/NVIDIA-RTX/Streamline_Sample/spdx/4aa6f8f8f1e31d8f738966fba70487a7f1d14b83",
  "packages": [
    {
      "name": "Streamline_Sample",
      "SPDXID": "SPDXRef-Package-NVIDIA-RTX-Streamline_Sample",
      "versionInfo": "4aa6f8f8f1e31d8f738966fba70487a7f1d14b83",
      "downloadLocation": "git+https://github.com/NVIDIA-RTX/Streamline_Sample.git@4aa6f8f8f1e31d8f738966fba70487a7f1d14b83",
      "filesAnalyzed": false
    },
    {
      "name": "tinyexr",
      "SPDXID": "SPDXRef-Package-syoyo-tinyexr",
      "versionInfo": "3ffe5f9d5e673e6e8c378d59b306b2824993e705",
      "downloadLocation": "git+https://github.com/syoyo/tinyexr.git@3ffe5f9d5e673e6e8c378d59b306b2824993e705",
      "filesAnalyzed": false
    }
  ],
  "relationships": [
    {
      "spdxElementId": "SPDXRef-Package-NVIDIA-RTX-Streamline_Sample",
      "relatedSpdxElement": "SPDXRef-Package-syoyo-tinyexr",
      "relationshipType": "DEPENDS_ON"
    }
  ]
}