{
  "spdxVersion": "SPDX-2.3",
  "dataLicense": "CC0-1.0",
  "SPDXID": "SPDXRef-DOCUMENT",
  "name": "optix-toolkit Dependency Manifest",
  "documentNamespace": "https://github.com/NVIDIA/optix-toolkit/spdx/958b5e332b025c1cdbaa85e524404e0d1f348227",
  "packages": [
    {
      "name": "optix-toolkit",
      "SPDXID": "SPDXRef-Package-NVIDIA-optix-toolkit",
      "versionInfo": "958b5e332b025c1cdbaa85e524404e0d1f348227",
      "downloadLocation": "git+https://github.com/NVIDIA/optix-toolkit.git@958b5e332b025c1cdbaa85e524404e0d1f348227",
      "filesAnalyzed": false
    },
    {
      "name": "tinygltf",
      "SPDXID": "SPDXRef-Package-syoyo-tinygltf",
      "versionInfo": "bdc37385f198c787ba143e18f01b06164f8c7d15",
      "downloadLocation": "git+https://github.com/syoyo/tinygltf.git@bdc37385f198c787ba143e18f01b06164f8c7d15",
      "filesAnalyzed": false
    }
  ],
  "relationships": [
    {
      "spdxElementId": "SPDXRef-Package-NVIDIA-optix-toolkit",
      "relatedSpdxElement": "SPDXRef-Package-syoyo-tinygltf",
      "relationshipType": "DEPENDS_ON"
    }
  ]
}