{
  "spdxVersion": "SPDX-2.3",
  "dataLicense": "CC0-1.0",
  "SPDXID": "SPDXRef-DOCUMENT",
  "name": "NVIDIAImageScaling Dependency Manifest",
  "documentNamespace": "https://github.com/NVIDIAGameWorks/NVIDIAImageScaling/spdx/35e13ba316c98eeecf16f37eae70ce88019911f6",
  "packages": [
    {
      "name": "NVIDIAImageScaling",
      "SPDXID": "SPDXRef-Package-NVIDIAGameWorks-NVIDIAImageScaling",
      "versionInfo": "35e13ba316c98eeecf16f37eae70ce88019911f6",
      "downloadLocation": "git+https://github.com/NVIDIAGameWorks/NVIDIAImageScaling.git@35e13ba316c98eeecf16f37eae70ce88019911f6",
      "filesAnalyzed": false
    },
    {
      "name": "tinyexr",
      "SPDXID": "SPDXRef-Package-syoyo-tinyexr",
      "versionInfo": "3ffe5f9d5e673e6e8c378d59b306b2824993e705",
      "downloadLocation": "git+https://github.com/syoyo/tinyexr.git@3ffe5f9d5e673e6e8c378d59b306b2824993e705",
      "filesAnalyzed": false
    }
  ],
  "relationships": [
    {
      "spdxElementId": "SPDXRef-Package-NVIDIAGameWorks-NVIDIAImageScaling",
      "relatedSpdxElement": "SPDXRef-Package-syoyo-tinyexr",
      "relationshipType": "DEPENDS_ON"
    }
  ]
}