{
  "spdxVersion": "SPDX-2.3",
  "dataLicense": "CC0-1.0",
  "SPDXID": "SPDXRef-DOCUMENT",
  "name": "RTXNTC Dependency Manifest",
  "documentNamespace": "https://github.com/NVIDIA-RTX/RTXNTC/spdx/1cfa9a514d1b893754df0d343e0dd9cf5a11567d",
  "packages": [
    {
      "name": "RTXNTC",
      "SPDXID": "SPDXRef-Package-NVIDIA-RTX-RTXNTC",
      "versionInfo": "1cfa9a514d1b893754df0d343e0dd9cf5a11567d",
      "downloadLocation": "git+https://github.com/NVIDIA-RTX/RTXNTC.git@1cfa9a514d1b893754df0d343e0dd9cf5a11567d",
      "filesAnalyzed": false
    },
    {
      "name": "tinyexr",
      "SPDXID": "SPDXRef-Package-syoyo-tinyexr",
      "versionInfo": "3ffe5f9d5e673e6e8c378d59b306b2824993e705",
      "downloadLocation": "git+https://github.com/syoyo/tinyexr.git@3ffe5f9d5e673e6e8c378d59b306b2824993e705",
      "filesAnalyzed": false
    }
  ],
  "relationships": [
    {
      "spdxElementId": "SPDXRef-Package-NVIDIA-RTX-RTXNTC",
      "relatedSpdxElement": "SPDXRef-Package-syoyo-tinyexr",
      "relationshipType": "DEPENDS_ON"
    }
  ]
}