{
  "spdxVersion": "SPDX-2.3",
  "dataLicense": "CC0-1.0",
  "SPDXID": "SPDXRef-DOCUMENT",
  "name": "Displacement-MicroMap-Toolkit Dependency Manifest",
  "documentNamespace": "https://github.com/NVIDIAGameWorks/Displacement-MicroMap-Toolkit/spdx/01e6024ec07d0e6dd51185c16228355236d07e64",
  "packages": [
    {
      "name": "Displacement-MicroMap-Toolkit",
      "SPDXID": "SPDXRef-Package-NVIDIAGameWorks-Displacement-MicroMap-Toolkit",
      "versionInfo": "01e6024ec07d0e6dd51185c16228355236d07e64",
      "downloadLocation": "git+https://github.com/NVIDIAGameWorks/Displacement-MicroMap-Toolkit.git@01e6024ec07d0e6dd51185c16228355236d07e64",
      "filesAnalyzed": false
    },
    {
      "name": "tinyexr",
      "SPDXID": "SPDXRef-Package-syoyo-tinyexr",
      "versionInfo": "3ffe5f9d5e673e6e8c378d59b306b2824993e705",
      "downloadLocation": "git+https://github.com/syoyo/tinyexr.git@3ffe5f9d5e673e6e8c378d59b306b2824993e705",
      "filesAnalyzed": false
    }
  ],
  "relationships": [
    {
      "spdxElementId": "SPDXRef-Package-NVIDIAGameWorks-Displacement-MicroMap-Toolkit",
      "relatedSpdxElement": "SPDXRef-Package-syoyo-tinyexr",
      "relationshipType": "DEPENDS_ON"
    }
  ]
}