{
  "spdxVersion": "SPDX-2.3",
  "dataLicense": "CC0-1.0",
  "SPDXID": "SPDXRef-DOCUMENT",
  "name": "tiny-cuda-nn Dependency Manifest",
  "documentNamespace": "https://github.com/NVlabs/tiny-cuda-nn/spdx/2e757bbe781db59c4980d389d7dccbf5edc09669",
  "packages": [
    {
      "name": "tiny-cuda-nn",
      "SPDXID": "SPDXRef-Package-NVlabs-tiny-cuda-nn",
      "versionInfo": "2e757bbe781db59c4980d389d7dccbf5edc09669",
      "downloadLocation": "git+https://github.com/NVlabs/tiny-cuda-nn.git@2e757bbe781db59c4980d389d7dccbf5edc09669",
      "filesAnalyzed": false
    },
    {
      "name": "tinyexr",
      "SPDXID": "SPDXRef-Package-syoyo-tinyexr",
      "versionInfo": "3ffe5f9d5e673e6e8c378d59b306b2824993e705",
      "downloadLocation": "git+https://github.com/syoyo/tinyexr.git@3ffe5f9d5e673e6e8c378d59b306b2824993e705",
      "filesAnalyzed": false
    }
  ],
  "relationships": [
    {
      "spdxElementId": "SPDXRef-Package-NVlabs-tiny-cuda-nn",
      "relatedSpdxElement": "SPDXRef-Package-syoyo-tinyexr",
      "relationshipType": "DEPENDS_ON"
    }
  ]
}