{
  "spdxVersion": "SPDX-2.3",
  "dataLicense": "CC0-1.0",
  "SPDXID": "SPDXRef-DOCUMENT",
  "name": "flip Dependency Manifest",
  "documentNamespace": "https://github.com/NVlabs/flip/spdx/b475eb4bf394ab877c42166c9eb0a84a02cc5b14",
  "packages": [
    {
      "name": "flip",
      "SPDXID": "SPDXRef-Package-NVlabs-flip",
      "versionInfo": "b475eb4bf394ab877c42166c9eb0a84a02cc5b14",
      "downloadLocation": "git+https://github.com/NVlabs/flip.git@b475eb4bf394ab877c42166c9eb0a84a02cc5b14",
      "filesAnalyzed": false
    },
    {
      "name": "tinyexr",
      "SPDXID": "SPDXRef-Package-syoyo-tinyexr",
      "versionInfo": "3ffe5f9d5e673e6e8c378d59b306b2824993e705",
      "downloadLocation": "git+https://github.com/syoyo/tinyexr.git@3ffe5f9d5e673e6e8c378d59b306b2824993e705",
      "filesAnalyzed": false
    }
  ],
  "relationships": [
    {
      "spdxElementId": "SPDXRef-Package-NVlabs-flip",
      "relatedSpdxElement": "SPDXRef-Package-syoyo-tinyexr",
      "relationshipType": "DEPENDS_ON"
    }
  ]
}