{
  "spdxVersion": "SPDX-2.3",
  "dataLicense": "CC0-1.0",
  "SPDXID": "SPDXRef-DOCUMENT",
  "name": "instant-ngp Dependency Manifest",
  "documentNamespace": "https://github.com/NVlabs/instant-ngp/spdx/abe236ee00cf90cfca6e36e65c00435d5b21f50a",
  "packages": [
    {
      "name": "instant-ngp",
      "SPDXID": "SPDXRef-Package-NVlabs-instant-ngp",
      "versionInfo": "abe236ee00cf90cfca6e36e65c00435d5b21f50a",
      "downloadLocation": "git+https://github.com/NVlabs/instant-ngp.git@abe236ee00cf90cfca6e36e65c00435d5b21f50a",
      "filesAnalyzed": false
    },
    {
      "name": "tinyexr",
      "SPDXID": "SPDXRef-Package-syoyo-tinyexr",
      "versionInfo": "3ffe5f9d5e673e6e8c378d59b306b2824993e705",
      "downloadLocation": "git+https://github.com/syoyo/tinyexr.git@3ffe5f9d5e673e6e8c378d59b306b2824993e705",
      "filesAnalyzed": false
    }
  ],
  "relationships": [
    {
      "spdxElementId": "SPDXRef-Package-NVlabs-instant-ngp",
      "relatedSpdxElement": "SPDXRef-Package-syoyo-tinyexr",
      "relationshipType": "DEPENDS_ON"
    }
  ]
}