{
  "spdxVersion": "SPDX-2.3",
  "dataLicense": "CC0-1.0",
  "SPDXID": "SPDXRef-DOCUMENT",
  "name": "ParallelInversion Dependency Manifest",
  "documentNamespace": "https://github.com/NVlabs/ParallelInversion/spdx/5a37e4fadc3bb5982d82e7dc772786df66e0cbb0",
  "packages": [
    {
      "name": "ParallelInversion",
      "SPDXID": "SPDXRef-Package-NVlabs-ParallelInversion",
      "versionInfo": "5a37e4fadc3bb5982d82e7dc772786df66e0cbb0",
      "downloadLocation": "git+https://github.com/NVlabs/ParallelInversion.git@5a37e4fadc3bb5982d82e7dc772786df66e0cbb0",
      "filesAnalyzed": false
    },
    {
      "name": "tinyexr",
      "SPDXID": "SPDXRef-Package-syoyo-tinyexr",
      "versionInfo": "3ffe5f9d5e673e6e8c378d59b306b2824993e705",
      "downloadLocation": "git+https://github.com/syoyo/tinyexr.git@3ffe5f9d5e673e6e8c378d59b306b2824993e705",
      "filesAnalyzed": false
    }
  ],
  "relationships": [
    {
      "spdxElementId": "SPDXRef-Package-NVlabs-ParallelInversion",
      "relatedSpdxElement": "SPDXRef-Package-syoyo-tinyexr",
      "relationshipType": "DEPENDS_ON"
    }
  ]
}