{
  "spdxVersion": "SPDX-2.3",
  "dataLicense": "CC0-1.0",
  "SPDXID": "SPDXRef-DOCUMENT",
  "name": "vk_gltf_renderer Dependency Manifest",
  "documentNamespace": "https://github.com/nvpro-samples/vk_gltf_renderer/spdx/b6c597b8334020024d79e31e920a1b7727c0dc6c",
  "packages": [
    {
      "name": "vk_gltf_renderer",
      "SPDXID": "SPDXRef-Package-nvpro-samples-vk_gltf_renderer",
      "versionInfo": "b6c597b8334020024d79e31e920a1b7727c0dc6c",
      "downloadLocation": "git+https://github.com/nvpro-samples/vk_gltf_renderer.git@b6c597b8334020024d79e31e920a1b7727c0dc6c",
      "filesAnalyzed": false
    },
    {
      "name": "tinygltf",
      "SPDXID": "SPDXRef-Package-syoyo-tinygltf",
      "versionInfo": "bdc37385f198c787ba143e18f01b06164f8c7d15",
      "downloadLocation": "git+https://github.com/syoyo/tinygltf.git@bdc37385f198c787ba143e18f01b06164f8c7d15",
      "filesAnalyzed": false
    }
  ],
  "relationships": [
    {
      "spdxElementId": "SPDXRef-Package-nvpro-samples-vk_gltf_renderer",
      "relatedSpdxElement": "SPDXRef-Package-syoyo-tinygltf",
      "relationshipType": "DEPENDS_ON"
    }
  ]
}