{
  "spdxVersion": "SPDX-2.3",
  "dataLicense": "CC0-1.0",
  "SPDXID": "SPDXRef-DOCUMENT",
  "name": "vk_raytracing_tutorial_KHR Dependency Manifest",
  "documentNamespace": "https://github.com/nvpro-samples/vk_raytracing_tutorial_KHR/spdx/d13cba8004ac1c8e4b53e0323897e069139ab045",
  "packages": [
    {
      "name": "vk_raytracing_tutorial_KHR",
      "SPDXID": "SPDXRef-Package-nvpro-samples-vk_raytracing_tutorial_KHR",
      "versionInfo": "d13cba8004ac1c8e4b53e0323897e069139ab045",
      "downloadLocation": "git+https://github.com/nvpro-samples/vk_raytracing_tutorial_KHR.git@d13cba8004ac1c8e4b53e0323897e069139ab045",
      "filesAnalyzed": false
    },
    {
      "name": "tinygltf",
      "SPDXID": "SPDXRef-Package-syoyo-tinygltf",
      "versionInfo": "bdc37385f198c787ba143e18f01b06164f8c7d15",
      "downloadLocation": "git+https://github.com/syoyo/tinygltf.git@bdc37385f198c787ba143e18f01b06164f8c7d15",
      "filesAnalyzed": false
    }
  ],
  "relationships": [
    {
      "spdxElementId": "SPDXRef-Package-nvpro-samples-vk_raytracing_tutorial_KHR",
      "relatedSpdxElement": "SPDXRef-Package-syoyo-tinygltf",
      "relationshipType": "DEPENDS_ON"
    }
  ]
}