{
  "spdxVersion": "SPDX-2.3",
  "dataLicense": "CC0-1.0",
  "SPDXID": "SPDXRef-DOCUMENT",
  "name": "vk_slang_editor Dependency Manifest",
  "documentNamespace": "https://github.com/nvpro-samples/vk_slang_editor/spdx/749545f51182ca4445d6d68f167c2f1debeb113d",
  "packages": [
    {
      "name": "vk_slang_editor",
      "SPDXID": "SPDXRef-Package-nvpro-samples-vk_slang_editor",
      "versionInfo": "749545f51182ca4445d6d68f167c2f1debeb113d",
      "downloadLocation": "git+https://github.com/nvpro-samples/vk_slang_editor.git@749545f51182ca4445d6d68f167c2f1debeb113d",
      "filesAnalyzed": false
    },
    {
      "name": "tinygltf",
      "SPDXID": "SPDXRef-Package-syoyo-tinygltf",
      "versionInfo": "bdc37385f198c787ba143e18f01b06164f8c7d15",
      "downloadLocation": "git+https://github.com/syoyo/tinygltf.git@bdc37385f198c787ba143e18f01b06164f8c7d15",
      "filesAnalyzed": false
    }
  ],
  "relationships": [
    {
      "spdxElementId": "SPDXRef-Package-nvpro-samples-vk_slang_editor",
      "relatedSpdxElement": "SPDXRef-Package-syoyo-tinygltf",
      "relationshipType": "DEPENDS_ON"
    }
  ]
}