{
  "spdxVersion": "SPDX-2.3",
  "dataLicense": "CC0-1.0",
  "SPDXID": "SPDXRef-DOCUMENT",
  "name": "vk_gaussian_splatting Dependency Manifest",
  "documentNamespace": "https://github.com/nvpro-samples/vk_gaussian_splatting/spdx/4cc19881431f12697855615214df2a85f89d44ec",
  "packages": [
    {
      "name": "vk_gaussian_splatting",
      "SPDXID": "SPDXRef-Package-nvpro-samples-vk_gaussian_splatting",
      "versionInfo": "4cc19881431f12697855615214df2a85f89d44ec",
      "downloadLocation": "git+https://github.com/nvpro-samples/vk_gaussian_splatting.git@4cc19881431f12697855615214df2a85f89d44ec",
      "filesAnalyzed": false
    },
    {
      "name": "tinygltf",
      "SPDXID": "SPDXRef-Package-syoyo-tinygltf",
      "versionInfo": "bdc37385f198c787ba143e18f01b06164f8c7d15",
      "downloadLocation": "git+https://github.com/syoyo/tinygltf.git@bdc37385f198c787ba143e18f01b06164f8c7d15",
      "filesAnalyzed": false
    }
  ],
  "relationships": [
    {
      "spdxElementId": "SPDXRef-Package-nvpro-samples-vk_gaussian_splatting",
      "relatedSpdxElement": "SPDXRef-Package-syoyo-tinygltf",
      "relationshipType": "DEPENDS_ON"
    }
  ]
}