{
  "spdxVersion": "SPDX-2.3",
  "dataLicense": "CC0-1.0",
  "SPDXID": "SPDXRef-DOCUMENT",
  "name": "vk_mini_samples Dependency Manifest",
  "documentNamespace": "https://github.com/nvpro-samples/vk_mini_samples/spdx/9122f768856e96af9641ead8f5db4ca21e69d018",
  "packages": [
    {
      "name": "vk_mini_samples",
      "SPDXID": "SPDXRef-Package-nvpro-samples-vk_mini_samples",
      "versionInfo": "9122f768856e96af9641ead8f5db4ca21e69d018",
      "downloadLocation": "git+https://github.com/nvpro-samples/vk_mini_samples.git@9122f768856e96af9641ead8f5db4ca21e69d018",
      "filesAnalyzed": false
    },
    {
      "name": "tinygltf",
      "SPDXID": "SPDXRef-Package-syoyo-tinygltf",
      "versionInfo": "bdc37385f198c787ba143e18f01b06164f8c7d15",
      "downloadLocation": "git+https://github.com/syoyo/tinygltf.git@bdc37385f198c787ba143e18f01b06164f8c7d15",
      "filesAnalyzed": false
    }
  ],
  "relationships": [
    {
      "spdxElementId": "SPDXRef-Package-nvpro-samples-vk_mini_samples",
      "relatedSpdxElement": "SPDXRef-Package-syoyo-tinygltf",
      "relationshipType": "DEPENDS_ON"
    }
  ]
}