{
  "spdxVersion": "SPDX-2.3",
  "dataLicense": "CC0-1.0",
  "SPDXID": "SPDXRef-DOCUMENT",
  "name": "nvpro_core2 Dependency Manifest",
  "documentNamespace": "https://github.com/nvpro-samples/nvpro_core2/spdx/a581d30e5e22cf4257a2d45046ee9eb84820824e",
  "packages": [
    {
      "name": "nvpro_core2",
      "SPDXID": "SPDXRef-Package-nvpro-samples-nvpro_core2",
      "versionInfo": "a581d30e5e22cf4257a2d45046ee9eb84820824e",
      "downloadLocation": "git+https://github.com/nvpro-samples/nvpro_core2.git@a581d30e5e22cf4257a2d45046ee9eb84820824e",
      "filesAnalyzed": false
    },
    {
      "name": "tinygltf",
      "SPDXID": "SPDXRef-Package-syoyo-tinygltf",
      "versionInfo": "bdc37385f198c787ba143e18f01b06164f8c7d15",
      "downloadLocation": "git+https://github.com/syoyo/tinygltf.git@bdc37385f198c787ba143e18f01b06164f8c7d15",
      "filesAnalyzed": false
    }
  ],
  "relationships": [
    {
      "spdxElementId": "SPDXRef-Package-nvpro-samples-nvpro_core2",
      "relatedSpdxElement": "SPDXRef-Package-syoyo-tinygltf",
      "relationshipType": "DEPENDS_ON"
    }
  ]
}