{
  "spdxVersion": "SPDX-2.3",
  "dataLicense": "CC0-1.0",
  "SPDXID": "SPDXRef-DOCUMENT",
  "name": "tokonoma Dependency Manifest",
  "documentNamespace": "https://github.com/nyorain/tokonoma/spdx/b3a4264ef4f9f40487c2f3280812bf7513b914bb",
  "packages": [
    {
      "name": "tokonoma",
      "SPDXID": "SPDXRef-Package-nyorain-tokonoma",
      "versionInfo": "b3a4264ef4f9f40487c2f3280812bf7513b914bb",
      "downloadLocation": "git+https://github.com/nyorain/tokonoma.git@b3a4264ef4f9f40487c2f3280812bf7513b914bb",
      "filesAnalyzed": false
    },
    {
      "name": "tinyexr",
      "SPDXID": "SPDXRef-Package-syoyo-tinyexr",
      "versionInfo": "3ffe5f9d5e673e6e8c378d59b306b2824993e705",
      "downloadLocation": "git+https://github.com/syoyo/tinyexr.git@3ffe5f9d5e673e6e8c378d59b306b2824993e705",
      "filesAnalyzed": false
    }
  ],
  "relationships": [
    {
      "spdxElementId": "SPDXRef-Package-nyorain-tokonoma",
      "relatedSpdxElement": "SPDXRef-Package-syoyo-tinyexr",
      "relationshipType": "DEPENDS_ON"
    }
  ]
}