{
  "spdxVersion": "SPDX-2.3",
  "dataLicense": "CC0-1.0",
  "SPDXID": "SPDXRef-DOCUMENT",
  "name": "dolphin-ios Dependency Manifest",
  "documentNamespace": "https://github.com/OatmealDome/dolphin-ios/spdx/820552ebdc843d73c3651d5ecca349f6c7f4abb5",
  "packages": [
    {
      "name": "dolphin-ios",
      "SPDXID": "SPDXRef-Package-OatmealDome-dolphin-ios",
      "versionInfo": "820552ebdc843d73c3651d5ecca349f6c7f4abb5",
      "downloadLocation": "git+https://github.com/OatmealDome/dolphin-ios.git@820552ebdc843d73c3651d5ecca349f6c7f4abb5",
      "filesAnalyzed": false
    },
    {
      "name": "tinygltf",
      "SPDXID": "SPDXRef-Package-syoyo-tinygltf",
      "versionInfo": "bdc37385f198c787ba143e18f01b06164f8c7d15",
      "downloadLocation": "git+https://github.com/syoyo/tinygltf.git@bdc37385f198c787ba143e18f01b06164f8c7d15",
      "filesAnalyzed": false
    }
  ],
  "relationships": [
    {
      "spdxElementId": "SPDXRef-Package-OatmealDome-dolphin-ios",
      "relatedSpdxElement": "SPDXRef-Package-syoyo-tinygltf",
      "relationshipType": "DEPENDS_ON"
    }
  ]
}