{
  "spdxVersion": "SPDX-2.3",
  "dataLicense": "CC0-1.0",
  "SPDXID": "SPDXRef-DOCUMENT",
  "name": "Velocity-Bench Dependency Manifest",
  "documentNamespace": "https://github.com/oneapi-src/Velocity-Bench/spdx/8284b590956fd44771962cd75c5ea3a4fa61a74a",
  "packages": [
    {
      "name": "Velocity-Bench",
      "SPDXID": "SPDXRef-Package-oneapi-src-Velocity-Bench",
      "versionInfo": "8284b590956fd44771962cd75c5ea3a4fa61a74a",
      "downloadLocation": "git+https://github.com/oneapi-src/Velocity-Bench.git@8284b590956fd44771962cd75c5ea3a4fa61a74a",
      "filesAnalyzed": false
    },
    {
      "name": "zfp",
      "SPDXID": "SPDXRef-Package-llnl-zfp",
      "versionInfo": "c4cba153779268b2930585349ff8ed356c9cc83c",
      "downloadLocation": "git+https://github.com/llnl/zfp.git@c4cba153779268b2930585349ff8ed356c9cc83c",
      "filesAnalyzed": false
    }
  ],
  "relationships": [
    {
      "spdxElementId": "SPDXRef-Package-oneapi-src-Velocity-Bench",
      "relatedSpdxElement": "SPDXRef-Package-llnl-zfp",
      "relationshipType": "DEPENDS_ON"
    }
  ]
}