{
  "spdxVersion": "SPDX-2.3",
  "dataLicense": "CC0-1.0",
  "SPDXID": "SPDXRef-DOCUMENT",
  "name": "OpenPodcar Dependency Manifest",
  "documentNamespace": "https://github.com/OpenPodcar/OpenPodcar/spdx/cd597fa7d593253b44c954e3edaeb19ded9a373a",
  "packages": [
    {
      "name": "OpenPodcar",
      "SPDXID": "SPDXRef-Package-OpenPodcar-OpenPodcar",
      "versionInfo": "cd597fa7d593253b44c954e3edaeb19ded9a373a",
      "downloadLocation": "git+https://github.com/OpenPodcar/OpenPodcar.git@cd597fa7d593253b44c954e3edaeb19ded9a373a",
      "filesAnalyzed": false
    },
    {
      "name": "Raytracer",
      "SPDXID": "SPDXRef-Package-Witek902-Raytracer",
      "versionInfo": "3e38a82a5ea28e64793e98efc5b8e2643ceb8e9d",
      "downloadLocation": "git+https://github.com/Witek902/Raytracer.git@3e38a82a5ea28e64793e98efc5b8e2643ceb8e9d",
      "filesAnalyzed": false
    }
  ],
  "relationships": [
    {
      "spdxElementId": "SPDXRef-Package-OpenPodcar-OpenPodcar",
      "relatedSpdxElement": "SPDXRef-Package-Witek902-Raytracer",
      "relationshipType": "DEPENDS_ON"
    }
  ]
}