{
  "spdxVersion": "SPDX-2.3",
  "dataLicense": "CC0-1.0",
  "SPDXID": "SPDXRef-DOCUMENT",
  "name": "openpgl Dependency Manifest",
  "documentNamespace": "https://github.com/OpenPathGuidingLibrary/openpgl/spdx/5c50cd7a331647a69e28cc8a19ff204039cbe78d",
  "packages": [
    {
      "name": "openpgl",
      "SPDXID": "SPDXRef-Package-OpenPathGuidingLibrary-openpgl",
      "versionInfo": "5c50cd7a331647a69e28cc8a19ff204039cbe78d",
      "downloadLocation": "git+https://github.com/OpenPathGuidingLibrary/openpgl.git@5c50cd7a331647a69e28cc8a19ff204039cbe78d",
      "filesAnalyzed": false
    },
    {
      "name": "tinyexr",
      "SPDXID": "SPDXRef-Package-syoyo-tinyexr",
      "versionInfo": "3ffe5f9d5e673e6e8c378d59b306b2824993e705",
      "downloadLocation": "git+https://github.com/syoyo/tinyexr.git@3ffe5f9d5e673e6e8c378d59b306b2824993e705",
      "filesAnalyzed": false
    }
  ],
  "relationships": [
    {
      "spdxElementId": "SPDXRef-Package-OpenPathGuidingLibrary-openpgl",
      "relatedSpdxElement": "SPDXRef-Package-syoyo-tinyexr",
      "relationshipType": "DEPENDS_ON"
    }
  ]
}