{
  "spdxVersion": "SPDX-2.3",
  "dataLicense": "CC0-1.0",
  "SPDXID": "SPDXRef-DOCUMENT",
  "name": "NVISII Dependency Manifest",
  "documentNamespace": "https://github.com/owl-project/NVISII/spdx/33cd7dcc899631fcebb6c6d4fe49abc2f05ee3eb",
  "packages": [
    {
      "name": "NVISII",
      "SPDXID": "SPDXRef-Package-owl-project-NVISII",
      "versionInfo": "33cd7dcc899631fcebb6c6d4fe49abc2f05ee3eb",
      "downloadLocation": "git+https://github.com/owl-project/NVISII.git@33cd7dcc899631fcebb6c6d4fe49abc2f05ee3eb",
      "filesAnalyzed": false
    },
    {
      "name": "tinyexr",
      "SPDXID": "SPDXRef-Package-syoyo-tinyexr",
      "versionInfo": "3ffe5f9d5e673e6e8c378d59b306b2824993e705",
      "downloadLocation": "git+https://github.com/syoyo/tinyexr.git@3ffe5f9d5e673e6e8c378d59b306b2824993e705",
      "filesAnalyzed": false
    }
  ],
  "relationships": [
    {
      "spdxElementId": "SPDXRef-Package-owl-project-NVISII",
      "relatedSpdxElement": "SPDXRef-Package-syoyo-tinyexr",
      "relationshipType": "DEPENDS_ON"
    }
  ]
}