{
  "spdxVersion": "SPDX-2.3",
  "dataLicense": "CC0-1.0",
  "SPDXID": "SPDXRef-DOCUMENT",
  "name": "Bifrost3D Dependency Manifest",
  "documentNamespace": "https://github.com/papaboo/Bifrost3D/spdx/c739e1bb7154528e863f7073809e22f28435f249",
  "packages": [
    {
      "name": "Bifrost3D",
      "SPDXID": "SPDXRef-Package-papaboo-Bifrost3D",
      "versionInfo": "c739e1bb7154528e863f7073809e22f28435f249",
      "downloadLocation": "git+https://github.com/papaboo/Bifrost3D.git@c739e1bb7154528e863f7073809e22f28435f249",
      "filesAnalyzed": false
    },
    {
      "name": "tinyexr",
      "SPDXID": "SPDXRef-Package-syoyo-tinyexr",
      "versionInfo": "3ffe5f9d5e673e6e8c378d59b306b2824993e705",
      "downloadLocation": "git+https://github.com/syoyo/tinyexr.git@3ffe5f9d5e673e6e8c378d59b306b2824993e705",
      "filesAnalyzed": false
    }
  ],
  "relationships": [
    {
      "spdxElementId": "SPDXRef-Package-papaboo-Bifrost3D",
      "relatedSpdxElement": "SPDXRef-Package-syoyo-tinyexr",
      "relationshipType": "DEPENDS_ON"
    }
  ]
}