{
  "spdxVersion": "SPDX-2.3",
  "dataLicense": "CC0-1.0",
  "SPDXID": "SPDXRef-DOCUMENT",
  "name": "opengltutor Dependency Manifest",
  "documentNamespace": "https://github.com/parallel101/opengltutor/spdx/a788e68ed35f3d9dcf88fb2a4c1f514721af5974",
  "packages": [
    {
      "name": "opengltutor",
      "SPDXID": "SPDXRef-Package-parallel101-opengltutor",
      "versionInfo": "a788e68ed35f3d9dcf88fb2a4c1f514721af5974",
      "downloadLocation": "git+https://github.com/parallel101/opengltutor.git@a788e68ed35f3d9dcf88fb2a4c1f514721af5974",
      "filesAnalyzed": false
    },
    {
      "name": "tinyexr",
      "SPDXID": "SPDXRef-Package-syoyo-tinyexr",
      "versionInfo": "3ffe5f9d5e673e6e8c378d59b306b2824993e705",
      "downloadLocation": "git+https://github.com/syoyo/tinyexr.git@3ffe5f9d5e673e6e8c378d59b306b2824993e705",
      "filesAnalyzed": false
    }
  ],
  "relationships": [
    {
      "spdxElementId": "SPDXRef-Package-parallel101-opengltutor",
      "relatedSpdxElement": "SPDXRef-Package-syoyo-tinyexr",
      "relationshipType": "DEPENDS_ON"
    }
  ]
}