{
  "spdxVersion": "SPDX-2.3",
  "dataLicense": "CC0-1.0",
  "SPDXID": "SPDXRef-DOCUMENT",
  "name": "peridyno Dependency Manifest",
  "documentNamespace": "https://github.com/peridyno/peridyno/spdx/cdd2bfb53304fbb9f137e8a171d186e6d8e82672",
  "packages": [
    {
      "name": "peridyno",
      "SPDXID": "SPDXRef-Package-peridyno-peridyno",
      "versionInfo": "cdd2bfb53304fbb9f137e8a171d186e6d8e82672",
      "downloadLocation": "git+https://github.com/peridyno/peridyno.git@cdd2bfb53304fbb9f137e8a171d186e6d8e82672",
      "filesAnalyzed": false
    },
    {
      "name": "tinygltf",
      "SPDXID": "SPDXRef-Package-syoyo-tinygltf",
      "versionInfo": "bdc37385f198c787ba143e18f01b06164f8c7d15",
      "downloadLocation": "git+https://github.com/syoyo/tinygltf.git@bdc37385f198c787ba143e18f01b06164f8c7d15",
      "filesAnalyzed": false
    }
  ],
  "relationships": [
    {
      "spdxElementId": "SPDXRef-Package-peridyno-peridyno",
      "relatedSpdxElement": "SPDXRef-Package-syoyo-tinygltf",
      "relationshipType": "DEPENDS_ON"
    }
  ]
}