{
  "spdxVersion": "SPDX-2.3",
  "dataLicense": "CC0-1.0",
  "SPDXID": "SPDXRef-DOCUMENT",
  "name": "OpenUSD Dependency Manifest",
  "documentNamespace": "https://github.com/PixarAnimationStudios/OpenUSD/spdx/e13f34c9d05fa65e50a3588663b6ef16f0acf556",
  "packages": [
    {
      "name": "OpenUSD",
      "SPDXID": "SPDXRef-Package-PixarAnimationStudios-OpenUSD",
      "versionInfo": "e13f34c9d05fa65e50a3588663b6ef16f0acf556",
      "downloadLocation": "git+https://github.com/PixarAnimationStudios/OpenUSD.git@e13f34c9d05fa65e50a3588663b6ef16f0acf556",
      "filesAnalyzed": false
    },
    {
      "name": "embree",
      "SPDXID": "SPDXRef-Package-RenderKit-embree",
      "versionInfo": "d436cb396bd5d66aa147cf8165074f04cbd27436",
      "downloadLocation": "git+https://github.com/RenderKit/embree.git@d436cb396bd5d66aa147cf8165074f04cbd27436",
      "filesAnalyzed": false
    }
  ],
  "relationships": [
    {
      "spdxElementId": "SPDXRef-Package-PixarAnimationStudios-OpenUSD",
      "relatedSpdxElement": "SPDXRef-Package-RenderKit-embree",
      "relationshipType": "DEPENDS_ON"
    }
  ]
}