{
  "spdxVersion": "SPDX-2.3",
  "dataLicense": "CC0-1.0",
  "SPDXID": "SPDXRef-DOCUMENT",
  "name": "D3D12Renderer Dependency Manifest",
  "documentNamespace": "https://github.com/pkurth/D3D12Renderer/spdx/2f87f65a7871f82cf086148d05d37692d41809f6",
  "packages": [
    {
      "name": "D3D12Renderer",
      "SPDXID": "SPDXRef-Package-pkurth-D3D12Renderer",
      "versionInfo": "2f87f65a7871f82cf086148d05d37692d41809f6",
      "downloadLocation": "git+https://github.com/pkurth/D3D12Renderer.git@2f87f65a7871f82cf086148d05d37692d41809f6",
      "filesAnalyzed": false
    },
    {
      "name": "Raytracer",
      "SPDXID": "SPDXRef-Package-Witek902-Raytracer",
      "versionInfo": "3e38a82a5ea28e64793e98efc5b8e2643ceb8e9d",
      "downloadLocation": "git+https://github.com/Witek902/Raytracer.git@3e38a82a5ea28e64793e98efc5b8e2643ceb8e9d",
      "filesAnalyzed": false
    }
  ],
  "relationships": [
    {
      "spdxElementId": "SPDXRef-Package-pkurth-D3D12Renderer",
      "relatedSpdxElement": "SPDXRef-Package-Witek902-Raytracer",
      "relationshipType": "DEPENDS_ON"
    }
  ]
}