{
  "spdxVersion": "SPDX-2.3",
  "dataLicense": "CC0-1.0",
  "SPDXID": "SPDXRef-DOCUMENT",
  "name": "ALVRClient Dependency Manifest",
  "documentNamespace": "https://github.com/polygraphene/ALVRClient/spdx/77bc2419e0d073336d1e57264eb3eb67b4ebee96",
  "packages": [
    {
      "name": "ALVRClient",
      "SPDXID": "SPDXRef-Package-polygraphene-ALVRClient",
      "versionInfo": "77bc2419e0d073336d1e57264eb3eb67b4ebee96",
      "downloadLocation": "git+https://github.com/polygraphene/ALVRClient.git@77bc2419e0d073336d1e57264eb3eb67b4ebee96",
      "filesAnalyzed": false
    },
    {
      "name": "tinygltf",
      "SPDXID": "SPDXRef-Package-syoyo-tinygltf",
      "versionInfo": "bdc37385f198c787ba143e18f01b06164f8c7d15",
      "downloadLocation": "git+https://github.com/syoyo/tinygltf.git@bdc37385f198c787ba143e18f01b06164f8c7d15",
      "filesAnalyzed": false
    }
  ],
  "relationships": [
    {
      "spdxElementId": "SPDXRef-Package-polygraphene-ALVRClient",
      "relatedSpdxElement": "SPDXRef-Package-syoyo-tinygltf",
      "relationshipType": "DEPENDS_ON"
    }
  ]
}