{
  "spdxVersion": "SPDX-2.3",
  "dataLicense": "CC0-1.0",
  "SPDXID": "SPDXRef-DOCUMENT",
  "name": "Cinder-poScene Dependency Manifest",
  "documentNamespace": "https://github.com/Potion/Cinder-poScene/spdx/007a28e5b709e9a00d22c9d423bfd68d3c337558",
  "packages": [
    {
      "name": "Cinder-poScene",
      "SPDXID": "SPDXRef-Package-Potion-Cinder-poScene",
      "versionInfo": "007a28e5b709e9a00d22c9d423bfd68d3c337558",
      "downloadLocation": "git+https://github.com/Potion/Cinder-poScene.git@007a28e5b709e9a00d22c9d423bfd68d3c337558",
      "filesAnalyzed": false
    },
    {
      "name": "Cinder",
      "SPDXID": "SPDXRef-Package-cinder-Cinder",
      "versionInfo": "48b16b726fb20a7389f2a56fa71db909f8856fa3",
      "downloadLocation": "git+https://github.com/cinder/Cinder.git@48b16b726fb20a7389f2a56fa71db909f8856fa3",
      "filesAnalyzed": false
    }
  ],
  "relationships": [
    {
      "spdxElementId": "SPDXRef-Package-Potion-Cinder-poScene",
      "relatedSpdxElement": "SPDXRef-Package-cinder-Cinder",
      "relationshipType": "DEPENDS_ON"
    }
  ]
}