{
  "spdxVersion": "SPDX-2.3",
  "dataLicense": "CC0-1.0",
  "SPDXID": "SPDXRef-DOCUMENT",
  "name": "RC-SPWI Dependency Manifest",
  "documentNamespace": "https://github.com/Qirias/RC-SPWI/spdx/b90de4280fddc931a8f1f6fedb3e59a5ad0585b3",
  "packages": [
    {
      "name": "RC-SPWI",
      "SPDXID": "SPDXRef-Package-Qirias-RC-SPWI",
      "versionInfo": "b90de4280fddc931a8f1f6fedb3e59a5ad0585b3",
      "downloadLocation": "git+https://github.com/Qirias/RC-SPWI.git@b90de4280fddc931a8f1f6fedb3e59a5ad0585b3",
      "filesAnalyzed": false
    },
    {
      "name": "tinygltf",
      "SPDXID": "SPDXRef-Package-syoyo-tinygltf",
      "versionInfo": "bdc37385f198c787ba143e18f01b06164f8c7d15",
      "downloadLocation": "git+https://github.com/syoyo/tinygltf.git@bdc37385f198c787ba143e18f01b06164f8c7d15",
      "filesAnalyzed": false
    }
  ],
  "relationships": [
    {
      "spdxElementId": "SPDXRef-Package-Qirias-RC-SPWI",
      "relatedSpdxElement": "SPDXRef-Package-syoyo-tinygltf",
      "relationshipType": "DEPENDS_ON"
    }
  ]
}