{
  "spdxVersion": "SPDX-2.3",
  "dataLicense": "CC0-1.0",
  "SPDXID": "SPDXRef-DOCUMENT",
  "name": "flower Dependency Manifest",
  "documentNamespace": "https://github.com/qiutang98/flower/spdx/17b5ebdff6ff422fa90688762c53de8185eb7ad7",
  "packages": [
    {
      "name": "flower",
      "SPDXID": "SPDXRef-Package-qiutang98-flower",
      "versionInfo": "17b5ebdff6ff422fa90688762c53de8185eb7ad7",
      "downloadLocation": "git+https://github.com/qiutang98/flower.git@17b5ebdff6ff422fa90688762c53de8185eb7ad7",
      "filesAnalyzed": false
    },
    {
      "name": "tinygltf",
      "SPDXID": "SPDXRef-Package-syoyo-tinygltf",
      "versionInfo": "bdc37385f198c787ba143e18f01b06164f8c7d15",
      "downloadLocation": "git+https://github.com/syoyo/tinygltf.git@bdc37385f198c787ba143e18f01b06164f8c7d15",
      "filesAnalyzed": false
    }
  ],
  "relationships": [
    {
      "spdxElementId": "SPDXRef-Package-qiutang98-flower",
      "relatedSpdxElement": "SPDXRef-Package-syoyo-tinygltf",
      "relationshipType": "DEPENDS_ON"
    }
  ]
}