{
  "spdxVersion": "SPDX-2.3",
  "dataLicense": "CC0-1.0",
  "SPDXID": "SPDXRef-DOCUMENT",
  "name": "chord Dependency Manifest",
  "documentNamespace": "https://github.com/qiutang98/chord/spdx/408900645557b1ef3a9a9987eb24d099a47659c8",
  "packages": [
    {
      "name": "chord",
      "SPDXID": "SPDXRef-Package-qiutang98-chord",
      "versionInfo": "408900645557b1ef3a9a9987eb24d099a47659c8",
      "downloadLocation": "git+https://github.com/qiutang98/chord.git@408900645557b1ef3a9a9987eb24d099a47659c8",
      "filesAnalyzed": false
    },
    {
      "name": "tinygltf",
      "SPDXID": "SPDXRef-Package-syoyo-tinygltf",
      "versionInfo": "bdc37385f198c787ba143e18f01b06164f8c7d15",
      "downloadLocation": "git+https://github.com/syoyo/tinygltf.git@bdc37385f198c787ba143e18f01b06164f8c7d15",
      "filesAnalyzed": false
    }
  ],
  "relationships": [
    {
      "spdxElementId": "SPDXRef-Package-qiutang98-chord",
      "relatedSpdxElement": "SPDXRef-Package-syoyo-tinygltf",
      "relationshipType": "DEPENDS_ON"
    }
  ]
}