{
  "spdxVersion": "SPDX-2.3",
  "dataLicense": "CC0-1.0",
  "SPDXID": "SPDXRef-DOCUMENT",
  "name": "spot Dependency Manifest",
  "documentNamespace": "https://github.com/r-lyeh-archived/spot/spdx/171c208314d413330973cfefe5d14b7908621f42",
  "packages": [
    {
      "name": "spot",
      "SPDXID": "SPDXRef-Package-r-lyeh-archived-spot",
      "versionInfo": "171c208314d413330973cfefe5d14b7908621f42",
      "downloadLocation": "git+https://github.com/r-lyeh-archived/spot.git@171c208314d413330973cfefe5d14b7908621f42",
      "filesAnalyzed": false
    },
    {
      "name": "tinyexr",
      "SPDXID": "SPDXRef-Package-syoyo-tinyexr",
      "versionInfo": "3ffe5f9d5e673e6e8c378d59b306b2824993e705",
      "downloadLocation": "git+https://github.com/syoyo/tinyexr.git@3ffe5f9d5e673e6e8c378d59b306b2824993e705",
      "filesAnalyzed": false
    }
  ],
  "relationships": [
    {
      "spdxElementId": "SPDXRef-Package-r-lyeh-archived-spot",
      "relatedSpdxElement": "SPDXRef-Package-syoyo-tinyexr",
      "relationshipType": "DEPENDS_ON"
    }
  ]
}