{
  "spdxVersion": "SPDX-2.3",
  "dataLicense": "CC0-1.0",
  "SPDXID": "SPDXRef-DOCUMENT",
  "name": "RavEngine Dependency Manifest",
  "documentNamespace": "https://github.com/RavEngine/RavEngine/spdx/f5853bcb50a5b80f79fcfae515f06cc2c7a4db48",
  "packages": [
    {
      "name": "RavEngine",
      "SPDXID": "SPDXRef-Package-RavEngine-RavEngine",
      "versionInfo": "f5853bcb50a5b80f79fcfae515f06cc2c7a4db48",
      "downloadLocation": "git+https://github.com/RavEngine/RavEngine.git@f5853bcb50a5b80f79fcfae515f06cc2c7a4db48",
      "filesAnalyzed": false
    },
    {
      "name": "tinyexr",
      "SPDXID": "SPDXRef-Package-syoyo-tinyexr",
      "versionInfo": "3ffe5f9d5e673e6e8c378d59b306b2824993e705",
      "downloadLocation": "git+https://github.com/syoyo/tinyexr.git@3ffe5f9d5e673e6e8c378d59b306b2824993e705",
      "filesAnalyzed": false
    }
  ],
  "relationships": [
    {
      "spdxElementId": "SPDXRef-Package-RavEngine-RavEngine",
      "relatedSpdxElement": "SPDXRef-Package-syoyo-tinyexr",
      "relationshipType": "DEPENDS_ON"
    }
  ]
}