{
  "spdxVersion": "SPDX-2.3",
  "dataLicense": "CC0-1.0",
  "SPDXID": "SPDXRef-DOCUMENT",
  "name": "RadiosityGS Dependency Manifest",
  "documentNamespace": "https://github.com/RaymondJiangkw/RadiosityGS/spdx/07bc6c5945f05946f63872d90d510265a0fbe449",
  "packages": [
    {
      "name": "RadiosityGS",
      "SPDXID": "SPDXRef-Package-RaymondJiangkw-RadiosityGS",
      "versionInfo": "07bc6c5945f05946f63872d90d510265a0fbe449",
      "downloadLocation": "git+https://github.com/RaymondJiangkw/RadiosityGS.git@07bc6c5945f05946f63872d90d510265a0fbe449",
      "filesAnalyzed": false
    },
    {
      "name": "tinygltf",
      "SPDXID": "SPDXRef-Package-syoyo-tinygltf",
      "versionInfo": "bdc37385f198c787ba143e18f01b06164f8c7d15",
      "downloadLocation": "git+https://github.com/syoyo/tinygltf.git@bdc37385f198c787ba143e18f01b06164f8c7d15",
      "filesAnalyzed": false
    }
  ],
  "relationships": [
    {
      "spdxElementId": "SPDXRef-Package-RaymondJiangkw-RadiosityGS",
      "relatedSpdxElement": "SPDXRef-Package-syoyo-tinygltf",
      "relationshipType": "DEPENDS_ON"
    }
  ]
}