{
  "spdxVersion": "SPDX-2.3",
  "dataLicense": "CC0-1.0",
  "SPDXID": "SPDXRef-DOCUMENT",
  "name": "the_art_of_shader_programming Dependency Manifest",
  "documentNamespace": "https://github.com/redFrik/the_art_of_shader_programming/spdx/1366f195711eaa3ff7872155083a9b7c97efa0b6",
  "packages": [
    {
      "name": "the_art_of_shader_programming",
      "SPDXID": "SPDXRef-Package-redFrik-the_art_of_shader_programming",
      "versionInfo": "1366f195711eaa3ff7872155083a9b7c97efa0b6",
      "downloadLocation": "git+https://github.com/redFrik/the_art_of_shader_programming.git@1366f195711eaa3ff7872155083a9b7c97efa0b6",
      "filesAnalyzed": false
    },
    {
      "name": "Cinder",
      "SPDXID": "SPDXRef-Package-cinder-Cinder",
      "versionInfo": "48b16b726fb20a7389f2a56fa71db909f8856fa3",
      "downloadLocation": "git+https://github.com/cinder/Cinder.git@48b16b726fb20a7389f2a56fa71db909f8856fa3",
      "filesAnalyzed": false
    }
  ],
  "relationships": [
    {
      "spdxElementId": "SPDXRef-Package-redFrik-the_art_of_shader_programming",
      "relatedSpdxElement": "SPDXRef-Package-cinder-Cinder",
      "relationshipType": "DEPENDS_ON"
    }
  ]
}