{
  "spdxVersion": "SPDX-2.3",
  "dataLicense": "CC0-1.0",
  "SPDXID": "SPDXRef-DOCUMENT",
  "name": "redot-engine Dependency Manifest",
  "documentNamespace": "https://github.com/Redot-Engine/redot-engine/spdx/3ef8058e084141a84157b44bbca9e3d1510ce3a2",
  "packages": [
    {
      "name": "redot-engine",
      "SPDXID": "SPDXRef-Package-Redot-Engine-redot-engine",
      "versionInfo": "3ef8058e084141a84157b44bbca9e3d1510ce3a2",
      "downloadLocation": "git+https://github.com/Redot-Engine/redot-engine.git@3ef8058e084141a84157b44bbca9e3d1510ce3a2",
      "filesAnalyzed": false
    },
    {
      "name": "tinyexr",
      "SPDXID": "SPDXRef-Package-syoyo-tinyexr",
      "versionInfo": "3ffe5f9d5e673e6e8c378d59b306b2824993e705",
      "downloadLocation": "git+https://github.com/syoyo/tinyexr.git@3ffe5f9d5e673e6e8c378d59b306b2824993e705",
      "filesAnalyzed": false
    }
  ],
  "relationships": [
    {
      "spdxElementId": "SPDXRef-Package-Redot-Engine-redot-engine",
      "relatedSpdxElement": "SPDXRef-Package-syoyo-tinyexr",
      "relationshipType": "DEPENDS_ON"
    }
  ]
}