{
  "spdxVersion": "SPDX-2.3",
  "dataLicense": "CC0-1.0",
  "SPDXID": "SPDXRef-DOCUMENT",
  "name": "Global-Illumination Dependency Manifest",
  "documentNamespace": "https://github.com/ReillyBova/Global-Illumination/spdx/9657d34bbde926e8364337020e6d28016310ee45",
  "packages": [
    {
      "name": "Global-Illumination",
      "SPDXID": "SPDXRef-Package-ReillyBova-Global-Illumination",
      "versionInfo": "9657d34bbde926e8364337020e6d28016310ee45",
      "downloadLocation": "git+https://github.com/ReillyBova/Global-Illumination.git@9657d34bbde926e8364337020e6d28016310ee45",
      "filesAnalyzed": false
    },
    {
      "name": "Raytracer",
      "SPDXID": "SPDXRef-Package-Witek902-Raytracer",
      "versionInfo": "3e38a82a5ea28e64793e98efc5b8e2643ceb8e9d",
      "downloadLocation": "git+https://github.com/Witek902/Raytracer.git@3e38a82a5ea28e64793e98efc5b8e2643ceb8e9d",
      "filesAnalyzed": false
    }
  ],
  "relationships": [
    {
      "spdxElementId": "SPDXRef-Package-ReillyBova-Global-Illumination",
      "relatedSpdxElement": "SPDXRef-Package-Witek902-Raytracer",
      "relationshipType": "DEPENDS_ON"
    }
  ]
}