{
  "spdxVersion": "SPDX-2.3",
  "dataLicense": "CC0-1.0",
  "SPDXID": "SPDXRef-DOCUMENT",
  "name": "embree Dependency Manifest",
  "documentNamespace": "https://github.com/RenderKit/embree/spdx/d436cb396bd5d66aa147cf8165074f04cbd27436",
  "packages": [
    {
      "name": "embree",
      "SPDXID": "SPDXRef-Package-RenderKit-embree",
      "versionInfo": "d436cb396bd5d66aa147cf8165074f04cbd27436",
      "downloadLocation": "git+https://github.com/RenderKit/embree.git@d436cb396bd5d66aa147cf8165074f04cbd27436",
      "filesAnalyzed": false
    },
    {
      "name": "tinyexr",
      "SPDXID": "SPDXRef-Package-syoyo-tinyexr",
      "versionInfo": "3ffe5f9d5e673e6e8c378d59b306b2824993e705",
      "downloadLocation": "git+https://github.com/syoyo/tinyexr.git@3ffe5f9d5e673e6e8c378d59b306b2824993e705",
      "filesAnalyzed": false
    }
  ],
  "relationships": [
    {
      "spdxElementId": "SPDXRef-Package-RenderKit-embree",
      "relatedSpdxElement": "SPDXRef-Package-syoyo-tinyexr",
      "relationshipType": "DEPENDS_ON"
    }
  ]
}