{
  "spdxVersion": "SPDX-2.3",
  "dataLicense": "CC0-1.0",
  "SPDXID": "SPDXRef-DOCUMENT",
  "name": "ospray-studio Dependency Manifest",
  "documentNamespace": "https://github.com/RenderKit/ospray-studio/spdx/686ceff5f1f9ee5441d5551bc22a42bcc1ef0567",
  "packages": [
    {
      "name": "ospray-studio",
      "SPDXID": "SPDXRef-Package-RenderKit-ospray-studio",
      "versionInfo": "686ceff5f1f9ee5441d5551bc22a42bcc1ef0567",
      "downloadLocation": "git+https://github.com/RenderKit/ospray-studio.git@686ceff5f1f9ee5441d5551bc22a42bcc1ef0567",
      "filesAnalyzed": false
    },
    {
      "name": "tinyexr",
      "SPDXID": "SPDXRef-Package-syoyo-tinyexr",
      "versionInfo": "3ffe5f9d5e673e6e8c378d59b306b2824993e705",
      "downloadLocation": "git+https://github.com/syoyo/tinyexr.git@3ffe5f9d5e673e6e8c378d59b306b2824993e705",
      "filesAnalyzed": false
    }
  ],
  "relationships": [
    {
      "spdxElementId": "SPDXRef-Package-RenderKit-ospray-studio",
      "relatedSpdxElement": "SPDXRef-Package-syoyo-tinyexr",
      "relationshipType": "DEPENDS_ON"
    }
  ]
}