{
  "spdxVersion": "SPDX-2.3",
  "dataLicense": "CC0-1.0",
  "SPDXID": "SPDXRef-DOCUMENT",
  "name": "ospray Dependency Manifest",
  "documentNamespace": "https://github.com/RenderKit/ospray/spdx/675c216b91a765bbd1cf8c7ae8e2c3c0684f21a0",
  "packages": [
    {
      "name": "ospray",
      "SPDXID": "SPDXRef-Package-RenderKit-ospray",
      "versionInfo": "675c216b91a765bbd1cf8c7ae8e2c3c0684f21a0",
      "downloadLocation": "git+https://github.com/RenderKit/ospray.git@675c216b91a765bbd1cf8c7ae8e2c3c0684f21a0",
      "filesAnalyzed": false
    },
    {
      "name": "embree",
      "SPDXID": "SPDXRef-Package-RenderKit-embree",
      "versionInfo": "d436cb396bd5d66aa147cf8165074f04cbd27436",
      "downloadLocation": "git+https://github.com/RenderKit/embree.git@d436cb396bd5d66aa147cf8165074f04cbd27436",
      "filesAnalyzed": false
    }
  ],
  "relationships": [
    {
      "spdxElementId": "SPDXRef-Package-RenderKit-ospray",
      "relatedSpdxElement": "SPDXRef-Package-RenderKit-embree",
      "relationshipType": "DEPENDS_ON"
    }
  ]
}