{
  "spdxVersion": "SPDX-2.3",
  "dataLicense": "CC0-1.0",
  "SPDXID": "SPDXRef-DOCUMENT",
  "name": "love-nx Dependency Manifest",
  "documentNamespace": "https://github.com/retronx-team/love-nx/spdx/289e646a3ea439568796580665215a58044bb498",
  "packages": [
    {
      "name": "love-nx",
      "SPDXID": "SPDXRef-Package-retronx-team-love-nx",
      "versionInfo": "289e646a3ea439568796580665215a58044bb498",
      "downloadLocation": "git+https://github.com/retronx-team/love-nx.git@289e646a3ea439568796580665215a58044bb498",
      "filesAnalyzed": false
    },
    {
      "name": "tinyexr",
      "SPDXID": "SPDXRef-Package-syoyo-tinyexr",
      "versionInfo": "3ffe5f9d5e673e6e8c378d59b306b2824993e705",
      "downloadLocation": "git+https://github.com/syoyo/tinyexr.git@3ffe5f9d5e673e6e8c378d59b306b2824993e705",
      "filesAnalyzed": false
    }
  ],
  "relationships": [
    {
      "spdxElementId": "SPDXRef-Package-retronx-team-love-nx",
      "relatedSpdxElement": "SPDXRef-Package-syoyo-tinyexr",
      "relationshipType": "DEPENDS_ON"
    }
  ]
}