{
  "spdxVersion": "SPDX-2.3",
  "dataLicense": "CC0-1.0",
  "SPDXID": "SPDXRef-DOCUMENT",
  "name": "wayverb Dependency Manifest",
  "documentNamespace": "https://github.com/reuk/wayverb/spdx/c916ddd20bc44ed69773d7f00bfb79cd32530107",
  "packages": [
    {
      "name": "wayverb",
      "SPDXID": "SPDXRef-Package-reuk-wayverb",
      "versionInfo": "c916ddd20bc44ed69773d7f00bfb79cd32530107",
      "downloadLocation": "git+https://github.com/reuk/wayverb.git@c916ddd20bc44ed69773d7f00bfb79cd32530107",
      "filesAnalyzed": false
    },
    {
      "name": "Raytracer",
      "SPDXID": "SPDXRef-Package-Witek902-Raytracer",
      "versionInfo": "3e38a82a5ea28e64793e98efc5b8e2643ceb8e9d",
      "downloadLocation": "git+https://github.com/Witek902/Raytracer.git@3e38a82a5ea28e64793e98efc5b8e2643ceb8e9d",
      "filesAnalyzed": false
    }
  ],
  "relationships": [
    {
      "spdxElementId": "SPDXRef-Package-reuk-wayverb",
      "relatedSpdxElement": "SPDXRef-Package-Witek902-Raytracer",
      "relationshipType": "DEPENDS_ON"
    }
  ]
}