{
  "spdxVersion": "SPDX-2.3",
  "dataLicense": "CC0-1.0",
  "SPDXID": "SPDXRef-DOCUMENT",
  "name": "the-forge-glfw Dependency Manifest",
  "documentNamespace": "https://github.com/rextimmy/the-forge-glfw/spdx/8f8ef16c9e1a27fe9f22b4611776047240b2e994",
  "packages": [
    {
      "name": "the-forge-glfw",
      "SPDXID": "SPDXRef-Package-rextimmy-the-forge-glfw",
      "versionInfo": "8f8ef16c9e1a27fe9f22b4611776047240b2e994",
      "downloadLocation": "git+https://github.com/rextimmy/the-forge-glfw.git@8f8ef16c9e1a27fe9f22b4611776047240b2e994",
      "filesAnalyzed": false
    },
    {
      "name": "tinyexr",
      "SPDXID": "SPDXRef-Package-syoyo-tinyexr",
      "versionInfo": "3ffe5f9d5e673e6e8c378d59b306b2824993e705",
      "downloadLocation": "git+https://github.com/syoyo/tinyexr.git@3ffe5f9d5e673e6e8c378d59b306b2824993e705",
      "filesAnalyzed": false
    }
  ],
  "relationships": [
    {
      "spdxElementId": "SPDXRef-Package-rextimmy-the-forge-glfw",
      "relatedSpdxElement": "SPDXRef-Package-syoyo-tinyexr",
      "relationshipType": "DEPENDS_ON"
    }
  ]
}