{
  "spdxVersion": "SPDX-2.3",
  "dataLicense": "CC0-1.0",
  "SPDXID": "SPDXRef-DOCUMENT",
  "name": "EFTSuite-Public Dependency Manifest",
  "documentNamespace": "https://github.com/Robbbbbbbbb/EFTSuite-Public/spdx/2f1cf30e1ff3097b4642193bf2911fd5780da75c",
  "packages": [
    {
      "name": "EFTSuite-Public",
      "SPDXID": "SPDXRef-Package-Robbbbbbbbb-EFTSuite-Public",
      "versionInfo": "2f1cf30e1ff3097b4642193bf2911fd5780da75c",
      "downloadLocation": "git+https://github.com/Robbbbbbbbb/EFTSuite-Public.git@2f1cf30e1ff3097b4642193bf2911fd5780da75c",
      "filesAnalyzed": false
    },
    {
      "name": "Raytracer",
      "SPDXID": "SPDXRef-Package-Witek902-Raytracer",
      "versionInfo": "3e38a82a5ea28e64793e98efc5b8e2643ceb8e9d",
      "downloadLocation": "git+https://github.com/Witek902/Raytracer.git@3e38a82a5ea28e64793e98efc5b8e2643ceb8e9d",
      "filesAnalyzed": false
    }
  ],
  "relationships": [
    {
      "spdxElementId": "SPDXRef-Package-Robbbbbbbbb-EFTSuite-Public",
      "relatedSpdxElement": "SPDXRef-Package-Witek902-Raytracer",
      "relationshipType": "DEPENDS_ON"
    }
  ]
}