{
  "spdxVersion": "SPDX-2.3",
  "dataLicense": "CC0-1.0",
  "SPDXID": "SPDXRef-DOCUMENT",
  "name": "H3-Mapping Dependency Manifest",
  "documentNamespace": "https://github.com/Robotics-STAR-Lab/H3-Mapping/spdx/738424c99ae22536b2c79985f8450f5575294e1c",
  "packages": [
    {
      "name": "H3-Mapping",
      "SPDXID": "SPDXRef-Package-Robotics-STAR-Lab-H3-Mapping",
      "versionInfo": "738424c99ae22536b2c79985f8450f5575294e1c",
      "downloadLocation": "git+https://github.com/Robotics-STAR-Lab/H3-Mapping.git@738424c99ae22536b2c79985f8450f5575294e1c",
      "filesAnalyzed": false
    },
    {
      "name": "tinyexr",
      "SPDXID": "SPDXRef-Package-syoyo-tinyexr",
      "versionInfo": "3ffe5f9d5e673e6e8c378d59b306b2824993e705",
      "downloadLocation": "git+https://github.com/syoyo/tinyexr.git@3ffe5f9d5e673e6e8c378d59b306b2824993e705",
      "filesAnalyzed": false
    }
  ],
  "relationships": [
    {
      "spdxElementId": "SPDXRef-Package-Robotics-STAR-Lab-H3-Mapping",
      "relatedSpdxElement": "SPDXRef-Package-syoyo-tinyexr",
      "relationshipType": "DEPENDS_ON"
    }
  ]
}