{
  "spdxVersion": "SPDX-2.3",
  "dataLicense": "CC0-1.0",
  "SPDXID": "SPDXRef-DOCUMENT",
  "name": "G3D Dependency Manifest",
  "documentNamespace": "https://github.com/RomkoSI/G3D/spdx/f66b25b5c922f659f8fbd44d97d03479a4ba348e",
  "packages": [
    {
      "name": "G3D",
      "SPDXID": "SPDXRef-Package-RomkoSI-G3D",
      "versionInfo": "f66b25b5c922f659f8fbd44d97d03479a4ba348e",
      "downloadLocation": "git+https://github.com/RomkoSI/G3D.git@f66b25b5c922f659f8fbd44d97d03479a4ba348e",
      "filesAnalyzed": false
    },
    {
      "name": "Raytracer",
      "SPDXID": "SPDXRef-Package-Witek902-Raytracer",
      "versionInfo": "3e38a82a5ea28e64793e98efc5b8e2643ceb8e9d",
      "downloadLocation": "git+https://github.com/Witek902/Raytracer.git@3e38a82a5ea28e64793e98efc5b8e2643ceb8e9d",
      "filesAnalyzed": false
    }
  ],
  "relationships": [
    {
      "spdxElementId": "SPDXRef-Package-RomkoSI-G3D",
      "relatedSpdxElement": "SPDXRef-Package-Witek902-Raytracer",
      "relationshipType": "DEPENDS_ON"
    }
  ]
}