{
  "spdxVersion": "SPDX-2.3",
  "dataLicense": "CC0-1.0",
  "SPDXID": "SPDXRef-DOCUMENT",
  "name": "RayTracer Dependency Manifest",
  "documentNamespace": "https://github.com/rorydriscoll/RayTracer/spdx/772b5d47c0d181c6fe49728aabc8e0a949f285e1",
  "packages": [
    {
      "name": "RayTracer",
      "SPDXID": "SPDXRef-Package-rorydriscoll-RayTracer",
      "versionInfo": "772b5d47c0d181c6fe49728aabc8e0a949f285e1",
      "downloadLocation": "git+https://github.com/rorydriscoll/RayTracer.git@772b5d47c0d181c6fe49728aabc8e0a949f285e1",
      "filesAnalyzed": false
    },
    {
      "name": "Raytracer",
      "SPDXID": "SPDXRef-Package-Witek902-Raytracer",
      "versionInfo": "3e38a82a5ea28e64793e98efc5b8e2643ceb8e9d",
      "downloadLocation": "git+https://github.com/Witek902/Raytracer.git@3e38a82a5ea28e64793e98efc5b8e2643ceb8e9d",
      "filesAnalyzed": false
    }
  ],
  "relationships": [
    {
      "spdxElementId": "SPDXRef-Package-rorydriscoll-RayTracer",
      "relatedSpdxElement": "SPDXRef-Package-Witek902-Raytracer",
      "relationshipType": "DEPENDS_ON"
    }
  ]
}