{
  "spdxVersion": "SPDX-2.3",
  "dataLicense": "CC0-1.0",
  "SPDXID": "SPDXRef-DOCUMENT",
  "name": "luculentus Dependency Manifest",
  "documentNamespace": "https://github.com/ruuda/luculentus/spdx/d43bc0a58a725db5cc805c3609b19230466068cf",
  "packages": [
    {
      "name": "luculentus",
      "SPDXID": "SPDXRef-Package-ruuda-luculentus",
      "versionInfo": "d43bc0a58a725db5cc805c3609b19230466068cf",
      "downloadLocation": "git+https://github.com/ruuda/luculentus.git@d43bc0a58a725db5cc805c3609b19230466068cf",
      "filesAnalyzed": false
    },
    {
      "name": "Raytracer",
      "SPDXID": "SPDXRef-Package-Witek902-Raytracer",
      "versionInfo": "3e38a82a5ea28e64793e98efc5b8e2643ceb8e9d",
      "downloadLocation": "git+https://github.com/Witek902/Raytracer.git@3e38a82a5ea28e64793e98efc5b8e2643ceb8e9d",
      "filesAnalyzed": false
    }
  ],
  "relationships": [
    {
      "spdxElementId": "SPDXRef-Package-ruuda-luculentus",
      "relatedSpdxElement": "SPDXRef-Package-Witek902-Raytracer",
      "relationshipType": "DEPENDS_ON"
    }
  ]
}