{
  "spdxVersion": "SPDX-2.3",
  "dataLicense": "CC0-1.0",
  "SPDXID": "SPDXRef-DOCUMENT",
  "name": "Rythe-Engine Dependency Manifest",
  "documentNamespace": "https://github.com/Rythe-Interactive/Rythe-Engine/spdx/15a57d5fbc2c24ff51c56a73d0e7ce6a40c21d48",
  "packages": [
    {
      "name": "Rythe-Engine",
      "SPDXID": "SPDXRef-Package-Rythe-Interactive-Rythe-Engine",
      "versionInfo": "15a57d5fbc2c24ff51c56a73d0e7ce6a40c21d48",
      "downloadLocation": "git+https://github.com/Rythe-Interactive/Rythe-Engine.git@15a57d5fbc2c24ff51c56a73d0e7ce6a40c21d48",
      "filesAnalyzed": false
    },
    {
      "name": "tinygltf",
      "SPDXID": "SPDXRef-Package-syoyo-tinygltf",
      "versionInfo": "bdc37385f198c787ba143e18f01b06164f8c7d15",
      "downloadLocation": "git+https://github.com/syoyo/tinygltf.git@bdc37385f198c787ba143e18f01b06164f8c7d15",
      "filesAnalyzed": false
    }
  ],
  "relationships": [
    {
      "spdxElementId": "SPDXRef-Package-Rythe-Interactive-Rythe-Engine",
      "relatedSpdxElement": "SPDXRef-Package-syoyo-tinygltf",
      "relationshipType": "DEPENDS_ON"
    }
  ]
}