{
  "spdxVersion": "SPDX-2.3",
  "dataLicense": "CC0-1.0",
  "SPDXID": "SPDXRef-DOCUMENT",
  "name": "SakuraEngine Dependency Manifest",
  "documentNamespace": "https://github.com/SakuraEngine/SakuraEngine/spdx/c0fdb2bb30074058cb98df98b8134559d13d67b0",
  "packages": [
    {
      "name": "SakuraEngine",
      "SPDXID": "SPDXRef-Package-SakuraEngine-SakuraEngine",
      "versionInfo": "c0fdb2bb30074058cb98df98b8134559d13d67b0",
      "downloadLocation": "git+https://github.com/SakuraEngine/SakuraEngine.git@c0fdb2bb30074058cb98df98b8134559d13d67b0",
      "filesAnalyzed": false
    },
    {
      "name": "tinygltf",
      "SPDXID": "SPDXRef-Package-syoyo-tinygltf",
      "versionInfo": "bdc37385f198c787ba143e18f01b06164f8c7d15",
      "downloadLocation": "git+https://github.com/syoyo/tinygltf.git@bdc37385f198c787ba143e18f01b06164f8c7d15",
      "filesAnalyzed": false
    }
  ],
  "relationships": [
    {
      "spdxElementId": "SPDXRef-Package-SakuraEngine-SakuraEngine",
      "relatedSpdxElement": "SPDXRef-Package-syoyo-tinygltf",
      "relationshipType": "DEPENDS_ON"
    }
  ]
}