{
  "spdxVersion": "SPDX-2.3",
  "dataLicense": "CC0-1.0",
  "SPDXID": "SPDXRef-DOCUMENT",
  "name": "RayTracer Dependency Manifest",
  "documentNamespace": "https://github.com/sami-hmr/RayTracer/spdx/941a31bb86cfec5e16473212b21b00d2ddc5f16d",
  "packages": [
    {
      "name": "RayTracer",
      "SPDXID": "SPDXRef-Package-sami-hmr-RayTracer",
      "versionInfo": "941a31bb86cfec5e16473212b21b00d2ddc5f16d",
      "downloadLocation": "git+https://github.com/sami-hmr/RayTracer.git@941a31bb86cfec5e16473212b21b00d2ddc5f16d",
      "filesAnalyzed": false
    },
    {
      "name": "Raytracer",
      "SPDXID": "SPDXRef-Package-Witek902-Raytracer",
      "versionInfo": "3e38a82a5ea28e64793e98efc5b8e2643ceb8e9d",
      "downloadLocation": "git+https://github.com/Witek902/Raytracer.git@3e38a82a5ea28e64793e98efc5b8e2643ceb8e9d",
      "filesAnalyzed": false
    }
  ],
  "relationships": [
    {
      "spdxElementId": "SPDXRef-Package-sami-hmr-RayTracer",
      "relatedSpdxElement": "SPDXRef-Package-Witek902-Raytracer",
      "relationshipType": "DEPENDS_ON"
    }
  ]
}