{
  "spdxVersion": "SPDX-2.3",
  "dataLicense": "CC0-1.0",
  "SPDXID": "SPDXRef-DOCUMENT",
  "name": "Mobile-Manipulator-Planning Dependency Manifest",
  "documentNamespace": "https://github.com/sandakalum/Mobile-Manipulator-Planning/spdx/ccc8e794a860c40dbf9b012bb0d03bb0153f1a71",
  "packages": [
    {
      "name": "Mobile-Manipulator-Planning",
      "SPDXID": "SPDXRef-Package-sandakalum-Mobile-Manipulator-Planning",
      "versionInfo": "ccc8e794a860c40dbf9b012bb0d03bb0153f1a71",
      "downloadLocation": "git+https://github.com/sandakalum/Mobile-Manipulator-Planning.git@ccc8e794a860c40dbf9b012bb0d03bb0153f1a71",
      "filesAnalyzed": false
    },
    {
      "name": "Raytracer",
      "SPDXID": "SPDXRef-Package-Witek902-Raytracer",
      "versionInfo": "3e38a82a5ea28e64793e98efc5b8e2643ceb8e9d",
      "downloadLocation": "git+https://github.com/Witek902/Raytracer.git@3e38a82a5ea28e64793e98efc5b8e2643ceb8e9d",
      "filesAnalyzed": false
    }
  ],
  "relationships": [
    {
      "spdxElementId": "SPDXRef-Package-sandakalum-Mobile-Manipulator-Planning",
      "relatedSpdxElement": "SPDXRef-Package-Witek902-Raytracer",
      "relationshipType": "DEPENDS_ON"
    }
  ]
}