{
  "spdxVersion": "SPDX-2.3",
  "dataLicense": "CC0-1.0",
  "SPDXID": "SPDXRef-DOCUMENT",
  "name": "OpenVisus Dependency Manifest",
  "documentNamespace": "https://github.com/sci-visus/OpenVisus/spdx/184a8c991c82bc7d00e50e1d7244289d8c4b9d16",
  "packages": [
    {
      "name": "OpenVisus",
      "SPDXID": "SPDXRef-Package-sci-visus-OpenVisus",
      "versionInfo": "184a8c991c82bc7d00e50e1d7244289d8c4b9d16",
      "downloadLocation": "git+https://github.com/sci-visus/OpenVisus.git@184a8c991c82bc7d00e50e1d7244289d8c4b9d16",
      "filesAnalyzed": false
    },
    {
      "name": "zfp",
      "SPDXID": "SPDXRef-Package-llnl-zfp",
      "versionInfo": "c4cba153779268b2930585349ff8ed356c9cc83c",
      "downloadLocation": "git+https://github.com/llnl/zfp.git@c4cba153779268b2930585349ff8ed356c9cc83c",
      "filesAnalyzed": false
    }
  ],
  "relationships": [
    {
      "spdxElementId": "SPDXRef-Package-sci-visus-OpenVisus",
      "relatedSpdxElement": "SPDXRef-Package-llnl-zfp",
      "relationshipType": "DEPENDS_ON"
    }
  ]
}