{
  "spdxVersion": "SPDX-2.3",
  "dataLicense": "CC0-1.0",
  "SPDXID": "SPDXRef-DOCUMENT",
  "name": "Cesium3DTilesConverter Dependency Manifest",
  "documentNamespace": "https://github.com/scially/Cesium3DTilesConverter/spdx/3e278b9d441afd7849eef0e19fb293a1fcb47b2e",
  "packages": [
    {
      "name": "Cesium3DTilesConverter",
      "SPDXID": "SPDXRef-Package-scially-Cesium3DTilesConverter",
      "versionInfo": "3e278b9d441afd7849eef0e19fb293a1fcb47b2e",
      "downloadLocation": "git+https://github.com/scially/Cesium3DTilesConverter.git@3e278b9d441afd7849eef0e19fb293a1fcb47b2e",
      "filesAnalyzed": false
    },
    {
      "name": "tinyexr",
      "SPDXID": "SPDXRef-Package-syoyo-tinyexr",
      "versionInfo": "3ffe5f9d5e673e6e8c378d59b306b2824993e705",
      "downloadLocation": "git+https://github.com/syoyo/tinyexr.git@3ffe5f9d5e673e6e8c378d59b306b2824993e705",
      "filesAnalyzed": false
    }
  ],
  "relationships": [
    {
      "spdxElementId": "SPDXRef-Package-scially-Cesium3DTilesConverter",
      "relatedSpdxElement": "SPDXRef-Package-syoyo-tinyexr",
      "relationshipType": "DEPENDS_ON"
    }
  ]
}