{
  "spdxVersion": "SPDX-2.3",
  "dataLicense": "CC0-1.0",
  "SPDXID": "SPDXRef-DOCUMENT",
  "name": "UnrealEngineSkyAtmosphere Dependency Manifest",
  "documentNamespace": "https://github.com/sebh/UnrealEngineSkyAtmosphere/spdx/183ead5bdacc701b3b626347a680a2f3cd3d4fbd",
  "packages": [
    {
      "name": "UnrealEngineSkyAtmosphere",
      "SPDXID": "SPDXRef-Package-sebh-UnrealEngineSkyAtmosphere",
      "versionInfo": "183ead5bdacc701b3b626347a680a2f3cd3d4fbd",
      "downloadLocation": "git+https://github.com/sebh/UnrealEngineSkyAtmosphere.git@183ead5bdacc701b3b626347a680a2f3cd3d4fbd",
      "filesAnalyzed": false
    },
    {
      "name": "tinyexr",
      "SPDXID": "SPDXRef-Package-syoyo-tinyexr",
      "versionInfo": "3ffe5f9d5e673e6e8c378d59b306b2824993e705",
      "downloadLocation": "git+https://github.com/syoyo/tinyexr.git@3ffe5f9d5e673e6e8c378d59b306b2824993e705",
      "filesAnalyzed": false
    }
  ],
  "relationships": [
    {
      "spdxElementId": "SPDXRef-Package-sebh-UnrealEngineSkyAtmosphere",
      "relatedSpdxElement": "SPDXRef-Package-syoyo-tinyexr",
      "relationshipType": "DEPENDS_ON"
    }
  ]
}