{
  "spdxVersion": "SPDX-2.3",
  "dataLicense": "CC0-1.0",
  "SPDXID": "SPDXRef-DOCUMENT",
  "name": "viewer Dependency Manifest",
  "documentNamespace": "https://github.com/secondlife/viewer/spdx/ed418397a17573f0bf72991cb8348558e1049f14",
  "packages": [
    {
      "name": "viewer",
      "SPDXID": "SPDXRef-Package-secondlife-viewer",
      "versionInfo": "ed418397a17573f0bf72991cb8348558e1049f14",
      "downloadLocation": "git+https://github.com/secondlife/viewer.git@ed418397a17573f0bf72991cb8348558e1049f14",
      "filesAnalyzed": false
    },
    {
      "name": "tinygltf",
      "SPDXID": "SPDXRef-Package-syoyo-tinygltf",
      "versionInfo": "bdc37385f198c787ba143e18f01b06164f8c7d15",
      "downloadLocation": "git+https://github.com/syoyo/tinygltf.git@bdc37385f198c787ba143e18f01b06164f8c7d15",
      "filesAnalyzed": false
    }
  ],
  "relationships": [
    {
      "spdxElementId": "SPDXRef-Package-secondlife-viewer",
      "relatedSpdxElement": "SPDXRef-Package-syoyo-tinygltf",
      "relationshipType": "DEPENDS_ON"
    }
  ]
}