{
  "spdxVersion": "SPDX-2.3",
  "dataLicense": "CC0-1.0",
  "SPDXID": "SPDXRef-DOCUMENT",
  "name": "termite Dependency Manifest",
  "documentNamespace": "https://github.com/septag/termite/spdx/cf3a26597f0a34f4b9c59c48d2e23adf439e89ab",
  "packages": [
    {
      "name": "termite",
      "SPDXID": "SPDXRef-Package-septag-termite",
      "versionInfo": "cf3a26597f0a34f4b9c59c48d2e23adf439e89ab",
      "downloadLocation": "git+https://github.com/septag/termite.git@cf3a26597f0a34f4b9c59c48d2e23adf439e89ab",
      "filesAnalyzed": false
    },
    {
      "name": "tinyexr",
      "SPDXID": "SPDXRef-Package-syoyo-tinyexr",
      "versionInfo": "3ffe5f9d5e673e6e8c378d59b306b2824993e705",
      "downloadLocation": "git+https://github.com/syoyo/tinyexr.git@3ffe5f9d5e673e6e8c378d59b306b2824993e705",
      "filesAnalyzed": false
    }
  ],
  "relationships": [
    {
      "spdxElementId": "SPDXRef-Package-septag-termite",
      "relatedSpdxElement": "SPDXRef-Package-syoyo-tinyexr",
      "relationshipType": "DEPENDS_ON"
    }
  ]
}