{
  "spdxVersion": "SPDX-2.3",
  "dataLicense": "CC0-1.0",
  "SPDXID": "SPDXRef-DOCUMENT",
  "name": "DummyEngine Dependency Manifest",
  "documentNamespace": "https://github.com/sergcpp/DummyEngine/spdx/c76c3603ddfb69412cffaba59e51d558406c3f47",
  "packages": [
    {
      "name": "DummyEngine",
      "SPDXID": "SPDXRef-Package-sergcpp-DummyEngine",
      "versionInfo": "c76c3603ddfb69412cffaba59e51d558406c3f47",
      "downloadLocation": "git+https://github.com/sergcpp/DummyEngine.git@c76c3603ddfb69412cffaba59e51d558406c3f47",
      "filesAnalyzed": false
    },
    {
      "name": "tinyexr",
      "SPDXID": "SPDXRef-Package-syoyo-tinyexr",
      "versionInfo": "3ffe5f9d5e673e6e8c378d59b306b2824993e705",
      "downloadLocation": "git+https://github.com/syoyo/tinyexr.git@3ffe5f9d5e673e6e8c378d59b306b2824993e705",
      "filesAnalyzed": false
    }
  ],
  "relationships": [
    {
      "spdxElementId": "SPDXRef-Package-sergcpp-DummyEngine",
      "relatedSpdxElement": "SPDXRef-Package-syoyo-tinyexr",
      "relationshipType": "DEPENDS_ON"
    }
  ]
}