{
  "spdxVersion": "SPDX-2.3",
  "dataLicense": "CC0-1.0",
  "SPDXID": "SPDXRef-DOCUMENT",
  "name": "etx-tracer Dependency Manifest",
  "documentNamespace": "https://github.com/serhii-rieznik/etx-tracer/spdx/464beb9be69a0528887744fbc43e1d6d5ec72978",
  "packages": [
    {
      "name": "etx-tracer",
      "SPDXID": "SPDXRef-Package-serhii-rieznik-etx-tracer",
      "versionInfo": "464beb9be69a0528887744fbc43e1d6d5ec72978",
      "downloadLocation": "git+https://github.com/serhii-rieznik/etx-tracer.git@464beb9be69a0528887744fbc43e1d6d5ec72978",
      "filesAnalyzed": false
    },
    {
      "name": "tinyexr",
      "SPDXID": "SPDXRef-Package-syoyo-tinyexr",
      "versionInfo": "3ffe5f9d5e673e6e8c378d59b306b2824993e705",
      "downloadLocation": "git+https://github.com/syoyo/tinyexr.git@3ffe5f9d5e673e6e8c378d59b306b2824993e705",
      "filesAnalyzed": false
    }
  ],
  "relationships": [
    {
      "spdxElementId": "SPDXRef-Package-serhii-rieznik-etx-tracer",
      "relatedSpdxElement": "SPDXRef-Package-syoyo-tinyexr",
      "relationshipType": "DEPENDS_ON"
    }
  ]
}