{
  "spdxVersion": "SPDX-2.3",
  "dataLicense": "CC0-1.0",
  "SPDXID": "SPDXRef-DOCUMENT",
  "name": "rlShaders Dependency Manifest",
  "documentNamespace": "https://github.com/shihchinw/rlShaders/spdx/13609f7f0e9b52beb8a266b18e8f7a0e8c27af40",
  "packages": [
    {
      "name": "rlShaders",
      "SPDXID": "SPDXRef-Package-shihchinw-rlShaders",
      "versionInfo": "13609f7f0e9b52beb8a266b18e8f7a0e8c27af40",
      "downloadLocation": "git+https://github.com/shihchinw/rlShaders.git@13609f7f0e9b52beb8a266b18e8f7a0e8c27af40",
      "filesAnalyzed": false
    },
    {
      "name": "tinyexr",
      "SPDXID": "SPDXRef-Package-syoyo-tinyexr",
      "versionInfo": "3ffe5f9d5e673e6e8c378d59b306b2824993e705",
      "downloadLocation": "git+https://github.com/syoyo/tinyexr.git@3ffe5f9d5e673e6e8c378d59b306b2824993e705",
      "filesAnalyzed": false
    }
  ],
  "relationships": [
    {
      "spdxElementId": "SPDXRef-Package-shihchinw-rlShaders",
      "relatedSpdxElement": "SPDXRef-Package-syoyo-tinyexr",
      "relationshipType": "DEPENDS_ON"
    }
  ]
}