{
  "spdxVersion": "SPDX-2.3",
  "dataLicense": "CC0-1.0",
  "SPDXID": "SPDXRef-DOCUMENT",
  "name": "VLR Dependency Manifest",
  "documentNamespace": "https://github.com/shocker-0x15/VLR/spdx/8dad615a0f82c8599c6c59998278ab90b0c56f70",
  "packages": [
    {
      "name": "VLR",
      "SPDXID": "SPDXRef-Package-shocker-0x15-VLR",
      "versionInfo": "8dad615a0f82c8599c6c59998278ab90b0c56f70",
      "downloadLocation": "git+https://github.com/shocker-0x15/VLR.git@8dad615a0f82c8599c6c59998278ab90b0c56f70",
      "filesAnalyzed": false
    },
    {
      "name": "tinyexr",
      "SPDXID": "SPDXRef-Package-syoyo-tinyexr",
      "versionInfo": "3ffe5f9d5e673e6e8c378d59b306b2824993e705",
      "downloadLocation": "git+https://github.com/syoyo/tinyexr.git@3ffe5f9d5e673e6e8c378d59b306b2824993e705",
      "filesAnalyzed": false
    }
  ],
  "relationships": [
    {
      "spdxElementId": "SPDXRef-Package-shocker-0x15-VLR",
      "relatedSpdxElement": "SPDXRef-Package-syoyo-tinyexr",
      "relationshipType": "DEPENDS_ON"
    }
  ]
}