{
  "spdxVersion": "SPDX-2.3",
  "dataLicense": "CC0-1.0",
  "SPDXID": "SPDXRef-DOCUMENT",
  "name": "GfxExp Dependency Manifest",
  "documentNamespace": "https://github.com/shocker-0x15/GfxExp/spdx/b3303826086fe2ef3a606aabc5ebbec74443accd",
  "packages": [
    {
      "name": "GfxExp",
      "SPDXID": "SPDXRef-Package-shocker-0x15-GfxExp",
      "versionInfo": "b3303826086fe2ef3a606aabc5ebbec74443accd",
      "downloadLocation": "git+https://github.com/shocker-0x15/GfxExp.git@b3303826086fe2ef3a606aabc5ebbec74443accd",
      "filesAnalyzed": false
    },
    {
      "name": "tinyexr",
      "SPDXID": "SPDXRef-Package-syoyo-tinyexr",
      "versionInfo": "3ffe5f9d5e673e6e8c378d59b306b2824993e705",
      "downloadLocation": "git+https://github.com/syoyo/tinyexr.git@3ffe5f9d5e673e6e8c378d59b306b2824993e705",
      "filesAnalyzed": false
    }
  ],
  "relationships": [
    {
      "spdxElementId": "SPDXRef-Package-shocker-0x15-GfxExp",
      "relatedSpdxElement": "SPDXRef-Package-syoyo-tinyexr",
      "relationshipType": "DEPENDS_ON"
    }
  ]
}