{
  "spdxVersion": "SPDX-2.3",
  "dataLicense": "CC0-1.0",
  "SPDXID": "SPDXRef-DOCUMENT",
  "name": "Cinder-ImGui Dependency Manifest",
  "documentNamespace": "https://github.com/simongeilfus/Cinder-ImGui/spdx/29f75867c8646599e2df7584f396a215aeaa4102",
  "packages": [
    {
      "name": "Cinder-ImGui",
      "SPDXID": "SPDXRef-Package-simongeilfus-Cinder-ImGui",
      "versionInfo": "29f75867c8646599e2df7584f396a215aeaa4102",
      "downloadLocation": "git+https://github.com/simongeilfus/Cinder-ImGui.git@29f75867c8646599e2df7584f396a215aeaa4102",
      "filesAnalyzed": false
    },
    {
      "name": "Cinder",
      "SPDXID": "SPDXRef-Package-cinder-Cinder",
      "versionInfo": "48b16b726fb20a7389f2a56fa71db909f8856fa3",
      "downloadLocation": "git+https://github.com/cinder/Cinder.git@48b16b726fb20a7389f2a56fa71db909f8856fa3",
      "filesAnalyzed": false
    }
  ],
  "relationships": [
    {
      "spdxElementId": "SPDXRef-Package-simongeilfus-Cinder-ImGui",
      "relatedSpdxElement": "SPDXRef-Package-cinder-Cinder",
      "relationshipType": "DEPENDS_ON"
    }
  ]
}