{
  "spdxVersion": "SPDX-2.3",
  "dataLicense": "CC0-1.0",
  "SPDXID": "SPDXRef-DOCUMENT",
  "name": "UtopianEngine Dependency Manifest",
  "documentNamespace": "https://github.com/simplerr/UtopianEngine/spdx/b7c38df663a4b6b2fa1d7c9f1f83dfc661de1a9a",
  "packages": [
    {
      "name": "UtopianEngine",
      "SPDXID": "SPDXRef-Package-simplerr-UtopianEngine",
      "versionInfo": "b7c38df663a4b6b2fa1d7c9f1f83dfc661de1a9a",
      "downloadLocation": "git+https://github.com/simplerr/UtopianEngine.git@b7c38df663a4b6b2fa1d7c9f1f83dfc661de1a9a",
      "filesAnalyzed": false
    },
    {
      "name": "tinygltf",
      "SPDXID": "SPDXRef-Package-syoyo-tinygltf",
      "versionInfo": "bdc37385f198c787ba143e18f01b06164f8c7d15",
      "downloadLocation": "git+https://github.com/syoyo/tinygltf.git@bdc37385f198c787ba143e18f01b06164f8c7d15",
      "filesAnalyzed": false
    }
  ],
  "relationships": [
    {
      "spdxElementId": "SPDXRef-Package-simplerr-UtopianEngine",
      "relatedSpdxElement": "SPDXRef-Package-syoyo-tinygltf",
      "relationshipType": "DEPENDS_ON"
    }
  ]
}