{
  "spdxVersion": "SPDX-2.3",
  "dataLicense": "CC0-1.0",
  "SPDXID": "SPDXRef-DOCUMENT",
  "name": "adreno-gpu-opengl-es-code-sample-framework Dependency Manifest",
  "documentNamespace": "https://github.com/SnapdragonGameStudios/adreno-gpu-opengl-es-code-sample-framework/spdx/8c6dd905e337713caeb92bed9b3735f3a58b2844",
  "packages": [
    {
      "name": "adreno-gpu-opengl-es-code-sample-framework",
      "SPDXID": "SPDXRef-Package-SnapdragonGameStudios-adreno-gpu-opengl-es-code-sample-framework",
      "versionInfo": "8c6dd905e337713caeb92bed9b3735f3a58b2844",
      "downloadLocation": "git+https://github.com/SnapdragonGameStudios/adreno-gpu-opengl-es-code-sample-framework.git@8c6dd905e337713caeb92bed9b3735f3a58b2844",
      "filesAnalyzed": false
    },
    {
      "name": "tinygltf",
      "SPDXID": "SPDXRef-Package-syoyo-tinygltf",
      "versionInfo": "bdc37385f198c787ba143e18f01b06164f8c7d15",
      "downloadLocation": "git+https://github.com/syoyo/tinygltf.git@bdc37385f198c787ba143e18f01b06164f8c7d15",
      "filesAnalyzed": false
    }
  ],
  "relationships": [
    {
      "spdxElementId": "SPDXRef-Package-SnapdragonGameStudios-adreno-gpu-opengl-es-code-sample-framework",
      "relatedSpdxElement": "SPDXRef-Package-syoyo-tinygltf",
      "relationshipType": "DEPENDS_ON"
    }
  ]
}