{
  "spdxVersion": "SPDX-2.3",
  "dataLicense": "CC0-1.0",
  "SPDXID": "SPDXRef-DOCUMENT",
  "name": "adreno-gpu-vulkan-code-sample-framework Dependency Manifest",
  "documentNamespace": "https://github.com/SnapdragonGameStudios/adreno-gpu-vulkan-code-sample-framework/spdx/47fa1bf9966df07df476a4d834de697ceed36ff3",
  "packages": [
    {
      "name": "adreno-gpu-vulkan-code-sample-framework",
      "SPDXID": "SPDXRef-Package-SnapdragonGameStudios-adreno-gpu-vulkan-code-sample-framework",
      "versionInfo": "47fa1bf9966df07df476a4d834de697ceed36ff3",
      "downloadLocation": "git+https://github.com/SnapdragonGameStudios/adreno-gpu-vulkan-code-sample-framework.git@47fa1bf9966df07df476a4d834de697ceed36ff3",
      "filesAnalyzed": false
    },
    {
      "name": "tinygltf",
      "SPDXID": "SPDXRef-Package-syoyo-tinygltf",
      "versionInfo": "bdc37385f198c787ba143e18f01b06164f8c7d15",
      "downloadLocation": "git+https://github.com/syoyo/tinygltf.git@bdc37385f198c787ba143e18f01b06164f8c7d15",
      "filesAnalyzed": false
    }
  ],
  "relationships": [
    {
      "spdxElementId": "SPDXRef-Package-SnapdragonGameStudios-adreno-gpu-vulkan-code-sample-framework",
      "relatedSpdxElement": "SPDXRef-Package-syoyo-tinygltf",
      "relationshipType": "DEPENDS_ON"
    }
  ]
}