{
  "spdxVersion": "SPDX-2.3",
  "dataLicense": "CC0-1.0",
  "SPDXID": "SPDXRef-DOCUMENT",
  "name": "PrimeXT Dependency Manifest",
  "documentNamespace": "https://github.com/SNMetamorph/PrimeXT/spdx/f5ed7084aeaefdd0653e9cf8c5dc7b0725cb301a",
  "packages": [
    {
      "name": "PrimeXT",
      "SPDXID": "SPDXRef-Package-SNMetamorph-PrimeXT",
      "versionInfo": "f5ed7084aeaefdd0653e9cf8c5dc7b0725cb301a",
      "downloadLocation": "git+https://github.com/SNMetamorph/PrimeXT.git@f5ed7084aeaefdd0653e9cf8c5dc7b0725cb301a",
      "filesAnalyzed": false
    },
    {
      "name": "Raytracer",
      "SPDXID": "SPDXRef-Package-Witek902-Raytracer",
      "versionInfo": "3e38a82a5ea28e64793e98efc5b8e2643ceb8e9d",
      "downloadLocation": "git+https://github.com/Witek902/Raytracer.git@3e38a82a5ea28e64793e98efc5b8e2643ceb8e9d",
      "filesAnalyzed": false
    }
  ],
  "relationships": [
    {
      "spdxElementId": "SPDXRef-Package-SNMetamorph-PrimeXT",
      "relatedSpdxElement": "SPDXRef-Package-Witek902-Raytracer",
      "relationshipType": "DEPENDS_ON"
    }
  ]
}