{
  "spdxVersion": "SPDX-2.3",
  "dataLicense": "CC0-1.0",
  "SPDXID": "SPDXRef-DOCUMENT",
  "name": "vk_voxel_cone_tracing Dependency Manifest",
  "documentNamespace": "https://github.com/Snowapril/vk_voxel_cone_tracing/spdx/a366f519c1382cfa2669b56346b67737513d6099",
  "packages": [
    {
      "name": "vk_voxel_cone_tracing",
      "SPDXID": "SPDXRef-Package-Snowapril-vk_voxel_cone_tracing",
      "versionInfo": "a366f519c1382cfa2669b56346b67737513d6099",
      "downloadLocation": "git+https://github.com/Snowapril/vk_voxel_cone_tracing.git@a366f519c1382cfa2669b56346b67737513d6099",
      "filesAnalyzed": false
    },
    {
      "name": "tinygltf",
      "SPDXID": "SPDXRef-Package-syoyo-tinygltf",
      "versionInfo": "bdc37385f198c787ba143e18f01b06164f8c7d15",
      "downloadLocation": "git+https://github.com/syoyo/tinygltf.git@bdc37385f198c787ba143e18f01b06164f8c7d15",
      "filesAnalyzed": false
    }
  ],
  "relationships": [
    {
      "spdxElementId": "SPDXRef-Package-Snowapril-vk_voxel_cone_tracing",
      "relatedSpdxElement": "SPDXRef-Package-syoyo-tinygltf",
      "relationshipType": "DEPENDS_ON"
    }
  ]
}