{
  "spdxVersion": "SPDX-2.3",
  "dataLicense": "CC0-1.0",
  "SPDXID": "SPDXRef-DOCUMENT",
  "name": "VRLib Dependency Manifest",
  "documentNamespace": "https://github.com/SoylentGraham/VRLib/spdx/b499948a372470cd3d0f924a5f040162d583a11e",
  "packages": [
    {
      "name": "VRLib",
      "SPDXID": "SPDXRef-Package-SoylentGraham-VRLib",
      "versionInfo": "b499948a372470cd3d0f924a5f040162d583a11e",
      "downloadLocation": "git+https://github.com/SoylentGraham/VRLib.git@b499948a372470cd3d0f924a5f040162d583a11e",
      "filesAnalyzed": false
    },
    {
      "name": "Raytracer",
      "SPDXID": "SPDXRef-Package-Witek902-Raytracer",
      "versionInfo": "3e38a82a5ea28e64793e98efc5b8e2643ceb8e9d",
      "downloadLocation": "git+https://github.com/Witek902/Raytracer.git@3e38a82a5ea28e64793e98efc5b8e2643ceb8e9d",
      "filesAnalyzed": false
    }
  ],
  "relationships": [
    {
      "spdxElementId": "SPDXRef-Package-SoylentGraham-VRLib",
      "relatedSpdxElement": "SPDXRef-Package-Witek902-Raytracer",
      "relationshipType": "DEPENDS_ON"
    }
  ]
}