{
  "spdxVersion": "SPDX-2.3",
  "dataLicense": "CC0-1.0",
  "SPDXID": "SPDXRef-DOCUMENT",
  "name": "rpms Dependency Manifest",
  "documentNamespace": "https://github.com/src.fedoraproject.org/rpms/opentoonz/spdx/586de0f7c89bfcf5c095c0854d071fb6b168daea",
  "packages": [
    {
      "name": "rpms",
      "SPDXID": "SPDXRef-Package-src-fedoraproject-org-rpms-opentoonz",
      "versionInfo": "586de0f7c89bfcf5c095c0854d071fb6b168daea",
      "downloadLocation": "git+https://github.com/src.fedoraproject.org/rpms/opentoonz.git@586de0f7c89bfcf5c095c0854d071fb6b168daea",
      "filesAnalyzed": false
    },
    {
      "name": "tinyexr",
      "SPDXID": "SPDXRef-Package-syoyo-tinyexr",
      "versionInfo": "3ffe5f9d5e673e6e8c378d59b306b2824993e705",
      "downloadLocation": "git+https://github.com/syoyo/tinyexr.git@3ffe5f9d5e673e6e8c378d59b306b2824993e705",
      "filesAnalyzed": false
    }
  ],
  "relationships": [
    {
      "spdxElementId": "SPDXRef-Package-src-fedoraproject-org-rpms-opentoonz",
      "relatedSpdxElement": "SPDXRef-Package-syoyo-tinyexr",
      "relationshipType": "DEPENDS_ON"
    }
  ]
}