{
  "spdxVersion": "SPDX-2.3",
  "dataLicense": "CC0-1.0",
  "SPDXID": "SPDXRef-DOCUMENT",
  "name": "rpms Dependency Manifest",
  "documentNamespace": "https://github.com/src.fedoraproject.org/rpms/tinyexr/spdx/8129649262c6b6289577627702483a3b96ad02ff",
  "packages": [
    {
      "name": "rpms",
      "SPDXID": "SPDXRef-Package-src-fedoraproject-org-rpms-tinyexr",
      "versionInfo": "8129649262c6b6289577627702483a3b96ad02ff",
      "downloadLocation": "git+https://github.com/src.fedoraproject.org/rpms/tinyexr.git@8129649262c6b6289577627702483a3b96ad02ff",
      "filesAnalyzed": false
    },
    {
      "name": "tinyexr",
      "SPDXID": "SPDXRef-Package-syoyo-tinyexr",
      "versionInfo": "3ffe5f9d5e673e6e8c378d59b306b2824993e705",
      "downloadLocation": "git+https://github.com/syoyo/tinyexr.git@3ffe5f9d5e673e6e8c378d59b306b2824993e705",
      "filesAnalyzed": false
    }
  ],
  "relationships": [
    {
      "spdxElementId": "SPDXRef-Package-src-fedoraproject-org-rpms-tinyexr",
      "relatedSpdxElement": "SPDXRef-Package-syoyo-tinyexr",
      "relationshipType": "DEPENDS_ON"
    }
  ]
}