{
  "spdxVersion": "SPDX-2.3",
  "dataLicense": "CC0-1.0",
  "SPDXID": "SPDXRef-DOCUMENT",
  "name": "RayTracedGGX Dependency Manifest",
  "documentNamespace": "https://github.com/StarsX/RayTracedGGX/spdx/3a975799fb8ed08bd1ea09e671661d82240770b3",
  "packages": [
    {
      "name": "RayTracedGGX",
      "SPDXID": "SPDXRef-Package-StarsX-RayTracedGGX",
      "versionInfo": "3a975799fb8ed08bd1ea09e671661d82240770b3",
      "downloadLocation": "git+https://github.com/StarsX/RayTracedGGX.git@3a975799fb8ed08bd1ea09e671661d82240770b3",
      "filesAnalyzed": false
    },
    {
      "name": "Raytracer",
      "SPDXID": "SPDXRef-Package-Witek902-Raytracer",
      "versionInfo": "3e38a82a5ea28e64793e98efc5b8e2643ceb8e9d",
      "downloadLocation": "git+https://github.com/Witek902/Raytracer.git@3e38a82a5ea28e64793e98efc5b8e2643ceb8e9d",
      "filesAnalyzed": false
    }
  ],
  "relationships": [
    {
      "spdxElementId": "SPDXRef-Package-StarsX-RayTracedGGX",
      "relatedSpdxElement": "SPDXRef-Package-Witek902-Raytracer",
      "relationshipType": "DEPENDS_ON"
    }
  ]
}