{
  "spdxVersion": "SPDX-2.3",
  "dataLicense": "CC0-1.0",
  "SPDXID": "SPDXRef-DOCUMENT",
  "name": "dolphin Dependency Manifest",
  "documentNamespace": "https://github.com/SternXD/dolphin/spdx/a80c7b28dae65728528aa4c2ddf10e3bac978c14",
  "packages": [
    {
      "name": "dolphin",
      "SPDXID": "SPDXRef-Package-SternXD-dolphin",
      "versionInfo": "a80c7b28dae65728528aa4c2ddf10e3bac978c14",
      "downloadLocation": "git+https://github.com/SternXD/dolphin.git@a80c7b28dae65728528aa4c2ddf10e3bac978c14",
      "filesAnalyzed": false
    },
    {
      "name": "tinygltf",
      "SPDXID": "SPDXRef-Package-syoyo-tinygltf",
      "versionInfo": "bdc37385f198c787ba143e18f01b06164f8c7d15",
      "downloadLocation": "git+https://github.com/syoyo/tinygltf.git@bdc37385f198c787ba143e18f01b06164f8c7d15",
      "filesAnalyzed": false
    }
  ],
  "relationships": [
    {
      "spdxElementId": "SPDXRef-Package-SternXD-dolphin",
      "relatedSpdxElement": "SPDXRef-Package-syoyo-tinygltf",
      "relationshipType": "DEPENDS_ON"
    }
  ]
}