{
  "spdxVersion": "SPDX-2.3",
  "dataLicense": "CC0-1.0",
  "SPDXID": "SPDXRef-DOCUMENT",
  "name": "Radium-Engine Dependency Manifest",
  "documentNamespace": "https://github.com/STORM-IRIT/Radium-Engine/spdx/90a82818d28318a900666dea5995986d1544941f",
  "packages": [
    {
      "name": "Radium-Engine",
      "SPDXID": "SPDXRef-Package-STORM-IRIT-Radium-Engine",
      "versionInfo": "90a82818d28318a900666dea5995986d1544941f",
      "downloadLocation": "git+https://github.com/STORM-IRIT/Radium-Engine.git@90a82818d28318a900666dea5995986d1544941f",
      "filesAnalyzed": false
    },
    {
      "name": "tinyexr",
      "SPDXID": "SPDXRef-Package-syoyo-tinyexr",
      "versionInfo": "3ffe5f9d5e673e6e8c378d59b306b2824993e705",
      "downloadLocation": "git+https://github.com/syoyo/tinyexr.git@3ffe5f9d5e673e6e8c378d59b306b2824993e705",
      "filesAnalyzed": false
    }
  ],
  "relationships": [
    {
      "spdxElementId": "SPDXRef-Package-STORM-IRIT-Radium-Engine",
      "relatedSpdxElement": "SPDXRef-Package-syoyo-tinyexr",
      "relationshipType": "DEPENDS_ON"
    }
  ]
}