{
  "spdxVersion": "SPDX-2.3",
  "dataLicense": "CC0-1.0",
  "SPDXID": "SPDXRef-DOCUMENT",
  "name": "SIByLEngine2023 Dependency Manifest",
  "documentNamespace": "https://github.com/SuikaSibyl/SIByLEngine2023/spdx/07bf2db4d44edab74e3b9fba2c3a4c57143455da",
  "packages": [
    {
      "name": "SIByLEngine2023",
      "SPDXID": "SPDXRef-Package-SuikaSibyl-SIByLEngine2023",
      "versionInfo": "07bf2db4d44edab74e3b9fba2c3a4c57143455da",
      "downloadLocation": "git+https://github.com/SuikaSibyl/SIByLEngine2023.git@07bf2db4d44edab74e3b9fba2c3a4c57143455da",
      "filesAnalyzed": false
    },
    {
      "name": "tinygltf",
      "SPDXID": "SPDXRef-Package-syoyo-tinygltf",
      "versionInfo": "bdc37385f198c787ba143e18f01b06164f8c7d15",
      "downloadLocation": "git+https://github.com/syoyo/tinygltf.git@bdc37385f198c787ba143e18f01b06164f8c7d15",
      "filesAnalyzed": false
    }
  ],
  "relationships": [
    {
      "spdxElementId": "SPDXRef-Package-SuikaSibyl-SIByLEngine2023",
      "relatedSpdxElement": "SPDXRef-Package-syoyo-tinygltf",
      "relationshipType": "DEPENDS_ON"
    }
  ]
}