{
  "spdxVersion": "SPDX-2.3",
  "dataLicense": "CC0-1.0",
  "SPDXID": "SPDXRef-DOCUMENT",
  "name": "Low-Latency-Android-iOS-Linux-Windows-tvOS-macOS-Interactive-Audio-Platform Dependency Manifest",
  "documentNamespace": "https://github.com/superpoweredSDK/Low-Latency-Android-iOS-Linux-Windows-tvOS-macOS-Interactive-Audio-Platform/spdx/2330828764f589f597b63f0c8a564d6e0660e9b4",
  "packages": [
    {
      "name": "Low-Latency-Android-iOS-Linux-Windows-tvOS-macOS-Interactive-Audio-Platform",
      "SPDXID": "SPDXRef-Package-superpoweredSDK-Low-Latency-Android-iOS-Linux-Windows-tvOS-macOS-Interactive-Audio-Platform",
      "versionInfo": "2330828764f589f597b63f0c8a564d6e0660e9b4",
      "downloadLocation": "git+https://github.com/superpoweredSDK/Low-Latency-Android-iOS-Linux-Windows-tvOS-macOS-Interactive-Audio-Platform.git@2330828764f589f597b63f0c8a564d6e0660e9b4",
      "filesAnalyzed": false
    },
    {
      "name": "OpenSource",
      "SPDXID": "SPDXRef-Package-JanThorbecke-OpenSource",
      "versionInfo": "a156046a3e11fa160775acb8256c0ac596de0422",
      "downloadLocation": "git+https://github.com/JanThorbecke/OpenSource.git@a156046a3e11fa160775acb8256c0ac596de0422",
      "filesAnalyzed": false
    }
  ],
  "relationships": [
    {
      "spdxElementId": "SPDXRef-Package-superpoweredSDK-Low-Latency-Android-iOS-Linux-Windows-tvOS-macOS-Interactive-Audio-Platform",
      "relatedSpdxElement": "SPDXRef-Package-JanThorbecke-OpenSource",
      "relationshipType": "DEPENDS_ON"
    }
  ]
}