{
  "spdxVersion": "SPDX-2.3",
  "dataLicense": "CC0-1.0",
  "SPDXID": "SPDXRef-DOCUMENT",
  "name": "SIRF Dependency Manifest",
  "documentNamespace": "https://github.com/SyneRBI/SIRF/spdx/11a6a50fc13bf52439d0c1ec15ebacfbadada8c5",
  "packages": [
    {
      "name": "SIRF",
      "SPDXID": "SPDXRef-Package-SyneRBI-SIRF",
      "versionInfo": "11a6a50fc13bf52439d0c1ec15ebacfbadada8c5",
      "downloadLocation": "git+https://github.com/SyneRBI/SIRF.git@11a6a50fc13bf52439d0c1ec15ebacfbadada8c5",
      "filesAnalyzed": false
    },
    {
      "name": "gadgetron",
      "SPDXID": "SPDXRef-Package-gadgetron-gadgetron",
      "versionInfo": "1d14c4cd380c57563500b27f5135d2c887e52de4",
      "downloadLocation": "git+https://github.com/gadgetron/gadgetron.git@1d14c4cd380c57563500b27f5135d2c887e52de4",
      "filesAnalyzed": false
    }
  ],
  "relationships": [
    {
      "spdxElementId": "SPDXRef-Package-SyneRBI-SIRF",
      "relatedSpdxElement": "SPDXRef-Package-gadgetron-gadgetron",
      "relationshipType": "DEPENDS_ON"
    }
  ]
}