{
  "spdxVersion": "SPDX-2.3",
  "dataLicense": "CC0-1.0",
  "SPDXID": "SPDXRef-DOCUMENT",
  "name": "tinyexr Dependency Manifest",
  "documentNamespace": "https://github.com/syoyo/tinyexr/spdx/3ffe5f9d5e673e6e8c378d59b306b2824993e705",
  "packages": [
    {
      "name": "tinyexr",
      "SPDXID": "SPDXRef-Package-syoyo-tinyexr",
      "versionInfo": "3ffe5f9d5e673e6e8c378d59b306b2824993e705",
      "downloadLocation": "git+https://github.com/syoyo/tinyexr.git@3ffe5f9d5e673e6e8c378d59b306b2824993e705",
      "filesAnalyzed": false
    },
    {
      "name": "zfp",
      "SPDXID": "SPDXRef-Package-llnl-zfp",
      "versionInfo": "c4cba153779268b2930585349ff8ed356c9cc83c",
      "downloadLocation": "git+https://github.com/llnl/zfp.git@c4cba153779268b2930585349ff8ed356c9cc83c",
      "filesAnalyzed": false
    }
  ],
  "relationships": [
    {
      "spdxElementId": "SPDXRef-Package-syoyo-tinyexr",
      "relatedSpdxElement": "SPDXRef-Package-llnl-zfp",
      "relationshipType": "DEPENDS_ON"
    }
  ]
}