{
  "spdxVersion": "SPDX-2.3",
  "dataLicense": "CC0-1.0",
  "SPDXID": "SPDXRef-DOCUMENT",
  "name": "tinydng Dependency Manifest",
  "documentNamespace": "https://github.com/syoyo/tinydng/spdx/f3b42f5bb1a3151036115f84ceabe2187e023243",
  "packages": [
    {
      "name": "tinydng",
      "SPDXID": "SPDXRef-Package-syoyo-tinydng",
      "versionInfo": "f3b42f5bb1a3151036115f84ceabe2187e023243",
      "downloadLocation": "git+https://github.com/syoyo/tinydng.git@f3b42f5bb1a3151036115f84ceabe2187e023243",
      "filesAnalyzed": false
    },
    {
      "name": "tinyexr",
      "SPDXID": "SPDXRef-Package-syoyo-tinyexr",
      "versionInfo": "3ffe5f9d5e673e6e8c378d59b306b2824993e705",
      "downloadLocation": "git+https://github.com/syoyo/tinyexr.git@3ffe5f9d5e673e6e8c378d59b306b2824993e705",
      "filesAnalyzed": false
    }
  ],
  "relationships": [
    {
      "spdxElementId": "SPDXRef-Package-syoyo-tinydng",
      "relatedSpdxElement": "SPDXRef-Package-syoyo-tinyexr",
      "relationshipType": "DEPENDS_ON"
    }
  ]
}