{
  "spdxVersion": "SPDX-2.3",
  "dataLicense": "CC0-1.0",
  "SPDXID": "SPDXRef-DOCUMENT",
  "name": "atak-civ Dependency Manifest",
  "documentNamespace": "https://github.com/TAK-Product-Center/atak-civ/spdx/9f6893dd657feacc35ec5de03dad721c2e44170e",
  "packages": [
    {
      "name": "atak-civ",
      "SPDXID": "SPDXRef-Package-TAK-Product-Center-atak-civ",
      "versionInfo": "9f6893dd657feacc35ec5de03dad721c2e44170e",
      "downloadLocation": "git+https://github.com/TAK-Product-Center/atak-civ.git@9f6893dd657feacc35ec5de03dad721c2e44170e",
      "filesAnalyzed": false
    },
    {
      "name": "tinygltf",
      "SPDXID": "SPDXRef-Package-syoyo-tinygltf",
      "versionInfo": "bdc37385f198c787ba143e18f01b06164f8c7d15",
      "downloadLocation": "git+https://github.com/syoyo/tinygltf.git@bdc37385f198c787ba143e18f01b06164f8c7d15",
      "filesAnalyzed": false
    }
  ],
  "relationships": [
    {
      "spdxElementId": "SPDXRef-Package-TAK-Product-Center-atak-civ",
      "relatedSpdxElement": "SPDXRef-Package-syoyo-tinygltf",
      "relationshipType": "DEPENDS_ON"
    }
  ]
}