{
  "spdxVersion": "SPDX-2.3",
  "dataLicense": "CC0-1.0",
  "SPDXID": "SPDXRef-DOCUMENT",
  "name": "HorizonEngine Dependency Manifest",
  "documentNamespace": "https://github.com/tataliya7/HorizonEngine/spdx/a54723862d04632e07666e8086386404913adfa1",
  "packages": [
    {
      "name": "HorizonEngine",
      "SPDXID": "SPDXRef-Package-tataliya7-HorizonEngine",
      "versionInfo": "a54723862d04632e07666e8086386404913adfa1",
      "downloadLocation": "git+https://github.com/tataliya7/HorizonEngine.git@a54723862d04632e07666e8086386404913adfa1",
      "filesAnalyzed": false
    },
    {
      "name": "tinyexr",
      "SPDXID": "SPDXRef-Package-syoyo-tinyexr",
      "versionInfo": "3ffe5f9d5e673e6e8c378d59b306b2824993e705",
      "downloadLocation": "git+https://github.com/syoyo/tinyexr.git@3ffe5f9d5e673e6e8c378d59b306b2824993e705",
      "filesAnalyzed": false
    }
  ],
  "relationships": [
    {
      "spdxElementId": "SPDXRef-Package-tataliya7-HorizonEngine",
      "relatedSpdxElement": "SPDXRef-Package-syoyo-tinyexr",
      "relationshipType": "DEPENDS_ON"
    }
  ]
}