{
  "spdxVersion": "SPDX-2.3",
  "dataLicense": "CC0-1.0",
  "SPDXID": "SPDXRef-DOCUMENT",
  "name": "PuzzleAndMonarch Dependency Manifest",
  "documentNamespace": "https://github.com/tek-nishi/PuzzleAndMonarch/spdx/d3210e8dcf805d27e4ba61f0a1bb180a3752cb39",
  "packages": [
    {
      "name": "PuzzleAndMonarch",
      "SPDXID": "SPDXRef-Package-tek-nishi-PuzzleAndMonarch",
      "versionInfo": "d3210e8dcf805d27e4ba61f0a1bb180a3752cb39",
      "downloadLocation": "git+https://github.com/tek-nishi/PuzzleAndMonarch.git@d3210e8dcf805d27e4ba61f0a1bb180a3752cb39",
      "filesAnalyzed": false
    },
    {
      "name": "Cinder",
      "SPDXID": "SPDXRef-Package-cinder-Cinder",
      "versionInfo": "48b16b726fb20a7389f2a56fa71db909f8856fa3",
      "downloadLocation": "git+https://github.com/cinder/Cinder.git@48b16b726fb20a7389f2a56fa71db909f8856fa3",
      "filesAnalyzed": false
    }
  ],
  "relationships": [
    {
      "spdxElementId": "SPDXRef-Package-tek-nishi-PuzzleAndMonarch",
      "relatedSpdxElement": "SPDXRef-Package-cinder-Cinder",
      "relationshipType": "DEPENDS_ON"
    }
  ]
}