{
  "spdxVersion": "SPDX-2.3",
  "dataLicense": "CC0-1.0",
  "SPDXID": "SPDXRef-DOCUMENT",
  "name": "TensorRay Dependency Manifest",
  "documentNamespace": "https://github.com/TensorRay/TensorRay/spdx/c45c48f49157a9b7a1435f54cc95dabd71b3c2b2",
  "packages": [
    {
      "name": "TensorRay",
      "SPDXID": "SPDXRef-Package-TensorRay-TensorRay",
      "versionInfo": "c45c48f49157a9b7a1435f54cc95dabd71b3c2b2",
      "downloadLocation": "git+https://github.com/TensorRay/TensorRay.git@c45c48f49157a9b7a1435f54cc95dabd71b3c2b2",
      "filesAnalyzed": false
    },
    {
      "name": "tinyexr",
      "SPDXID": "SPDXRef-Package-syoyo-tinyexr",
      "versionInfo": "3ffe5f9d5e673e6e8c378d59b306b2824993e705",
      "downloadLocation": "git+https://github.com/syoyo/tinyexr.git@3ffe5f9d5e673e6e8c378d59b306b2824993e705",
      "filesAnalyzed": false
    }
  ],
  "relationships": [
    {
      "spdxElementId": "SPDXRef-Package-TensorRay-TensorRay",
      "relatedSpdxElement": "SPDXRef-Package-syoyo-tinyexr",
      "relationshipType": "DEPENDS_ON"
    }
  ]
}