{
  "spdxVersion": "SPDX-2.3",
  "dataLicense": "CC0-1.0",
  "SPDXID": "SPDXRef-DOCUMENT",
  "name": "Diopter Dependency Manifest",
  "documentNamespace": "https://github.com/TheNumbat/Diopter/spdx/9f4b08e293804d73f80a8e6a05ed9bb3cf5ef306",
  "packages": [
    {
      "name": "Diopter",
      "SPDXID": "SPDXRef-Package-TheNumbat-Diopter",
      "versionInfo": "9f4b08e293804d73f80a8e6a05ed9bb3cf5ef306",
      "downloadLocation": "git+https://github.com/TheNumbat/Diopter.git@9f4b08e293804d73f80a8e6a05ed9bb3cf5ef306",
      "filesAnalyzed": false
    },
    {
      "name": "tinygltf",
      "SPDXID": "SPDXRef-Package-syoyo-tinygltf",
      "versionInfo": "bdc37385f198c787ba143e18f01b06164f8c7d15",
      "downloadLocation": "git+https://github.com/syoyo/tinygltf.git@bdc37385f198c787ba143e18f01b06164f8c7d15",
      "filesAnalyzed": false
    }
  ],
  "relationships": [
    {
      "spdxElementId": "SPDXRef-Package-TheNumbat-Diopter",
      "relatedSpdxElement": "SPDXRef-Package-syoyo-tinygltf",
      "relationshipType": "DEPENDS_ON"
    }
  ]
}