{
  "spdxVersion": "SPDX-2.3",
  "dataLicense": "CC0-1.0",
  "SPDXID": "SPDXRef-DOCUMENT",
  "name": "osp-magnum Dependency Manifest",
  "documentNamespace": "https://github.com/TheOpenSpaceProgram/osp-magnum/spdx/9939731f421e8c9c8ee90c55c62e2477f3fb19f6",
  "packages": [
    {
      "name": "osp-magnum",
      "SPDXID": "SPDXRef-Package-TheOpenSpaceProgram-osp-magnum",
      "versionInfo": "9939731f421e8c9c8ee90c55c62e2477f3fb19f6",
      "downloadLocation": "git+https://github.com/TheOpenSpaceProgram/osp-magnum.git@9939731f421e8c9c8ee90c55c62e2477f3fb19f6",
      "filesAnalyzed": false
    },
    {
      "name": "godot",
      "SPDXID": "SPDXRef-Package-godotengine-godot",
      "versionInfo": "5cba18ff3bbe5adc9b4a8d7e970084979014b5f4",
      "downloadLocation": "git+https://github.com/godotengine/godot.git@5cba18ff3bbe5adc9b4a8d7e970084979014b5f4",
      "filesAnalyzed": false
    }
  ],
  "relationships": [
    {
      "spdxElementId": "SPDXRef-Package-TheOpenSpaceProgram-osp-magnum",
      "relatedSpdxElement": "SPDXRef-Package-godotengine-godot",
      "relationshipType": "DEPENDS_ON"
    }
  ]
}