{
  "spdxVersion": "SPDX-2.3",
  "dataLicense": "CC0-1.0",
  "SPDXID": "SPDXRef-DOCUMENT",
  "name": "LowResRendering Dependency Manifest",
  "documentNamespace": "https://github.com/TheRealMJP/LowResRendering/spdx/2f5742f04ab869fef5783a7c6837c38aefe008c3",
  "packages": [
    {
      "name": "LowResRendering",
      "SPDXID": "SPDXRef-Package-TheRealMJP-LowResRendering",
      "versionInfo": "2f5742f04ab869fef5783a7c6837c38aefe008c3",
      "downloadLocation": "git+https://github.com/TheRealMJP/LowResRendering.git@2f5742f04ab869fef5783a7c6837c38aefe008c3",
      "filesAnalyzed": false
    },
    {
      "name": "tinyexr",
      "SPDXID": "SPDXRef-Package-syoyo-tinyexr",
      "versionInfo": "3ffe5f9d5e673e6e8c378d59b306b2824993e705",
      "downloadLocation": "git+https://github.com/syoyo/tinyexr.git@3ffe5f9d5e673e6e8c378d59b306b2824993e705",
      "filesAnalyzed": false
    }
  ],
  "relationships": [
    {
      "spdxElementId": "SPDXRef-Package-TheRealMJP-LowResRendering",
      "relatedSpdxElement": "SPDXRef-Package-syoyo-tinyexr",
      "relationshipType": "DEPENDS_ON"
    }
  ]
}