{
  "spdxVersion": "SPDX-2.3",
  "dataLicense": "CC0-1.0",
  "SPDXID": "SPDXRef-DOCUMENT",
  "name": "BakingLab Dependency Manifest",
  "documentNamespace": "https://github.com/TheRealMJP/BakingLab/spdx/c3868af50d72afc13cdfe513a1e0c6a4fafdac8c",
  "packages": [
    {
      "name": "BakingLab",
      "SPDXID": "SPDXRef-Package-TheRealMJP-BakingLab",
      "versionInfo": "c3868af50d72afc13cdfe513a1e0c6a4fafdac8c",
      "downloadLocation": "git+https://github.com/TheRealMJP/BakingLab.git@c3868af50d72afc13cdfe513a1e0c6a4fafdac8c",
      "filesAnalyzed": false
    },
    {
      "name": "tinyexr",
      "SPDXID": "SPDXRef-Package-syoyo-tinyexr",
      "versionInfo": "3ffe5f9d5e673e6e8c378d59b306b2824993e705",
      "downloadLocation": "git+https://github.com/syoyo/tinyexr.git@3ffe5f9d5e673e6e8c378d59b306b2824993e705",
      "filesAnalyzed": false
    }
  ],
  "relationships": [
    {
      "spdxElementId": "SPDXRef-Package-TheRealMJP-BakingLab",
      "relatedSpdxElement": "SPDXRef-Package-syoyo-tinyexr",
      "relationshipType": "DEPENDS_ON"
    }
  ]
}