{
  "spdxVersion": "SPDX-2.3",
  "dataLicense": "CC0-1.0",
  "SPDXID": "SPDXRef-DOCUMENT",
  "name": "MSAAFilter Dependency Manifest",
  "documentNamespace": "https://github.com/TheRealMJP/MSAAFilter/spdx/cfc1c19411e24dc07f74272c17f423330ac96941",
  "packages": [
    {
      "name": "MSAAFilter",
      "SPDXID": "SPDXRef-Package-TheRealMJP-MSAAFilter",
      "versionInfo": "cfc1c19411e24dc07f74272c17f423330ac96941",
      "downloadLocation": "git+https://github.com/TheRealMJP/MSAAFilter.git@cfc1c19411e24dc07f74272c17f423330ac96941",
      "filesAnalyzed": false
    },
    {
      "name": "tinyexr",
      "SPDXID": "SPDXRef-Package-syoyo-tinyexr",
      "versionInfo": "3ffe5f9d5e673e6e8c378d59b306b2824993e705",
      "downloadLocation": "git+https://github.com/syoyo/tinyexr.git@3ffe5f9d5e673e6e8c378d59b306b2824993e705",
      "filesAnalyzed": false
    }
  ],
  "relationships": [
    {
      "spdxElementId": "SPDXRef-Package-TheRealMJP-MSAAFilter",
      "relatedSpdxElement": "SPDXRef-Package-syoyo-tinyexr",
      "relationshipType": "DEPENDS_ON"
    }
  ]
}