{
  "spdxVersion": "SPDX-2.3",
  "dataLicense": "CC0-1.0",
  "SPDXID": "SPDXRef-DOCUMENT",
  "name": "MemPoolTest Dependency Manifest",
  "documentNamespace": "https://github.com/TheRealMJP/MemPoolTest/spdx/8d7a5b9af5e6f1fe4ff3a35ba51aeb7924183ae2",
  "packages": [
    {
      "name": "MemPoolTest",
      "SPDXID": "SPDXRef-Package-TheRealMJP-MemPoolTest",
      "versionInfo": "8d7a5b9af5e6f1fe4ff3a35ba51aeb7924183ae2",
      "downloadLocation": "git+https://github.com/TheRealMJP/MemPoolTest.git@8d7a5b9af5e6f1fe4ff3a35ba51aeb7924183ae2",
      "filesAnalyzed": false
    },
    {
      "name": "tinyexr",
      "SPDXID": "SPDXRef-Package-syoyo-tinyexr",
      "versionInfo": "3ffe5f9d5e673e6e8c378d59b306b2824993e705",
      "downloadLocation": "git+https://github.com/syoyo/tinyexr.git@3ffe5f9d5e673e6e8c378d59b306b2824993e705",
      "filesAnalyzed": false
    }
  ],
  "relationships": [
    {
      "spdxElementId": "SPDXRef-Package-TheRealMJP-MemPoolTest",
      "relatedSpdxElement": "SPDXRef-Package-syoyo-tinyexr",
      "relationshipType": "DEPENDS_ON"
    }
  ]
}