{
  "spdxVersion": "SPDX-2.3",
  "dataLicense": "CC0-1.0",
  "SPDXID": "SPDXRef-DOCUMENT",
  "name": "DXRPathTracer Dependency Manifest",
  "documentNamespace": "https://github.com/TheRealMJP/DXRPathTracer/spdx/0af23bd4c6b6bdc6858aca30775aed88c2426af7",
  "packages": [
    {
      "name": "DXRPathTracer",
      "SPDXID": "SPDXRef-Package-TheRealMJP-DXRPathTracer",
      "versionInfo": "0af23bd4c6b6bdc6858aca30775aed88c2426af7",
      "downloadLocation": "git+https://github.com/TheRealMJP/DXRPathTracer.git@0af23bd4c6b6bdc6858aca30775aed88c2426af7",
      "filesAnalyzed": false
    },
    {
      "name": "tinyexr",
      "SPDXID": "SPDXRef-Package-syoyo-tinyexr",
      "versionInfo": "3ffe5f9d5e673e6e8c378d59b306b2824993e705",
      "downloadLocation": "git+https://github.com/syoyo/tinyexr.git@3ffe5f9d5e673e6e8c378d59b306b2824993e705",
      "filesAnalyzed": false
    }
  ],
  "relationships": [
    {
      "spdxElementId": "SPDXRef-Package-TheRealMJP-DXRPathTracer",
      "relatedSpdxElement": "SPDXRef-Package-syoyo-tinyexr",
      "relationshipType": "DEPENDS_ON"
    }
  ]
}