{
  "spdxVersion": "SPDX-2.3",
  "dataLicense": "CC0-1.0",
  "SPDXID": "SPDXRef-DOCUMENT",
  "name": "DeferredTexturing Dependency Manifest",
  "documentNamespace": "https://github.com/TheRealMJP/DeferredTexturing/spdx/20788a8f0f8a1406c01bbdb7ce18ef36bb5bf3b9",
  "packages": [
    {
      "name": "DeferredTexturing",
      "SPDXID": "SPDXRef-Package-TheRealMJP-DeferredTexturing",
      "versionInfo": "20788a8f0f8a1406c01bbdb7ce18ef36bb5bf3b9",
      "downloadLocation": "git+https://github.com/TheRealMJP/DeferredTexturing.git@20788a8f0f8a1406c01bbdb7ce18ef36bb5bf3b9",
      "filesAnalyzed": false
    },
    {
      "name": "tinyexr",
      "SPDXID": "SPDXRef-Package-syoyo-tinyexr",
      "versionInfo": "3ffe5f9d5e673e6e8c378d59b306b2824993e705",
      "downloadLocation": "git+https://github.com/syoyo/tinyexr.git@3ffe5f9d5e673e6e8c378d59b306b2824993e705",
      "filesAnalyzed": false
    }
  ],
  "relationships": [
    {
      "spdxElementId": "SPDXRef-Package-TheRealMJP-DeferredTexturing",
      "relatedSpdxElement": "SPDXRef-Package-syoyo-tinyexr",
      "relationshipType": "DEPENDS_ON"
    }
  ]
}