{
  "spdxVersion": "SPDX-2.3",
  "dataLicense": "CC0-1.0",
  "SPDXID": "SPDXRef-DOCUMENT",
  "name": "SHforHLSL Dependency Manifest",
  "documentNamespace": "https://github.com/TheRealMJP/SHforHLSL/spdx/e426058959123063e13d61a62df6217259b72cec",
  "packages": [
    {
      "name": "SHforHLSL",
      "SPDXID": "SPDXRef-Package-TheRealMJP-SHforHLSL",
      "versionInfo": "e426058959123063e13d61a62df6217259b72cec",
      "downloadLocation": "git+https://github.com/TheRealMJP/SHforHLSL.git@e426058959123063e13d61a62df6217259b72cec",
      "filesAnalyzed": false
    },
    {
      "name": "tinyexr",
      "SPDXID": "SPDXRef-Package-syoyo-tinyexr",
      "versionInfo": "3ffe5f9d5e673e6e8c378d59b306b2824993e705",
      "downloadLocation": "git+https://github.com/syoyo/tinyexr.git@3ffe5f9d5e673e6e8c378d59b306b2824993e705",
      "filesAnalyzed": false
    }
  ],
  "relationships": [
    {
      "spdxElementId": "SPDXRef-Package-TheRealMJP-SHforHLSL",
      "relatedSpdxElement": "SPDXRef-Package-syoyo-tinyexr",
      "relationshipType": "DEPENDS_ON"
    }
  ]
}