{
  "spdxVersion": "SPDX-2.3",
  "dataLicense": "CC0-1.0",
  "SPDXID": "SPDXRef-DOCUMENT",
  "name": "Nexus Dependency Manifest",
  "documentNamespace": "https://github.com/TheSpectreZ/Nexus/spdx/20c3f82e3e92ec7e0ba1263d06d8e47dd2eba7fd",
  "packages": [
    {
      "name": "Nexus",
      "SPDXID": "SPDXRef-Package-TheSpectreZ-Nexus",
      "versionInfo": "20c3f82e3e92ec7e0ba1263d06d8e47dd2eba7fd",
      "downloadLocation": "git+https://github.com/TheSpectreZ/Nexus.git@20c3f82e3e92ec7e0ba1263d06d8e47dd2eba7fd",
      "filesAnalyzed": false
    },
    {
      "name": "tinygltf",
      "SPDXID": "SPDXRef-Package-syoyo-tinygltf",
      "versionInfo": "bdc37385f198c787ba143e18f01b06164f8c7d15",
      "downloadLocation": "git+https://github.com/syoyo/tinygltf.git@bdc37385f198c787ba143e18f01b06164f8c7d15",
      "filesAnalyzed": false
    }
  ],
  "relationships": [
    {
      "spdxElementId": "SPDXRef-Package-TheSpectreZ-Nexus",
      "relatedSpdxElement": "SPDXRef-Package-syoyo-tinygltf",
      "relationshipType": "DEPENDS_ON"
    }
  ]
}