{
  "spdxVersion": "SPDX-2.3",
  "dataLicense": "CC0-1.0",
  "SPDXID": "SPDXRef-DOCUMENT",
  "name": "thunder Dependency Manifest",
  "documentNamespace": "https://github.com/thunder-engine/thunder/spdx/76fb7288baf4bcb25fc9b6f8d52947305a99f564",
  "packages": [
    {
      "name": "thunder",
      "SPDXID": "SPDXRef-Package-thunder-engine-thunder",
      "versionInfo": "76fb7288baf4bcb25fc9b6f8d52947305a99f564",
      "downloadLocation": "git+https://github.com/thunder-engine/thunder.git@76fb7288baf4bcb25fc9b6f8d52947305a99f564",
      "filesAnalyzed": false
    },
    {
      "name": "tinyexr",
      "SPDXID": "SPDXRef-Package-syoyo-tinyexr",
      "versionInfo": "3ffe5f9d5e673e6e8c378d59b306b2824993e705",
      "downloadLocation": "git+https://github.com/syoyo/tinyexr.git@3ffe5f9d5e673e6e8c378d59b306b2824993e705",
      "filesAnalyzed": false
    }
  ],
  "relationships": [
    {
      "spdxElementId": "SPDXRef-Package-thunder-engine-thunder",
      "relatedSpdxElement": "SPDXRef-Package-syoyo-tinyexr",
      "relationshipType": "DEPENDS_ON"
    }
  ]
}