{
  "spdxVersion": "SPDX-2.3",
  "dataLicense": "CC0-1.0",
  "SPDXID": "SPDXRef-DOCUMENT",
  "name": "GeometricTools Dependency Manifest",
  "documentNamespace": "https://github.com/timprepscius/GeometricTools/spdx/1623f4962bfaf3d5e4e42622b74664ce1b79ecf3",
  "packages": [
    {
      "name": "GeometricTools",
      "SPDXID": "SPDXRef-Package-timprepscius-GeometricTools",
      "versionInfo": "1623f4962bfaf3d5e4e42622b74664ce1b79ecf3",
      "downloadLocation": "git+https://github.com/timprepscius/GeometricTools.git@1623f4962bfaf3d5e4e42622b74664ce1b79ecf3",
      "filesAnalyzed": false
    },
    {
      "name": "Raytracer",
      "SPDXID": "SPDXRef-Package-Witek902-Raytracer",
      "versionInfo": "3e38a82a5ea28e64793e98efc5b8e2643ceb8e9d",
      "downloadLocation": "git+https://github.com/Witek902/Raytracer.git@3e38a82a5ea28e64793e98efc5b8e2643ceb8e9d",
      "filesAnalyzed": false
    }
  ],
  "relationships": [
    {
      "spdxElementId": "SPDXRef-Package-timprepscius-GeometricTools",
      "relatedSpdxElement": "SPDXRef-Package-Witek902-Raytracer",
      "relationshipType": "DEPENDS_ON"
    }
  ]
}