{
  "spdxVersion": "SPDX-2.3",
  "dataLicense": "CC0-1.0",
  "SPDXID": "SPDXRef-DOCUMENT",
  "name": "tonemapper Dependency Manifest",
  "documentNamespace": "https://github.com/tizian/tonemapper/spdx/dd9f7c8650a5f86f6c62e9cae63b877ecf5e2e64",
  "packages": [
    {
      "name": "tonemapper",
      "SPDXID": "SPDXRef-Package-tizian-tonemapper",
      "versionInfo": "dd9f7c8650a5f86f6c62e9cae63b877ecf5e2e64",
      "downloadLocation": "git+https://github.com/tizian/tonemapper.git@dd9f7c8650a5f86f6c62e9cae63b877ecf5e2e64",
      "filesAnalyzed": false
    },
    {
      "name": "tinyexr",
      "SPDXID": "SPDXRef-Package-syoyo-tinyexr",
      "versionInfo": "3ffe5f9d5e673e6e8c378d59b306b2824993e705",
      "downloadLocation": "git+https://github.com/syoyo/tinyexr.git@3ffe5f9d5e673e6e8c378d59b306b2824993e705",
      "filesAnalyzed": false
    }
  ],
  "relationships": [
    {
      "spdxElementId": "SPDXRef-Package-tizian-tonemapper",
      "relatedSpdxElement": "SPDXRef-Package-syoyo-tinyexr",
      "relationshipType": "DEPENDS_ON"
    }
  ]
}