{
  "spdxVersion": "SPDX-2.3",
  "dataLicense": "CC0-1.0",
  "SPDXID": "SPDXRef-DOCUMENT",
  "name": "pepr3d Dependency Manifest",
  "documentNamespace": "https://github.com/tomasiser/pepr3d/spdx/5eaacd573c553e0e8eb79212842894bf32b5c666",
  "packages": [
    {
      "name": "pepr3d",
      "SPDXID": "SPDXRef-Package-tomasiser-pepr3d",
      "versionInfo": "5eaacd573c553e0e8eb79212842894bf32b5c666",
      "downloadLocation": "git+https://github.com/tomasiser/pepr3d.git@5eaacd573c553e0e8eb79212842894bf32b5c666",
      "filesAnalyzed": false
    },
    {
      "name": "Cinder",
      "SPDXID": "SPDXRef-Package-cinder-Cinder",
      "versionInfo": "48b16b726fb20a7389f2a56fa71db909f8856fa3",
      "downloadLocation": "git+https://github.com/cinder/Cinder.git@48b16b726fb20a7389f2a56fa71db909f8856fa3",
      "filesAnalyzed": false
    }
  ],
  "relationships": [
    {
      "spdxElementId": "SPDXRef-Package-tomasiser-pepr3d",
      "relatedSpdxElement": "SPDXRef-Package-cinder-Cinder",
      "relationshipType": "DEPENDS_ON"
    }
  ]
}