{
  "spdxVersion": "SPDX-2.3",
  "dataLicense": "CC0-1.0",
  "SPDXID": "SPDXRef-DOCUMENT",
  "name": "Restir_CPP Dependency Manifest",
  "documentNamespace": "https://github.com/Trylz/Restir_CPP/spdx/c448fba9ecf8bd5f1657cca0601868a193b9a808",
  "packages": [
    {
      "name": "Restir_CPP",
      "SPDXID": "SPDXRef-Package-Trylz-Restir_CPP",
      "versionInfo": "c448fba9ecf8bd5f1657cca0601868a193b9a808",
      "downloadLocation": "git+https://github.com/Trylz/Restir_CPP.git@c448fba9ecf8bd5f1657cca0601868a193b9a808",
      "filesAnalyzed": false
    },
    {
      "name": "tinygltf",
      "SPDXID": "SPDXRef-Package-syoyo-tinygltf",
      "versionInfo": "bdc37385f198c787ba143e18f01b06164f8c7d15",
      "downloadLocation": "git+https://github.com/syoyo/tinygltf.git@bdc37385f198c787ba143e18f01b06164f8c7d15",
      "filesAnalyzed": false
    }
  ],
  "relationships": [
    {
      "spdxElementId": "SPDXRef-Package-Trylz-Restir_CPP",
      "relatedSpdxElement": "SPDXRef-Package-syoyo-tinygltf",
      "relationshipType": "DEPENDS_ON"
    }
  ]
}