{
  "spdxVersion": "SPDX-2.3",
  "dataLicense": "CC0-1.0",
  "SPDXID": "SPDXRef-DOCUMENT",
  "name": "rayrender Dependency Manifest",
  "documentNamespace": "https://github.com/tylermorganwall/rayrender/spdx/f49895996f80d46f07080cf82de4e7c3fd16ae67",
  "packages": [
    {
      "name": "rayrender",
      "SPDXID": "SPDXRef-Package-tylermorganwall-rayrender",
      "versionInfo": "f49895996f80d46f07080cf82de4e7c3fd16ae67",
      "downloadLocation": "git+https://github.com/tylermorganwall/rayrender.git@f49895996f80d46f07080cf82de4e7c3fd16ae67",
      "filesAnalyzed": false
    },
    {
      "name": "tinyexr",
      "SPDXID": "SPDXRef-Package-syoyo-tinyexr",
      "versionInfo": "3ffe5f9d5e673e6e8c378d59b306b2824993e705",
      "downloadLocation": "git+https://github.com/syoyo/tinyexr.git@3ffe5f9d5e673e6e8c378d59b306b2824993e705",
      "filesAnalyzed": false
    }
  ],
  "relationships": [
    {
      "spdxElementId": "SPDXRef-Package-tylermorganwall-rayrender",
      "relatedSpdxElement": "SPDXRef-Package-syoyo-tinyexr",
      "relationshipType": "DEPENDS_ON"
    }
  ]
}