{
  "spdxVersion": "SPDX-2.3",
  "dataLicense": "CC0-1.0",
  "SPDXID": "SPDXRef-DOCUMENT",
  "name": "TezcatEngine-Tiny Dependency Manifest",
  "documentNamespace": "https://github.com/tzkt623/TezcatEngine-Tiny/spdx/e1b63bb7662fcae65228aa55b52c89380aa8865f",
  "packages": [
    {
      "name": "TezcatEngine-Tiny",
      "SPDXID": "SPDXRef-Package-tzkt623-TezcatEngine-Tiny",
      "versionInfo": "e1b63bb7662fcae65228aa55b52c89380aa8865f",
      "downloadLocation": "git+https://github.com/tzkt623/TezcatEngine-Tiny.git@e1b63bb7662fcae65228aa55b52c89380aa8865f",
      "filesAnalyzed": false
    },
    {
      "name": "tinyexr",
      "SPDXID": "SPDXRef-Package-syoyo-tinyexr",
      "versionInfo": "3ffe5f9d5e673e6e8c378d59b306b2824993e705",
      "downloadLocation": "git+https://github.com/syoyo/tinyexr.git@3ffe5f9d5e673e6e8c378d59b306b2824993e705",
      "filesAnalyzed": false
    }
  ],
  "relationships": [
    {
      "spdxElementId": "SPDXRef-Package-tzkt623-TezcatEngine-Tiny",
      "relatedSpdxElement": "SPDXRef-Package-syoyo-tinyexr",
      "relationshipType": "DEPENDS_ON"
    }
  ]
}