{
  "spdxVersion": "SPDX-2.3",
  "dataLicense": "CC0-1.0",
  "SPDXID": "SPDXRef-DOCUMENT",
  "name": "immersive-ngp Dependency Manifest",
  "documentNamespace": "https://github.com/uhhhci/immersive-ngp/spdx/174ac5efe6e6d13fce1d0c15680053514197eab7",
  "packages": [
    {
      "name": "immersive-ngp",
      "SPDXID": "SPDXRef-Package-uhhhci-immersive-ngp",
      "versionInfo": "174ac5efe6e6d13fce1d0c15680053514197eab7",
      "downloadLocation": "git+https://github.com/uhhhci/immersive-ngp.git@174ac5efe6e6d13fce1d0c15680053514197eab7",
      "filesAnalyzed": false
    },
    {
      "name": "tinyexr",
      "SPDXID": "SPDXRef-Package-syoyo-tinyexr",
      "versionInfo": "3ffe5f9d5e673e6e8c378d59b306b2824993e705",
      "downloadLocation": "git+https://github.com/syoyo/tinyexr.git@3ffe5f9d5e673e6e8c378d59b306b2824993e705",
      "filesAnalyzed": false
    }
  ],
  "relationships": [
    {
      "spdxElementId": "SPDXRef-Package-uhhhci-immersive-ngp",
      "relatedSpdxElement": "SPDXRef-Package-syoyo-tinyexr",
      "relationshipType": "DEPENDS_ON"
    }
  ]
}