{
  "spdxVersion": "SPDX-2.3",
  "dataLicense": "CC0-1.0",
  "SPDXID": "SPDXRef-DOCUMENT",
  "name": "vilib Dependency Manifest",
  "documentNamespace": "https://github.com/uzh-rpg/vilib/spdx/7a12fe1db78ca755876469979394076f10fe577c",
  "packages": [
    {
      "name": "vilib",
      "SPDXID": "SPDXRef-Package-uzh-rpg-vilib",
      "versionInfo": "7a12fe1db78ca755876469979394076f10fe577c",
      "downloadLocation": "git+https://github.com/uzh-rpg/vilib.git@7a12fe1db78ca755876469979394076f10fe577c",
      "filesAnalyzed": false
    },
    {
      "name": "tinyexr",
      "SPDXID": "SPDXRef-Package-syoyo-tinyexr",
      "versionInfo": "3ffe5f9d5e673e6e8c378d59b306b2824993e705",
      "downloadLocation": "git+https://github.com/syoyo/tinyexr.git@3ffe5f9d5e673e6e8c378d59b306b2824993e705",
      "filesAnalyzed": false
    }
  ],
  "relationships": [
    {
      "spdxElementId": "SPDXRef-Package-uzh-rpg-vilib",
      "relatedSpdxElement": "SPDXRef-Package-syoyo-tinyexr",
      "relationshipType": "DEPENDS_ON"
    }
  ]
}