{
  "spdxVersion": "SPDX-2.3",
  "dataLicense": "CC0-1.0",
  "SPDXID": "SPDXRef-DOCUMENT",
  "name": "tauray Dependency Manifest",
  "documentNamespace": "https://github.com/vga-group/tauray/spdx/0f3e095c04e083dd4c950d13f0263e7dfb139afb",
  "packages": [
    {
      "name": "tauray",
      "SPDXID": "SPDXRef-Package-vga-group-tauray",
      "versionInfo": "0f3e095c04e083dd4c950d13f0263e7dfb139afb",
      "downloadLocation": "git+https://github.com/vga-group/tauray.git@0f3e095c04e083dd4c950d13f0263e7dfb139afb",
      "filesAnalyzed": false
    },
    {
      "name": "tinyexr",
      "SPDXID": "SPDXRef-Package-syoyo-tinyexr",
      "versionInfo": "3ffe5f9d5e673e6e8c378d59b306b2824993e705",
      "downloadLocation": "git+https://github.com/syoyo/tinyexr.git@3ffe5f9d5e673e6e8c378d59b306b2824993e705",
      "filesAnalyzed": false
    }
  ],
  "relationships": [
    {
      "spdxElementId": "SPDXRef-Package-vga-group-tauray",
      "relatedSpdxElement": "SPDXRef-Package-syoyo-tinyexr",
      "relationshipType": "DEPENDS_ON"
    }
  ]
}