{
  "spdxVersion": "SPDX-2.3",
  "dataLicense": "CC0-1.0",
  "SPDXID": "SPDXRef-DOCUMENT",
  "name": "perf-doctor Dependency Manifest",
  "documentNamespace": "https://github.com/vinjn/perf-doctor/spdx/cd45492d67f7cfa115bd479d4a7b21261a53a108",
  "packages": [
    {
      "name": "perf-doctor",
      "SPDXID": "SPDXRef-Package-vinjn-perf-doctor",
      "versionInfo": "cd45492d67f7cfa115bd479d4a7b21261a53a108",
      "downloadLocation": "git+https://github.com/vinjn/perf-doctor.git@cd45492d67f7cfa115bd479d4a7b21261a53a108",
      "filesAnalyzed": false
    },
    {
      "name": "Cinder",
      "SPDXID": "SPDXRef-Package-cinder-Cinder",
      "versionInfo": "48b16b726fb20a7389f2a56fa71db909f8856fa3",
      "downloadLocation": "git+https://github.com/cinder/Cinder.git@48b16b726fb20a7389f2a56fa71db909f8856fa3",
      "filesAnalyzed": false
    }
  ],
  "relationships": [
    {
      "spdxElementId": "SPDXRef-Package-vinjn-perf-doctor",
      "relatedSpdxElement": "SPDXRef-Package-cinder-Cinder",
      "relationshipType": "DEPENDS_ON"
    }
  ]
}