{
  "spdxVersion": "SPDX-2.3",
  "dataLicense": "CC0-1.0",
  "SPDXID": "SPDXRef-DOCUMENT",
  "name": "shellspace Dependency Manifest",
  "documentNamespace": "https://github.com/wadetb/shellspace/spdx/f487cdaada758ed7959fb58e3d3e5c995beca165",
  "packages": [
    {
      "name": "shellspace",
      "SPDXID": "SPDXRef-Package-wadetb-shellspace",
      "versionInfo": "f487cdaada758ed7959fb58e3d3e5c995beca165",
      "downloadLocation": "git+https://github.com/wadetb/shellspace.git@f487cdaada758ed7959fb58e3d3e5c995beca165",
      "filesAnalyzed": false
    },
    {
      "name": "Raytracer",
      "SPDXID": "SPDXRef-Package-Witek902-Raytracer",
      "versionInfo": "3e38a82a5ea28e64793e98efc5b8e2643ceb8e9d",
      "downloadLocation": "git+https://github.com/Witek902/Raytracer.git@3e38a82a5ea28e64793e98efc5b8e2643ceb8e9d",
      "filesAnalyzed": false
    }
  ],
  "relationships": [
    {
      "spdxElementId": "SPDXRef-Package-wadetb-shellspace",
      "relatedSpdxElement": "SPDXRef-Package-Witek902-Raytracer",
      "relationshipType": "DEPENDS_ON"
    }
  ]
}