{
  "spdxVersion": "SPDX-2.3",
  "dataLicense": "CC0-1.0",
  "SPDXID": "SPDXRef-DOCUMENT",
  "name": "nbvh Dependency Manifest",
  "documentNamespace": "https://github.com/WeiPhil/nbvh/spdx/d3feecc53d8ad263aceb569b39db4360b0f6f2dd",
  "packages": [
    {
      "name": "nbvh",
      "SPDXID": "SPDXRef-Package-WeiPhil-nbvh",
      "versionInfo": "d3feecc53d8ad263aceb569b39db4360b0f6f2dd",
      "downloadLocation": "git+https://github.com/WeiPhil/nbvh.git@d3feecc53d8ad263aceb569b39db4360b0f6f2dd",
      "filesAnalyzed": false
    },
    {
      "name": "tinyexr",
      "SPDXID": "SPDXRef-Package-syoyo-tinyexr",
      "versionInfo": "3ffe5f9d5e673e6e8c378d59b306b2824993e705",
      "downloadLocation": "git+https://github.com/syoyo/tinyexr.git@3ffe5f9d5e673e6e8c378d59b306b2824993e705",
      "filesAnalyzed": false
    }
  ],
  "relationships": [
    {
      "spdxElementId": "SPDXRef-Package-WeiPhil-nbvh",
      "relatedSpdxElement": "SPDXRef-Package-syoyo-tinyexr",
      "relationshipType": "DEPENDS_ON"
    }
  ]
}