{
  "spdxVersion": "SPDX-2.3",
  "dataLicense": "CC0-1.0",
  "SPDXID": "SPDXRef-DOCUMENT",
  "name": "GAMES202homework Dependency Manifest",
  "documentNamespace": "https://github.com/weiyu666/GAMES202homework/spdx/2bdb7c2fa6b8a98aeaa4154788e76543b260068a",
  "packages": [
    {
      "name": "GAMES202homework",
      "SPDXID": "SPDXRef-Package-weiyu666-GAMES202homework",
      "versionInfo": "2bdb7c2fa6b8a98aeaa4154788e76543b260068a",
      "downloadLocation": "git+https://github.com/weiyu666/GAMES202homework.git@2bdb7c2fa6b8a98aeaa4154788e76543b260068a",
      "filesAnalyzed": false
    },
    {
      "name": "tinyexr",
      "SPDXID": "SPDXRef-Package-syoyo-tinyexr",
      "versionInfo": "3ffe5f9d5e673e6e8c378d59b306b2824993e705",
      "downloadLocation": "git+https://github.com/syoyo/tinyexr.git@3ffe5f9d5e673e6e8c378d59b306b2824993e705",
      "filesAnalyzed": false
    }
  ],
  "relationships": [
    {
      "spdxElementId": "SPDXRef-Package-weiyu666-GAMES202homework",
      "relatedSpdxElement": "SPDXRef-Package-syoyo-tinyexr",
      "relationshipType": "DEPENDS_ON"
    }
  ]
}