{
  "spdxVersion": "SPDX-2.3",
  "dataLicense": "CC0-1.0",
  "SPDXID": "SPDXRef-DOCUMENT",
  "name": "VSC Dependency Manifest",
  "documentNamespace": "https://github.com/WW92030-STORAGE/VSC/spdx/70b538a1646ec597779dbed2e4511b90e561c2c1",
  "packages": [
    {
      "name": "VSC",
      "SPDXID": "SPDXRef-Package-WW92030-STORAGE-VSC",
      "versionInfo": "70b538a1646ec597779dbed2e4511b90e561c2c1",
      "downloadLocation": "git+https://github.com/WW92030-STORAGE/VSC.git@70b538a1646ec597779dbed2e4511b90e561c2c1",
      "filesAnalyzed": false
    },
    {
      "name": "Raytracer",
      "SPDXID": "SPDXRef-Package-Witek902-Raytracer",
      "versionInfo": "3e38a82a5ea28e64793e98efc5b8e2643ceb8e9d",
      "downloadLocation": "git+https://github.com/Witek902/Raytracer.git@3e38a82a5ea28e64793e98efc5b8e2643ceb8e9d",
      "filesAnalyzed": false
    }
  ],
  "relationships": [
    {
      "spdxElementId": "SPDXRef-Package-WW92030-STORAGE-VSC",
      "relatedSpdxElement": "SPDXRef-Package-Witek902-Raytracer",
      "relationshipType": "DEPENDS_ON"
    }
  ]
}