{
  "spdxVersion": "SPDX-2.3",
  "dataLicense": "CC0-1.0",
  "SPDXID": "SPDXRef-DOCUMENT",
  "name": "osgverse Dependency Manifest",
  "documentNamespace": "https://github.com/xarray/osgverse/spdx/856075e94911041e639f773991429d6114250086",
  "packages": [
    {
      "name": "osgverse",
      "SPDXID": "SPDXRef-Package-xarray-osgverse",
      "versionInfo": "856075e94911041e639f773991429d6114250086",
      "downloadLocation": "git+https://github.com/xarray/osgverse.git@856075e94911041e639f773991429d6114250086",
      "filesAnalyzed": false
    },
    {
      "name": "tinyexr",
      "SPDXID": "SPDXRef-Package-syoyo-tinyexr",
      "versionInfo": "3ffe5f9d5e673e6e8c378d59b306b2824993e705",
      "downloadLocation": "git+https://github.com/syoyo/tinyexr.git@3ffe5f9d5e673e6e8c378d59b306b2824993e705",
      "filesAnalyzed": false
    }
  ],
  "relationships": [
    {
      "spdxElementId": "SPDXRef-Package-xarray-osgverse",
      "relatedSpdxElement": "SPDXRef-Package-syoyo-tinyexr",
      "relationshipType": "DEPENDS_ON"
    }
  ]
}