{
  "spdxVersion": "SPDX-2.3",
  "dataLicense": "CC0-1.0",
  "SPDXID": "SPDXRef-DOCUMENT",
  "name": "yocto-gl Dependency Manifest",
  "documentNamespace": "https://github.com/xelatihy/yocto-gl/spdx/7e35c631b5ee29f1a7ee1010c5dcf0879aa3dcf3",
  "packages": [
    {
      "name": "yocto-gl",
      "SPDXID": "SPDXRef-Package-xelatihy-yocto-gl",
      "versionInfo": "7e35c631b5ee29f1a7ee1010c5dcf0879aa3dcf3",
      "downloadLocation": "git+https://github.com/xelatihy/yocto-gl.git@7e35c631b5ee29f1a7ee1010c5dcf0879aa3dcf3",
      "filesAnalyzed": false
    },
    {
      "name": "tinyexr",
      "SPDXID": "SPDXRef-Package-syoyo-tinyexr",
      "versionInfo": "3ffe5f9d5e673e6e8c378d59b306b2824993e705",
      "downloadLocation": "git+https://github.com/syoyo/tinyexr.git@3ffe5f9d5e673e6e8c378d59b306b2824993e705",
      "filesAnalyzed": false
    }
  ],
  "relationships": [
    {
      "spdxElementId": "SPDXRef-Package-xelatihy-yocto-gl",
      "relatedSpdxElement": "SPDXRef-Package-syoyo-tinyexr",
      "relationshipType": "DEPENDS_ON"
    }
  ]
}