{
  "spdxVersion": "SPDX-2.3",
  "dataLicense": "CC0-1.0",
  "SPDXID": "SPDXRef-DOCUMENT",
  "name": "renderdoc_for_game_data Dependency Manifest",
  "documentNamespace": "https://github.com/xiaofeng94/renderdoc_for_game_data/spdx/41cf55d3491e53a775e0447ae664c22dc93baba6",
  "packages": [
    {
      "name": "renderdoc_for_game_data",
      "SPDXID": "SPDXRef-Package-xiaofeng94-renderdoc_for_game_data",
      "versionInfo": "41cf55d3491e53a775e0447ae664c22dc93baba6",
      "downloadLocation": "git+https://github.com/xiaofeng94/renderdoc_for_game_data.git@41cf55d3491e53a775e0447ae664c22dc93baba6",
      "filesAnalyzed": false
    },
    {
      "name": "tinyexr",
      "SPDXID": "SPDXRef-Package-syoyo-tinyexr",
      "versionInfo": "3ffe5f9d5e673e6e8c378d59b306b2824993e705",
      "downloadLocation": "git+https://github.com/syoyo/tinyexr.git@3ffe5f9d5e673e6e8c378d59b306b2824993e705",
      "filesAnalyzed": false
    }
  ],
  "relationships": [
    {
      "spdxElementId": "SPDXRef-Package-xiaofeng94-renderdoc_for_game_data",
      "relatedSpdxElement": "SPDXRef-Package-syoyo-tinyexr",
      "relationshipType": "DEPENDS_ON"
    }
  ]
}