{
  "spdxVersion": "SPDX-2.3",
  "dataLicense": "CC0-1.0",
  "SPDXID": "SPDXRef-DOCUMENT",
  "name": "GTA_Dataminer Dependency Manifest",
  "documentNamespace": "https://github.com/yifenghuang/GTA_Dataminer/spdx/30fd6914b49652748c711e9f919578fae7cff8cc",
  "packages": [
    {
      "name": "GTA_Dataminer",
      "SPDXID": "SPDXRef-Package-yifenghuang-GTA_Dataminer",
      "versionInfo": "30fd6914b49652748c711e9f919578fae7cff8cc",
      "downloadLocation": "git+https://github.com/yifenghuang/GTA_Dataminer.git@30fd6914b49652748c711e9f919578fae7cff8cc",
      "filesAnalyzed": false
    },
    {
      "name": "tinyexr",
      "SPDXID": "SPDXRef-Package-syoyo-tinyexr",
      "versionInfo": "3ffe5f9d5e673e6e8c378d59b306b2824993e705",
      "downloadLocation": "git+https://github.com/syoyo/tinyexr.git@3ffe5f9d5e673e6e8c378d59b306b2824993e705",
      "filesAnalyzed": false
    }
  ],
  "relationships": [
    {
      "spdxElementId": "SPDXRef-Package-yifenghuang-GTA_Dataminer",
      "relatedSpdxElement": "SPDXRef-Package-syoyo-tinyexr",
      "relationshipType": "DEPENDS_ON"
    }
  ]
}