{
  "spdxVersion": "SPDX-2.3",
  "dataLicense": "CC0-1.0",
  "SPDXID": "SPDXRef-DOCUMENT",
  "name": "DMRF Dependency Manifest",
  "documentNamespace": "https://github.com/YilingQiao/DMRF/spdx/711129d8cc1600eb611a24f142e3b1a4ede1d267",
  "packages": [
    {
      "name": "DMRF",
      "SPDXID": "SPDXRef-Package-YilingQiao-DMRF",
      "versionInfo": "711129d8cc1600eb611a24f142e3b1a4ede1d267",
      "downloadLocation": "git+https://github.com/YilingQiao/DMRF.git@711129d8cc1600eb611a24f142e3b1a4ede1d267",
      "filesAnalyzed": false
    },
    {
      "name": "tinyexr",
      "SPDXID": "SPDXRef-Package-syoyo-tinyexr",
      "versionInfo": "3ffe5f9d5e673e6e8c378d59b306b2824993e705",
      "downloadLocation": "git+https://github.com/syoyo/tinyexr.git@3ffe5f9d5e673e6e8c378d59b306b2824993e705",
      "filesAnalyzed": false
    }
  ],
  "relationships": [
    {
      "spdxElementId": "SPDXRef-Package-YilingQiao-DMRF",
      "relatedSpdxElement": "SPDXRef-Package-syoyo-tinyexr",
      "relationshipType": "DEPENDS_ON"
    }
  ]
}