{
  "spdxVersion": "SPDX-2.3",
  "dataLicense": "CC0-1.0",
  "SPDXID": "SPDXRef-DOCUMENT",
  "name": "LensSim Dependency Manifest",
  "documentNamespace": "https://github.com/yumcyaWiz/LensSim/spdx/4f9bd695a8a43a562e9dee62462865b9e287e01d",
  "packages": [
    {
      "name": "LensSim",
      "SPDXID": "SPDXRef-Package-yumcyaWiz-LensSim",
      "versionInfo": "4f9bd695a8a43a562e9dee62462865b9e287e01d",
      "downloadLocation": "git+https://github.com/yumcyaWiz/LensSim.git@4f9bd695a8a43a562e9dee62462865b9e287e01d",
      "filesAnalyzed": false
    },
    {
      "name": "tinyexr",
      "SPDXID": "SPDXRef-Package-syoyo-tinyexr",
      "versionInfo": "3ffe5f9d5e673e6e8c378d59b306b2824993e705",
      "downloadLocation": "git+https://github.com/syoyo/tinyexr.git@3ffe5f9d5e673e6e8c378d59b306b2824993e705",
      "filesAnalyzed": false
    }
  ],
  "relationships": [
    {
      "spdxElementId": "SPDXRef-Package-yumcyaWiz-LensSim",
      "relatedSpdxElement": "SPDXRef-Package-syoyo-tinyexr",
      "relationshipType": "DEPENDS_ON"
    }
  ]
}