{
  "spdxVersion": "SPDX-2.3",
  "dataLicense": "CC0-1.0",
  "SPDXID": "SPDXRef-DOCUMENT",
  "name": "Lumen Dependency Manifest",
  "documentNamespace": "https://github.com/yuphin/Lumen/spdx/6a0d35d8d6d48479d4030e4ba87ae06da95d91d4",
  "packages": [
    {
      "name": "Lumen",
      "SPDXID": "SPDXRef-Package-yuphin-Lumen",
      "versionInfo": "6a0d35d8d6d48479d4030e4ba87ae06da95d91d4",
      "downloadLocation": "git+https://github.com/yuphin/Lumen.git@6a0d35d8d6d48479d4030e4ba87ae06da95d91d4",
      "filesAnalyzed": false
    },
    {
      "name": "tinygltf",
      "SPDXID": "SPDXRef-Package-syoyo-tinygltf",
      "versionInfo": "bdc37385f198c787ba143e18f01b06164f8c7d15",
      "downloadLocation": "git+https://github.com/syoyo/tinygltf.git@bdc37385f198c787ba143e18f01b06164f8c7d15",
      "filesAnalyzed": false
    }
  ],
  "relationships": [
    {
      "spdxElementId": "SPDXRef-Package-yuphin-Lumen",
      "relatedSpdxElement": "SPDXRef-Package-syoyo-tinygltf",
      "relationshipType": "DEPENDS_ON"
    }
  ]
}