{
  "spdxVersion": "SPDX-2.3",
  "dataLicense": "CC0-1.0",
  "SPDXID": "SPDXRef-DOCUMENT",
  "name": "zeno Dependency Manifest",
  "documentNamespace": "https://github.com/zenustech/zeno/spdx/56c74cc3ef5ca5d0cc3a9d713f6e4e7788c45979",
  "packages": [
    {
      "name": "zeno",
      "SPDXID": "SPDXRef-Package-zenustech-zeno",
      "versionInfo": "56c74cc3ef5ca5d0cc3a9d713f6e4e7788c45979",
      "downloadLocation": "git+https://github.com/zenustech/zeno.git@56c74cc3ef5ca5d0cc3a9d713f6e4e7788c45979",
      "filesAnalyzed": false
    },
    {
      "name": "tinygltf",
      "SPDXID": "SPDXRef-Package-syoyo-tinygltf",
      "versionInfo": "bdc37385f198c787ba143e18f01b06164f8c7d15",
      "downloadLocation": "git+https://github.com/syoyo/tinygltf.git@bdc37385f198c787ba143e18f01b06164f8c7d15",
      "filesAnalyzed": false
    }
  ],
  "relationships": [
    {
      "spdxElementId": "SPDXRef-Package-zenustech-zeno",
      "relatedSpdxElement": "SPDXRef-Package-syoyo-tinygltf",
      "relationshipType": "DEPENDS_ON"
    }
  ]
}