{
  "spdxVersion": "SPDX-2.3",
  "dataLicense": "CC0-1.0",
  "SPDXID": "SPDXRef-DOCUMENT",
  "name": "ZeroCore Dependency Manifest",
  "documentNamespace": "https://github.com/zeroengineteam/ZeroCore/spdx/14dc0df801b4351a2e9dfa3ce2dc27f68f8c3e28",
  "packages": [
    {
      "name": "ZeroCore",
      "SPDXID": "SPDXRef-Package-zeroengineteam-ZeroCore",
      "versionInfo": "14dc0df801b4351a2e9dfa3ce2dc27f68f8c3e28",
      "downloadLocation": "git+https://github.com/zeroengineteam/ZeroCore.git@14dc0df801b4351a2e9dfa3ce2dc27f68f8c3e28",
      "filesAnalyzed": false
    },
    {
      "name": "Raytracer",
      "SPDXID": "SPDXRef-Package-Witek902-Raytracer",
      "versionInfo": "3e38a82a5ea28e64793e98efc5b8e2643ceb8e9d",
      "downloadLocation": "git+https://github.com/Witek902/Raytracer.git@3e38a82a5ea28e64793e98efc5b8e2643ceb8e9d",
      "filesAnalyzed": false
    }
  ],
  "relationships": [
    {
      "spdxElementId": "SPDXRef-Package-zeroengineteam-ZeroCore",
      "relatedSpdxElement": "SPDXRef-Package-Witek902-Raytracer",
      "relationshipType": "DEPENDS_ON"
    }
  ]
}