{
  "spdxVersion": "SPDX-2.3",
  "dataLicense": "CC0-1.0",
  "SPDXID": "SPDXRef-DOCUMENT",
  "name": "InnocenceEngine Dependency Manifest",
  "documentNamespace": "https://github.com/zhangdoa/InnocenceEngine/spdx/57868b241c402929e7131ed15861d4ebc62282a0",
  "packages": [
    {
      "name": "InnocenceEngine",
      "SPDXID": "SPDXRef-Package-zhangdoa-InnocenceEngine",
      "versionInfo": "57868b241c402929e7131ed15861d4ebc62282a0",
      "downloadLocation": "git+https://github.com/zhangdoa/InnocenceEngine.git@57868b241c402929e7131ed15861d4ebc62282a0",
      "filesAnalyzed": false
    },
    {
      "name": "Raytracer",
      "SPDXID": "SPDXRef-Package-Witek902-Raytracer",
      "versionInfo": "3e38a82a5ea28e64793e98efc5b8e2643ceb8e9d",
      "downloadLocation": "git+https://github.com/Witek902/Raytracer.git@3e38a82a5ea28e64793e98efc5b8e2643ceb8e9d",
      "filesAnalyzed": false
    }
  ],
  "relationships": [
    {
      "spdxElementId": "SPDXRef-Package-zhangdoa-InnocenceEngine",
      "relatedSpdxElement": "SPDXRef-Package-Witek902-Raytracer",
      "relationshipType": "DEPENDS_ON"
    }
  ]
}