{
  "spdxVersion": "SPDX-2.3",
  "dataLicense": "CC0-1.0",
  "SPDXID": "SPDXRef-DOCUMENT",
  "name": "Monte-Carlo-Path-Tracing Dependency Manifest",
  "documentNamespace": "https://github.com/zhiwei-c/Monte-Carlo-Path-Tracing/spdx/7482bda9b6be617e8bc5cef06a274ba1e1a7e914",
  "packages": [
    {
      "name": "Monte-Carlo-Path-Tracing",
      "SPDXID": "SPDXRef-Package-zhiwei-c-Monte-Carlo-Path-Tracing",
      "versionInfo": "7482bda9b6be617e8bc5cef06a274ba1e1a7e914",
      "downloadLocation": "git+https://github.com/zhiwei-c/Monte-Carlo-Path-Tracing.git@7482bda9b6be617e8bc5cef06a274ba1e1a7e914",
      "filesAnalyzed": false
    },
    {
      "name": "tinyexr",
      "SPDXID": "SPDXRef-Package-syoyo-tinyexr",
      "versionInfo": "3ffe5f9d5e673e6e8c378d59b306b2824993e705",
      "downloadLocation": "git+https://github.com/syoyo/tinyexr.git@3ffe5f9d5e673e6e8c378d59b306b2824993e705",
      "filesAnalyzed": false
    }
  ],
  "relationships": [
    {
      "spdxElementId": "SPDXRef-Package-zhiwei-c-Monte-Carlo-Path-Tracing",
      "relatedSpdxElement": "SPDXRef-Package-syoyo-tinyexr",
      "relationshipType": "DEPENDS_ON"
    }
  ]
}