{
  "spdxVersion": "SPDX-2.3",
  "dataLicense": "CC0-1.0",
  "SPDXID": "SPDXRef-DOCUMENT",
  "name": "skp2gltf Dependency Manifest",
  "documentNamespace": "https://github.com/zhuzhaoyun/skp2gltf/spdx/ea1cf874ed0ecfda2d7e171dae5ebe3c3b650248",
  "packages": [
    {
      "name": "skp2gltf",
      "SPDXID": "SPDXRef-Package-zhuzhaoyun-skp2gltf",
      "versionInfo": "ea1cf874ed0ecfda2d7e171dae5ebe3c3b650248",
      "downloadLocation": "git+https://github.com/zhuzhaoyun/skp2gltf.git@ea1cf874ed0ecfda2d7e171dae5ebe3c3b650248",
      "filesAnalyzed": false
    },
    {
      "name": "tinygltf",
      "SPDXID": "SPDXRef-Package-syoyo-tinygltf",
      "versionInfo": "bdc37385f198c787ba143e18f01b06164f8c7d15",
      "downloadLocation": "git+https://github.com/syoyo/tinygltf.git@bdc37385f198c787ba143e18f01b06164f8c7d15",
      "filesAnalyzed": false
    }
  ],
  "relationships": [
    {
      "spdxElementId": "SPDXRef-Package-zhuzhaoyun-skp2gltf",
      "relatedSpdxElement": "SPDXRef-Package-syoyo-tinygltf",
      "relationshipType": "DEPENDS_ON"
    }
  ]
}