{
  "spdxVersion": "SPDX-2.3",
  "dataLicense": "CC0-1.0",
  "SPDXID": "SPDXRef-DOCUMENT",
  "name": "INSTA Dependency Manifest",
  "documentNamespace": "https://github.com/Zielon/INSTA/spdx/39827018dff9fef7e34bbe14e54077a5cbc01d5b",
  "packages": [
    {
      "name": "INSTA",
      "SPDXID": "SPDXRef-Package-Zielon-INSTA",
      "versionInfo": "39827018dff9fef7e34bbe14e54077a5cbc01d5b",
      "downloadLocation": "git+https://github.com/Zielon/INSTA.git@39827018dff9fef7e34bbe14e54077a5cbc01d5b",
      "filesAnalyzed": false
    },
    {
      "name": "tinyexr",
      "SPDXID": "SPDXRef-Package-syoyo-tinyexr",
      "versionInfo": "3ffe5f9d5e673e6e8c378d59b306b2824993e705",
      "downloadLocation": "git+https://github.com/syoyo/tinyexr.git@3ffe5f9d5e673e6e8c378d59b306b2824993e705",
      "filesAnalyzed": false
    }
  ],
  "relationships": [
    {
      "spdxElementId": "SPDXRef-Package-Zielon-INSTA",
      "relatedSpdxElement": "SPDXRef-Package-syoyo-tinyexr",
      "relationshipType": "DEPENDS_ON"
    }
  ]
}