{
  "spdxVersion": "SPDX-2.3",
  "dataLicense": "CC0-1.0",
  "SPDXID": "SPDXRef-DOCUMENT",
  "name": "PBRVulkan Dependency Manifest",
  "documentNamespace": "https://github.com/Zielon/PBRVulkan/spdx/10704f91659a9a5f0cb1e9ffa300f1a98eb95f98",
  "packages": [
    {
      "name": "PBRVulkan",
      "SPDXID": "SPDXRef-Package-Zielon-PBRVulkan",
      "versionInfo": "10704f91659a9a5f0cb1e9ffa300f1a98eb95f98",
      "downloadLocation": "git+https://github.com/Zielon/PBRVulkan.git@10704f91659a9a5f0cb1e9ffa300f1a98eb95f98",
      "filesAnalyzed": false
    },
    {
      "name": "Raytracer",
      "SPDXID": "SPDXRef-Package-Witek902-Raytracer",
      "versionInfo": "3e38a82a5ea28e64793e98efc5b8e2643ceb8e9d",
      "downloadLocation": "git+https://github.com/Witek902/Raytracer.git@3e38a82a5ea28e64793e98efc5b8e2643ceb8e9d",
      "filesAnalyzed": false
    }
  ],
  "relationships": [
    {
      "spdxElementId": "SPDXRef-Package-Zielon-PBRVulkan",
      "relatedSpdxElement": "SPDXRef-Package-Witek902-Raytracer",
      "relationshipType": "DEPENDS_ON"
    }
  ]
}