{
  "spdxVersion": "SPDX-2.3",
  "dataLicense": "CC0-1.0",
  "SPDXID": "SPDXRef-DOCUMENT",
  "name": "INGP-RFL Dependency Manifest",
  "documentNamespace": "https://github.com/ziyi-zhang/INGP-RFL/spdx/d5054d5916f3fd9bb75199e5e28bff40972fc9e5",
  "packages": [
    {
      "name": "INGP-RFL",
      "SPDXID": "SPDXRef-Package-ziyi-zhang-INGP-RFL",
      "versionInfo": "d5054d5916f3fd9bb75199e5e28bff40972fc9e5",
      "downloadLocation": "git+https://github.com/ziyi-zhang/INGP-RFL.git@d5054d5916f3fd9bb75199e5e28bff40972fc9e5",
      "filesAnalyzed": false
    },
    {
      "name": "tinyexr",
      "SPDXID": "SPDXRef-Package-syoyo-tinyexr",
      "versionInfo": "3ffe5f9d5e673e6e8c378d59b306b2824993e705",
      "downloadLocation": "git+https://github.com/syoyo/tinyexr.git@3ffe5f9d5e673e6e8c378d59b306b2824993e705",
      "filesAnalyzed": false
    }
  ],
  "relationships": [
    {
      "spdxElementId": "SPDXRef-Package-ziyi-zhang-INGP-RFL",
      "relatedSpdxElement": "SPDXRef-Package-syoyo-tinyexr",
      "relationshipType": "DEPENDS_ON"
    }
  ]
}