{
  "spdxVersion": "SPDX-2.3",
  "dataLicense": "CC0-1.0",
  "SPDXID": "SPDXRef-DOCUMENT",
  "name": "godot_voxel Dependency Manifest",
  "documentNamespace": "https://github.com/Zylann/godot_voxel/spdx/ea02d19c5d505369b8e0591d39bd2bc2f89472cd",
  "packages": [
    {
      "name": "godot_voxel",
      "SPDXID": "SPDXRef-Package-Zylann-godot_voxel",
      "versionInfo": "ea02d19c5d505369b8e0591d39bd2bc2f89472cd",
      "downloadLocation": "git+https://github.com/Zylann/godot_voxel.git@ea02d19c5d505369b8e0591d39bd2bc2f89472cd",
      "filesAnalyzed": false
    },
    {
      "name": "godot",
      "SPDXID": "SPDXRef-Package-godotengine-godot",
      "versionInfo": "5cba18ff3bbe5adc9b4a8d7e970084979014b5f4",
      "downloadLocation": "git+https://github.com/godotengine/godot.git@5cba18ff3bbe5adc9b4a8d7e970084979014b5f4",
      "filesAnalyzed": false
    }
  ],
  "relationships": [
    {
      "spdxElementId": "SPDXRef-Package-Zylann-godot_voxel",
      "relatedSpdxElement": "SPDXRef-Package-godotengine-godot",
      "relationshipType": "DEPENDS_ON"
    }
  ]
}